2026-02-06 20:18:52,007 [INFO] 🚀 Starting IMAP IDLE listener for 5 account(s)
2026-02-06 20:18:52,007 [INFO] 🔌 Connecting to dparmeev@luminesfox.com@mail.hosting.reg.ru...
2026-02-06 20:18:52,008 [INFO] 🔌 Connecting to spam@jakeberrimor.com@mail.hosting.reg.ru...
2026-02-06 20:18:52,008 [INFO] 🔌 Connecting to contact@jakeberrimor.com@mail.hosting.reg.ru...
2026-02-06 20:18:52,008 [INFO] 🔌 Connecting to contact@luminesfox.com@mail.hosting.reg.ru...
2026-02-06 20:18:52,008 [INFO] 🔌 Connecting to a.parmeev@jakeberrimor.com@mail.hosting.reg.ru...
2026-02-06 20:18:52,642 [INFO] 📬 contact@jakeberrimor.com: Starting from UID 421
2026-02-06 20:18:52,666 [INFO] 📬 a.parmeev@jakeberrimor.com: Starting from UID 10
2026-02-06 20:18:52,673 [INFO] 📬 contact@luminesfox.com: Starting from UID 72
2026-02-06 20:18:52,688 [INFO] ✅ contact@jakeberrimor.com: IDLE monitoring active
2026-02-06 20:18:52,705 [INFO] 📬 spam@jakeberrimor.com: Starting from UID 488
2026-02-06 20:18:52,713 [INFO] ✅ a.parmeev@jakeberrimor.com: IDLE monitoring active
2026-02-06 20:18:52,718 [INFO] ✅ contact@luminesfox.com: IDLE monitoring active
2026-02-06 20:18:52,721 [INFO] 📬 dparmeev@luminesfox.com: Starting from UID 2373
2026-02-06 20:18:52,752 [INFO] ✅ spam@jakeberrimor.com: IDLE monitoring active
2026-02-06 20:18:52,768 [INFO] ✅ dparmeev@luminesfox.com: IDLE monitoring active
2026-02-06 20:19:21,547 [INFO] 🚀 Starting IMAP IDLE listener for 5 account(s)
2026-02-06 20:19:21,548 [INFO] 🔌 Connecting to dparmeev@luminesfox.com@mail.hosting.reg.ru...
2026-02-06 20:19:21,548 [INFO] 🔌 Connecting to spam@jakeberrimor.com@mail.hosting.reg.ru...
2026-02-06 20:19:21,548 [INFO] 🔌 Connecting to contact@jakeberrimor.com@mail.hosting.reg.ru...
2026-02-06 20:19:21,548 [INFO] 🔌 Connecting to contact@luminesfox.com@mail.hosting.reg.ru...
2026-02-06 20:19:21,548 [INFO] 🔌 Connecting to a.parmeev@jakeberrimor.com@mail.hosting.reg.ru...
2026-02-06 20:19:22,170 [INFO] 📬 a.parmeev@jakeberrimor.com: Starting from UID 10
2026-02-06 20:19:22,175 [INFO] 📬 contact@jakeberrimor.com: Starting from UID 421
2026-02-06 20:19:22,193 [INFO] 📬 spam@jakeberrimor.com: Starting from UID 488
2026-02-06 20:19:22,217 [INFO] ✅ a.parmeev@jakeberrimor.com: IDLE monitoring active
2026-02-06 20:19:22,222 [INFO] ✅ contact@jakeberrimor.com: IDLE monitoring active
2026-02-06 20:19:22,467 [INFO] 📬 dparmeev@luminesfox.com: Starting from UID 2373
2026-02-06 20:19:22,488 [INFO] ✅ spam@jakeberrimor.com: IDLE monitoring active
2026-02-06 20:19:22,513 [INFO] ✅ dparmeev@luminesfox.com: IDLE monitoring active
2026-02-06 20:19:23,173 [INFO] 📬 contact@luminesfox.com: Starting from UID 72
2026-02-06 20:19:23,220 [INFO] ✅ contact@luminesfox.com: IDLE monitoring active
2026-02-06 20:19:47,285 [INFO] 📨 a.parmeev@jakeberrimor.com: IDLE notification received
2026-02-06 20:19:47,619 [INFO] ✅ Webhook triggered for a.parmeev@jakeberrimor.com: Jake <notifications@github.com>
2026-02-06 20:19:59,402 [INFO] 📨 a.parmeev@jakeberrimor.com: IDLE notification received
2026-02-06 20:19:59,650 [INFO] ✅ Webhook triggered for a.parmeev@jakeberrimor.com: Jake <notifications@github.com>
2026-02-06 20:20:09,241 [INFO] 📨 contact@luminesfox.com: IDLE notification received
2026-02-06 20:20:09,283 [INFO] 📨 contact@jakeberrimor.com: IDLE notification received
2026-02-06 20:20:09,559 [INFO] 📨 dparmeev@luminesfox.com: IDLE notification received
2026-02-06 20:20:09,671 [INFO] 📨 a.parmeev@jakeberrimor.com: IDLE notification received
2026-02-06 20:20:09,750 [INFO] 📨 contact@jakeberrimor.com: IDLE notification received
2026-02-06 20:20:12,481 [INFO] 📨 spam@jakeberrimor.com: IDLE notification received
2026-02-06 20:20:16,414 [INFO] 📨 dparmeev@luminesfox.com: IDLE notification received
2026-02-06 20:20:16,919 [INFO] 📨 spam@jakeberrimor.com: IDLE notification received
2026-02-06 20:20:17,418 [INFO] 📨 contact@luminesfox.com: IDLE notification received
2026-02-06 20:20:19,420 [INFO] 📨 a.parmeev@jakeberrimor.com: IDLE notification received
2026-02-06 20:22:09,558 [INFO] 📨 contact@jakeberrimor.com: IDLE notification received
2026-02-06 20:22:09,563 [INFO] 📨 contact@luminesfox.com: IDLE notification received
2026-02-06 20:22:09,760 [INFO] 📨 contact@luminesfox.com: IDLE notification received
2026-02-06 20:22:09,964 [INFO] 📨 dparmeev@luminesfox.com: IDLE notification received
2026-02-06 20:22:10,026 [INFO] 📨 a.parmeev@jakeberrimor.com: IDLE notification received
2026-02-06 20:22:10,066 [INFO] 📨 contact@jakeberrimor.com: IDLE notification received
2026-02-06 20:22:10,511 [INFO] 📨 a.parmeev@jakeberrimor.com: IDLE notification received
2026-02-06 20:22:12,015 [INFO] 📨 spam@jakeberrimor.com: IDLE notification received
2026-02-06 20:22:14,513 [INFO] 📨 dparmeev@luminesfox.com: IDLE notification received
2026-02-06 20:22:19,519 [INFO] 📨 spam@jakeberrimor.com: IDLE notification received
2026-02-06 20:24:09,349 [INFO] 📨 dparmeev@luminesfox.com: IDLE notification received
2026-02-06 20:24:09,612 [INFO] 📨 contact@jakeberrimor.com: IDLE notification received
2026-02-06 20:24:09,868 [INFO] 📨 contact@jakeberrimor.com: IDLE notification received
2026-02-06 20:24:09,876 [INFO] 📨 contact@luminesfox.com: IDLE notification received
2026-02-06 20:24:10,120 [INFO] 📨 dparmeev@luminesfox.com: IDLE notification received
2026-02-06 20:24:11,213 [INFO] 📨 spam@jakeberrimor.com: IDLE notification received
2026-02-06 20:24:24,129 [INFO] 📨 contact@luminesfox.com: IDLE notification received
2026-02-06 20:24:26,156 [INFO] 📨 spam@jakeberrimor.com: IDLE notification received
2026-02-06 20:24:28,133 [INFO] 📨 a.parmeev@jakeberrimor.com: IDLE notification received
2026-02-06 20:24:31,123 [INFO] 📨 a.parmeev@jakeberrimor.com: IDLE notification received
2026-02-06 20:26:09,136 [INFO] 📨 contact@jakeberrimor.com: IDLE notification received
2026-02-06 20:26:09,187 [INFO] 📨 contact@luminesfox.com: IDLE notification received
2026-02-06 20:26:09,935 [INFO] 📨 contact@jakeberrimor.com: IDLE notification received
2026-02-06 20:26:10,396 [INFO] 📨 dparmeev@luminesfox.com: IDLE notification received
2026-02-06 20:26:12,331 [INFO] 📨 a.parmeev@jakeberrimor.com: IDLE notification received
2026-02-06 20:26:15,344 [INFO] 📨 contact@luminesfox.com: IDLE notification received
2026-02-06 20:26:18,347 [INFO] 📨 spam@jakeberrimor.com: IDLE notification received
2026-02-06 20:26:19,345 [INFO] 📨 dparmeev@luminesfox.com: IDLE notification received
2026-02-06 20:26:19,367 [INFO] 📨 a.parmeev@jakeberrimor.com: IDLE notification received
2026-02-06 20:26:20,399 [INFO] 📨 spam@jakeberrimor.com: IDLE notification received
2026-02-06 20:28:09,469 [INFO] 📨 contact@jakeberrimor.com: IDLE notification received
2026-02-06 20:28:09,506 [INFO] 📨 contact@jakeberrimor.com: IDLE notification received
2026-02-06 20:28:09,514 [INFO] 📨 contact@luminesfox.com: IDLE notification received
2026-02-06 20:28:09,667 [INFO] 📨 contact@luminesfox.com: IDLE notification received
2026-02-06 20:28:09,707 [INFO] 📨 dparmeev@luminesfox.com: IDLE notification received
2026-02-06 20:28:09,921 [INFO] 📨 a.parmeev@jakeberrimor.com: IDLE notification received
2026-02-06 20:28:13,178 [INFO] 📨 dparmeev@luminesfox.com: IDLE notification received
2026-02-06 20:28:13,186 [INFO] 📨 spam@jakeberrimor.com: IDLE notification received
2026-02-06 20:28:13,192 [INFO] 📨 a.parmeev@jakeberrimor.com: IDLE notification received
2026-02-06 20:28:19,444 [INFO] 📨 spam@jakeberrimor.com: IDLE notification received
2026-02-06 20:30:09,270 [INFO] 📨 a.parmeev@jakeberrimor.com: IDLE notification received
2026-02-06 20:30:09,790 [INFO] 📨 contact@jakeberrimor.com: IDLE notification received
2026-02-06 20:30:09,823 [INFO] 📨 contact@luminesfox.com: IDLE notification received
2026-02-06 20:30:09,835 [INFO] 📨 contact@jakeberrimor.com: IDLE notification received
2026-02-06 20:30:10,091 [INFO] 📨 dparmeev@luminesfox.com: IDLE notification received
2026-02-06 20:30:10,306 [INFO] 📨 dparmeev@luminesfox.com: IDLE notification received
2026-02-06 20:30:10,740 [INFO] 📨 spam@jakeberrimor.com: IDLE notification received
2026-02-06 20:30:19,436 [INFO] 📨 a.parmeev@jakeberrimor.com: IDLE notification received
2026-02-06 20:30:23,452 [INFO] 📨 contact@luminesfox.com: IDLE notification received
2026-02-06 20:30:27,445 [INFO] 📨 spam@jakeberrimor.com: IDLE notification received
2026-02-06 20:32:09,121 [INFO] 📨 contact@jakeberrimor.com: IDLE notification received
2026-02-06 20:32:09,469 [INFO] 📨 spam@jakeberrimor.com: IDLE notification received
2026-02-06 20:32:09,577 [INFO] 📨 a.parmeev@jakeberrimor.com: IDLE notification received
2026-02-06 20:32:10,115 [INFO] 📨 contact@jakeberrimor.com: IDLE notification received
2026-02-06 20:32:15,556 [INFO] 📨 spam@jakeberrimor.com: IDLE notification received
2026-02-06 20:32:15,848 [INFO] 📨 dparmeev@luminesfox.com: IDLE notification received
2026-02-06 20:32:26,235 [INFO] 📨 dparmeev@luminesfox.com: IDLE notification received
2026-02-06 20:32:26,262 [INFO] 📨 a.parmeev@jakeberrimor.com: IDLE notification received
2026-02-06 20:32:36,160 [INFO] 📨 contact@luminesfox.com: IDLE notification received
2026-02-06 20:32:36,169 [INFO] 📨 contact@luminesfox.com: IDLE notification received
2026-02-06 20:34:09,447 [INFO] 📨 contact@jakeberrimor.com: IDLE notification received
2026-02-06 20:34:09,455 [INFO] 📨 contact@jakeberrimor.com: IDLE notification received
2026-02-06 20:34:09,906 [INFO] 📨 a.parmeev@jakeberrimor.com: IDLE notification received
2026-02-06 20:34:11,238 [INFO] 📨 contact@luminesfox.com: IDLE notification received
2026-02-06 20:34:11,244 [INFO] 📨 dparmeev@luminesfox.com: IDLE notification received
2026-02-06 20:34:11,248 [INFO] 📨 spam@jakeberrimor.com: IDLE notification received
2026-02-06 20:34:13,238 [INFO] 📨 dparmeev@luminesfox.com: IDLE notification received
2026-02-06 20:34:17,785 [INFO] 📨 contact@luminesfox.com: IDLE notification received
2026-02-06 20:34:18,244 [INFO] 📨 spam@jakeberrimor.com: IDLE notification received
2026-02-06 20:34:20,054 [INFO] 📨 a.parmeev@jakeberrimor.com: IDLE notification received
2026-02-06 20:36:09,230 [INFO] 📨 a.parmeev@jakeberrimor.com: IDLE notification received
2026-02-06 20:36:09,563 [INFO] 📨 contact@luminesfox.com: IDLE notification received
2026-02-06 20:36:09,643 [INFO] 📨 dparmeev@luminesfox.com: IDLE notification received
2026-02-06 20:36:09,962 [INFO] 📨 contact@jakeberrimor.com: IDLE notification received
2026-02-06 20:36:13,106 [INFO] 📨 spam@jakeberrimor.com: IDLE notification received
2026-02-06 20:36:13,358 [INFO] 📨 a.parmeev@jakeberrimor.com: IDLE notification received
2026-02-06 20:36:13,948 [INFO] 📨 contact@jakeberrimor.com: IDLE notification received
2026-02-06 20:36:15,349 [INFO] 📨 spam@jakeberrimor.com: IDLE notification received
2026-02-06 20:36:16,350 [INFO] 📨 contact@luminesfox.com: IDLE notification received
2026-02-06 20:36:17,350 [INFO] 📨 dparmeev@luminesfox.com: IDLE notification received
2026-02-06 20:38:09,237 [INFO] 📨 contact@jakeberrimor.com: IDLE notification received
2026-02-06 20:38:09,313 [INFO] 📨 contact@jakeberrimor.com: IDLE notification received
2026-02-06 20:38:09,550 [INFO] 📨 a.parmeev@jakeberrimor.com: IDLE notification received
2026-02-06 20:38:09,693 [INFO] 📨 dparmeev@luminesfox.com: IDLE notification received
2026-02-06 20:38:10,005 [INFO] 📨 dparmeev@luminesfox.com: IDLE notification received
2026-02-06 20:38:10,152 [INFO] 📨 contact@luminesfox.com: IDLE notification received
2026-02-06 20:38:11,524 [INFO] 📨 spam@jakeberrimor.com: IDLE notification received
2026-02-06 20:38:15,472 [INFO] 📨 spam@jakeberrimor.com: IDLE notification received
2026-02-06 20:38:20,454 [INFO] 📨 contact@luminesfox.com: IDLE notification received
2026-02-06 20:38:28,476 [INFO] 📨 a.parmeev@jakeberrimor.com: IDLE notification received
2026-02-06 20:40:09,158 [INFO] 📨 a.parmeev@jakeberrimor.com: IDLE notification received
2026-02-06 20:40:09,512 [INFO] 📨 contact@jakeberrimor.com: IDLE notification received
2026-02-06 20:40:09,641 [INFO] 📨 contact@jakeberrimor.com: IDLE notification received
2026-02-06 20:40:09,739 [INFO] 📨 contact@luminesfox.com: IDLE notification received
2026-02-06 20:40:09,784 [INFO] 📨 a.parmeev@jakeberrimor.com: IDLE notification received
2026-02-06 20:40:09,837 [INFO] 📨 spam@jakeberrimor.com: IDLE notification received
2026-02-06 20:40:10,051 [INFO] 📨 dparmeev@luminesfox.com: IDLE notification received
2026-02-06 20:40:12,047 [INFO] 📨 dparmeev@luminesfox.com: IDLE notification received
2026-02-06 20:40:12,048 [INFO] 📨 contact@luminesfox.com: IDLE notification received
2026-02-06 20:40:19,051 [INFO] 📨 spam@jakeberrimor.com: IDLE notification received
2026-02-06 20:42:09,469 [INFO] 📨 dparmeev@luminesfox.com: IDLE notification received
2026-02-06 20:42:09,582 [INFO] 📨 contact@luminesfox.com: IDLE notification received
2026-02-06 20:42:09,698 [INFO] 📨 a.parmeev@jakeberrimor.com: IDLE notification received
2026-02-06 20:42:09,898 [INFO] 📨 contact@jakeberrimor.com: IDLE notification received
2026-02-06 20:42:09,949 [INFO] 📨 contact@jakeberrimor.com: IDLE notification received
2026-02-06 20:42:10,114 [INFO] 📨 a.parmeev@jakeberrimor.com: IDLE notification received
2026-02-06 20:42:14,384 [INFO] 📨 dparmeev@luminesfox.com: IDLE notification received
2026-02-06 20:42:16,385 [INFO] 📨 spam@jakeberrimor.com: IDLE notification received
2026-02-06 20:42:20,388 [INFO] 📨 contact@luminesfox.com: IDLE notification received
2026-02-06 20:42:21,401 [INFO] 📨 spam@jakeberrimor.com: IDLE notification received
2026-02-06 20:44:09,194 [INFO] 📨 contact@jakeberrimor.com: IDLE notification received
2026-02-06 20:44:09,301 [INFO] 📨 contact@jakeberrimor.com: IDLE notification received
2026-02-06 20:44:09,870 [INFO] 📨 dparmeev@luminesfox.com: IDLE notification received
2026-02-06 20:44:09,935 [INFO] 📨 contact@luminesfox.com: IDLE notification received
2026-02-06 20:44:10,002 [INFO] 📨 a.parmeev@jakeberrimor.com: IDLE notification received
2026-02-06 20:44:15,382 [INFO] 📨 contact@luminesfox.com: IDLE notification received
2026-02-06 20:44:15,489 [INFO] 📨 a.parmeev@jakeberrimor.com: IDLE notification received
2026-02-06 20:44:18,488 [INFO] 📨 spam@jakeberrimor.com: IDLE notification received
2026-02-06 20:44:18,528 [INFO] 📨 spam@jakeberrimor.com: IDLE notification received
2026-02-06 20:44:21,489 [INFO] 📨 dparmeev@luminesfox.com: IDLE notification received
2026-02-06 20:46:09,249 [INFO] 📨 dparmeev@luminesfox.com: IDLE notification received
2026-02-06 20:46:09,251 [INFO] 📨 contact@luminesfox.com: IDLE notification received
2026-02-06 20:46:09,280 [INFO] 📨 dparmeev@luminesfox.com: IDLE notification received
2026-02-06 20:46:09,299 [INFO] 📨 a.parmeev@jakeberrimor.com: IDLE notification received
2026-02-06 20:46:09,478 [INFO] 📨 contact@jakeberrimor.com: IDLE notification received
2026-02-06 20:46:09,790 [INFO] 📨 contact@luminesfox.com: IDLE notification received
2026-02-06 20:46:09,814 [INFO] 📨 a.parmeev@jakeberrimor.com: IDLE notification received
2026-02-06 20:46:09,853 [INFO] 📨 contact@jakeberrimor.com: IDLE notification received
2026-02-06 20:46:25,192 [INFO] 📨 spam@jakeberrimor.com: IDLE notification received
2026-02-06 20:46:25,203 [INFO] 📨 spam@jakeberrimor.com: IDLE notification received
2026-02-06 20:48:09,492 [INFO] 📨 contact@jakeberrimor.com: IDLE notification received
2026-02-06 20:48:09,780 [INFO] 📨 dparmeev@luminesfox.com: IDLE notification received
2026-02-06 20:48:09,805 [INFO] 📨 contact@luminesfox.com: IDLE notification received
2026-02-06 20:48:10,055 [INFO] 📨 contact@jakeberrimor.com: IDLE notification received
2026-02-06 20:48:13,450 [INFO] 📨 spam@jakeberrimor.com: IDLE notification received
2026-02-06 20:48:15,292 [INFO] 📨 spam@jakeberrimor.com: IDLE notification received
2026-02-06 20:48:17,278 [INFO] 📨 a.parmeev@jakeberrimor.com: IDLE notification received
2026-02-06 20:48:19,276 [INFO] 📨 dparmeev@luminesfox.com: IDLE notification received
2026-02-06 20:48:19,281 [INFO] 📨 contact@luminesfox.com: IDLE notification received
2026-02-06 20:48:21,275 [INFO] 📨 a.parmeev@jakeberrimor.com: IDLE notification received
2026-02-06 21:02:52,704 [INFO] 🚀 Starting IMAP IDLE listener for 5 account(s)
2026-02-06 21:02:52,704 [INFO] 🔌 Connecting to dparmeev@luminesfox.com@mail.hosting.reg.ru...
2026-02-06 21:02:52,704 [INFO] 🔌 Connecting to spam@jakeberrimor.com@mail.hosting.reg.ru...
2026-02-06 21:02:52,704 [INFO] 🔌 Connecting to contact@jakeberrimor.com@mail.hosting.reg.ru...
2026-02-06 21:02:52,704 [INFO] 🔌 Connecting to contact@luminesfox.com@mail.hosting.reg.ru...
2026-02-06 21:02:52,704 [INFO] 🔌 Connecting to a.parmeev@jakeberrimor.com@mail.hosting.reg.ru...
2026-02-06 21:02:53,327 [INFO] 📬 a.parmeev@jakeberrimor.com: Starting from UID 12
2026-02-06 21:02:53,373 [INFO] ✅ a.parmeev@jakeberrimor.com: IDLE monitoring active
2026-02-06 21:02:53,382 [INFO] 📬 dparmeev@luminesfox.com: Starting from UID 2373
2026-02-06 21:02:53,423 [INFO] 📬 spam@jakeberrimor.com: Starting from UID 488
2026-02-06 21:02:53,429 [INFO] ✅ dparmeev@luminesfox.com: IDLE monitoring active
2026-02-06 21:02:53,469 [INFO] ✅ spam@jakeberrimor.com: IDLE monitoring active
2026-02-06 21:02:53,634 [INFO] 📬 contact@luminesfox.com: Starting from UID 72
2026-02-06 21:02:53,681 [INFO] ✅ contact@luminesfox.com: IDLE monitoring active
2026-02-06 21:02:53,817 [INFO] 📬 contact@jakeberrimor.com: Starting from UID 421
2026-02-06 21:02:53,863 [INFO] ✅ contact@jakeberrimor.com: IDLE monitoring active
2026-02-06 21:04:09,443 [INFO] 📨 a.parmeev@jakeberrimor.com: IDLE notification received
2026-02-06 21:04:09,463 [INFO] 📨 dparmeev@luminesfox.com: IDLE notification received
2026-02-06 21:04:09,545 [INFO] 📨 spam@jakeberrimor.com: IDLE notification received
2026-02-06 21:04:09,754 [INFO] 📨 contact@luminesfox.com: IDLE notification received
2026-02-06 21:04:09,926 [INFO] 📨 contact@jakeberrimor.com: IDLE notification received
2026-02-06 21:06:09,231 [INFO] 📨 contact@luminesfox.com: IDLE notification received
2026-02-06 21:06:09,231 [INFO] 📨 contact@jakeberrimor.com: IDLE notification received
2026-02-06 21:06:09,781 [INFO] 📨 a.parmeev@jakeberrimor.com: IDLE notification received
2026-02-06 21:06:09,819 [INFO] 📨 dparmeev@luminesfox.com: IDLE notification received
2026-02-06 21:06:09,890 [INFO] 📨 spam@jakeberrimor.com: IDLE notification received
2026-02-06 21:08:09,212 [INFO] 📨 dparmeev@luminesfox.com: IDLE notification received
2026-02-06 21:08:09,220 [INFO] 📨 spam@jakeberrimor.com: IDLE notification received
2026-02-06 21:08:09,546 [INFO] 📨 contact@jakeberrimor.com: IDLE notification received
2026-02-06 21:08:09,550 [INFO] 📨 contact@luminesfox.com: IDLE notification received
2026-02-06 21:08:10,128 [INFO] 📨 a.parmeev@jakeberrimor.com: IDLE notification received
2026-02-06 21:10:09,469 [INFO] 📨 a.parmeev@jakeberrimor.com: IDLE notification received
2026-02-06 21:10:09,544 [INFO] 📨 spam@jakeberrimor.com: IDLE notification received
2026-02-06 21:10:09,589 [INFO] 📨 dparmeev@luminesfox.com: IDLE notification received
2026-02-06 21:10:09,889 [INFO] 📨 contact@jakeberrimor.com: IDLE notification received
2026-02-06 21:10:10,388 [INFO] 📨 contact@luminesfox.com: IDLE notification received
2026-02-06 21:12:09,202 [INFO] 📨 contact@jakeberrimor.com: IDLE notification received
2026-02-06 21:12:09,734 [INFO] 📨 contact@luminesfox.com: IDLE notification received
2026-02-06 21:12:09,816 [INFO] 📨 a.parmeev@jakeberrimor.com: IDLE notification received
2026-02-06 21:12:09,891 [INFO] 📨 spam@jakeberrimor.com: IDLE notification received
2026-02-06 21:12:10,521 [INFO] 📨 dparmeev@luminesfox.com: IDLE notification received
2026-02-06 21:14:09,143 [INFO] 📨 a.parmeev@jakeberrimor.com: IDLE notification received
2026-02-06 21:14:09,209 [INFO] 📨 spam@jakeberrimor.com: IDLE notification received
2026-02-06 21:14:09,493 [INFO] 📨 contact@jakeberrimor.com: IDLE notification received
2026-02-06 21:14:09,870 [INFO] 📨 dparmeev@luminesfox.com: IDLE notification received
2026-02-06 21:14:10,250 [INFO] 📨 contact@luminesfox.com: IDLE notification received
2026-02-06 21:16:09,241 [INFO] 📨 dparmeev@luminesfox.com: IDLE notification received
2026-02-06 21:16:09,462 [INFO] 📨 a.parmeev@jakeberrimor.com: IDLE notification received
2026-02-06 21:16:09,533 [INFO] 📨 spam@jakeberrimor.com: IDLE notification received
2026-02-06 21:16:09,536 [INFO] 📨 contact@luminesfox.com: IDLE notification received
2026-02-06 21:16:09,816 [INFO] 📨 contact@jakeberrimor.com: IDLE notification received
2026-02-06 21:18:09,125 [INFO] 📨 contact@jakeberrimor.com: IDLE notification received
2026-02-06 21:18:09,641 [INFO] 📨 dparmeev@luminesfox.com: IDLE notification received
2026-02-06 21:18:09,880 [INFO] 📨 spam@jakeberrimor.com: IDLE notification received
2026-02-06 21:18:09,888 [INFO] 📨 contact@luminesfox.com: IDLE notification received
2026-02-06 21:18:10,043 [INFO] 📨 a.parmeev@jakeberrimor.com: IDLE notification received
2026-02-06 21:20:09,162 [INFO] 📨 spam@jakeberrimor.com: IDLE notification received
2026-02-06 21:20:09,241 [INFO] 📨 contact@luminesfox.com: IDLE notification received
2026-02-06 21:20:09,394 [INFO] 📨 a.parmeev@jakeberrimor.com: IDLE notification received
2026-02-06 21:20:09,465 [INFO] 📨 contact@jakeberrimor.com: IDLE notification received
2026-02-06 21:20:10,070 [INFO] 📨 dparmeev@luminesfox.com: IDLE notification received
2026-02-06 21:22:09,251 [INFO] 📨 contact@jakeberrimor.com: IDLE notification received
2026-02-06 21:22:09,438 [INFO] 📨 spam@jakeberrimor.com: IDLE notification received
2026-02-06 21:22:09,519 [INFO] 📨 dparmeev@luminesfox.com: IDLE notification received
2026-02-06 21:22:09,585 [INFO] 📨 contact@luminesfox.com: IDLE notification received
2026-02-06 21:22:10,105 [INFO] 📨 a.parmeev@jakeberrimor.com: IDLE notification received
2026-02-06 21:24:09,577 [INFO] 📨 contact@jakeberrimor.com: IDLE notification received
2026-02-06 21:24:09,774 [INFO] 📨 spam@jakeberrimor.com: IDLE notification received
2026-02-06 21:24:09,839 [INFO] 📨 dparmeev@luminesfox.com: IDLE notification received
2026-02-06 21:24:09,923 [INFO] 📨 contact@luminesfox.com: IDLE notification received
2026-02-06 21:24:28,434 [INFO] 📨 a.parmeev@jakeberrimor.com: IDLE notification received
2026-02-06 21:26:09,175 [INFO] 📨 dparmeev@luminesfox.com: IDLE notification received
2026-02-06 21:26:09,242 [INFO] 📨 contact@luminesfox.com: IDLE notification received
2026-02-06 21:26:09,759 [INFO] 📨 a.parmeev@jakeberrimor.com: IDLE notification received
2026-02-06 21:26:09,913 [INFO] 📨 contact@jakeberrimor.com: IDLE notification received
2026-02-06 21:26:10,065 [INFO] 📨 spam@jakeberrimor.com: IDLE notification received
2026-02-06 21:28:09,214 [INFO] 📨 contact@jakeberrimor.com: IDLE notification received
2026-02-06 21:28:09,362 [INFO] 📨 spam@jakeberrimor.com: IDLE notification received
2026-02-06 21:28:09,560 [INFO] 📨 dparmeev@luminesfox.com: IDLE notification received
2026-02-06 21:28:10,101 [INFO] 📨 a.parmeev@jakeberrimor.com: IDLE notification received
2026-02-06 21:28:10,262 [INFO] 📨 contact@luminesfox.com: IDLE notification received
2026-02-06 21:30:09,419 [INFO] 📨 a.parmeev@jakeberrimor.com: IDLE notification received
2026-02-06 21:30:09,490 [INFO] 📨 contact@jakeberrimor.com: IDLE notification received
2026-02-06 21:30:09,690 [INFO] 📨 spam@jakeberrimor.com: IDLE notification received
2026-02-06 21:30:10,223 [INFO] 📨 dparmeev@luminesfox.com: IDLE notification received
2026-02-06 21:30:11,413 [INFO] 📨 contact@luminesfox.com: IDLE notification received
2026-02-06 21:32:09,220 [INFO] 📨 spam@jakeberrimor.com: IDLE notification received
2026-02-06 21:32:09,666 [INFO] 📨 dparmeev@luminesfox.com: IDLE notification received
2026-02-06 21:32:09,698 [INFO] 📨 contact@luminesfox.com: IDLE notification received
2026-02-06 21:32:09,735 [INFO] 📨 a.parmeev@jakeberrimor.com: IDLE notification received
2026-02-06 21:32:09,805 [INFO] 📨 contact@jakeberrimor.com: IDLE notification received
2026-02-06 21:34:09,122 [INFO] 📨 contact@jakeberrimor.com: IDLE notification received
2026-02-06 21:34:09,341 [INFO] 📨 a.parmeev@jakeberrimor.com: IDLE notification received
2026-02-06 21:34:09,565 [INFO] 📨 spam@jakeberrimor.com: IDLE notification received
2026-02-06 21:34:10,054 [INFO] 📨 dparmeev@luminesfox.com: IDLE notification received
2026-02-06 21:34:14,060 [INFO] 📨 contact@luminesfox.com: IDLE notification received
2026-02-06 21:36:09,388 [INFO] 📨 contact@luminesfox.com: IDLE notification received
2026-02-06 21:36:09,461 [INFO] 📨 contact@jakeberrimor.com: IDLE notification received
2026-02-06 21:36:09,489 [INFO] 📨 dparmeev@luminesfox.com: IDLE notification received
2026-02-06 21:36:09,671 [INFO] 📨 a.parmeev@jakeberrimor.com: IDLE notification received
2026-02-06 21:36:20,253 [INFO] 📨 spam@jakeberrimor.com: IDLE notification received
2026-02-06 21:38:09,245 [INFO] 📨 a.parmeev@jakeberrimor.com: IDLE notification received
2026-02-06 21:38:09,581 [INFO] 📨 spam@jakeberrimor.com: IDLE notification received
2026-02-06 21:38:09,713 [INFO] 📨 contact@luminesfox.com: IDLE notification received
2026-02-06 21:38:09,797 [INFO] 📨 contact@jakeberrimor.com: IDLE notification received
2026-02-06 21:38:09,889 [INFO] 📨 dparmeev@luminesfox.com: IDLE notification received
2026-02-06 21:40:09,406 [INFO] 📨 dparmeev@luminesfox.com: IDLE notification received
2026-02-06 21:40:09,555 [INFO] 📨 a.parmeev@jakeberrimor.com: IDLE notification received
2026-02-06 21:40:10,036 [INFO] 📨 contact@luminesfox.com: IDLE notification received
2026-02-06 21:40:10,125 [INFO] 📨 contact@jakeberrimor.com: IDLE notification received
2026-02-06 21:40:11,269 [INFO] 📨 spam@jakeberrimor.com: IDLE notification received
2026-02-06 21:42:09,376 [INFO] 📨 contact@luminesfox.com: IDLE notification received
2026-02-06 21:42:09,406 [INFO] 📨 contact@jakeberrimor.com: IDLE notification received
2026-02-06 21:42:09,611 [INFO] 📨 spam@jakeberrimor.com: IDLE notification received
2026-02-06 21:42:09,873 [INFO] 📨 a.parmeev@jakeberrimor.com: IDLE notification received
2026-02-06 21:42:19,343 [INFO] 📨 dparmeev@luminesfox.com: IDLE notification received
2026-02-06 21:44:09,191 [INFO] 📨 a.parmeev@jakeberrimor.com: IDLE notification received
2026-02-06 21:44:09,698 [INFO] 📨 contact@luminesfox.com: IDLE notification received
2026-02-06 21:44:09,708 [INFO] 📨 contact@jakeberrimor.com: IDLE notification received
2026-02-06 21:44:09,731 [INFO] 📨 dparmeev@luminesfox.com: IDLE notification received
2026-02-06 21:44:09,928 [INFO] 📨 spam@jakeberrimor.com: IDLE notification received
2026-02-06 21:46:09,483 [INFO] 📨 spam@jakeberrimor.com: IDLE notification received
2026-02-06 21:46:09,508 [INFO] 📨 a.parmeev@jakeberrimor.com: IDLE notification received
2026-02-06 21:46:10,046 [INFO] 📨 contact@luminesfox.com: IDLE notification received
2026-02-06 21:46:10,063 [INFO] 📨 dparmeev@luminesfox.com: IDLE notification received
2026-02-06 21:46:23,529 [INFO] 📨 contact@jakeberrimor.com: IDLE notification received
2026-02-06 21:48:09,376 [INFO] 📨 contact@luminesfox.com: IDLE notification received
2026-02-06 21:48:09,482 [INFO] 📨 dparmeev@luminesfox.com: IDLE notification received
2026-02-06 21:48:09,835 [INFO] 📨 spam@jakeberrimor.com: IDLE notification received
2026-02-06 21:48:09,835 [INFO] 📨 contact@jakeberrimor.com: IDLE notification received
2026-02-06 21:48:10,071 [INFO] 📨 a.parmeev@jakeberrimor.com: IDLE notification received
2026-02-06 21:50:09,178 [INFO] 📨 contact@jakeberrimor.com: IDLE notification received
2026-02-06 21:50:09,188 [INFO] 📨 spam@jakeberrimor.com: IDLE notification received
2026-02-06 21:50:09,704 [INFO] 📨 contact@luminesfox.com: IDLE notification received
2026-02-06 21:50:09,880 [INFO] 📨 dparmeev@luminesfox.com: IDLE notification received
2026-02-06 21:50:10,497 [INFO] 📨 a.parmeev@jakeberrimor.com: IDLE notification received
2026-02-06 21:52:09,498 [INFO] 📨 dparmeev@luminesfox.com: IDLE notification received
2026-02-06 21:52:09,510 [INFO] 📨 contact@jakeberrimor.com: IDLE notification received
2026-02-06 21:52:09,528 [INFO] 📨 spam@jakeberrimor.com: IDLE notification received
2026-02-06 21:52:09,930 [INFO] 📨 a.parmeev@jakeberrimor.com: IDLE notification received
2026-02-06 21:52:10,069 [INFO] 📨 contact@luminesfox.com: IDLE notification received
2026-02-06 21:54:09,304 [INFO] 📨 a.parmeev@jakeberrimor.com: IDLE notification received
2026-02-06 21:54:09,547 [INFO] 📨 contact@jakeberrimor.com: IDLE notification received
2026-02-06 21:54:09,887 [INFO] 📨 spam@jakeberrimor.com: IDLE notification received
2026-02-06 21:54:09,996 [INFO] 📨 contact@luminesfox.com: IDLE notification received
2026-02-06 21:54:10,095 [INFO] 📨 dparmeev@luminesfox.com: IDLE notification received
2026-02-06 21:56:09,327 [INFO] 📨 contact@luminesfox.com: IDLE notification received
2026-02-06 21:56:09,436 [INFO] 📨 spam@jakeberrimor.com: IDLE notification received
2026-02-06 21:56:09,555 [INFO] 📨 dparmeev@luminesfox.com: IDLE notification received
2026-02-06 21:56:09,827 [INFO] 📨 a.parmeev@jakeberrimor.com: IDLE notification received
2026-02-06 21:56:09,865 [INFO] 📨 contact@jakeberrimor.com: IDLE notification received
2026-02-06 21:58:09,432 [INFO] 📨 contact@jakeberrimor.com: IDLE notification received
2026-02-06 21:58:09,660 [INFO] 📨 contact@luminesfox.com: IDLE notification received
2026-02-06 21:58:09,783 [INFO] 📨 spam@jakeberrimor.com: IDLE notification received
2026-02-06 21:58:09,934 [INFO] 📨 dparmeev@luminesfox.com: IDLE notification received
2026-02-06 21:58:20,463 [INFO] 📨 a.parmeev@jakeberrimor.com: IDLE notification received
2026-02-06 22:00:09,580 [INFO] 📨 dparmeev@luminesfox.com: IDLE notification received
2026-02-06 22:00:09,731 [INFO] 📨 contact@jakeberrimor.com: IDLE notification received
2026-02-06 22:00:09,771 [INFO] 📨 a.parmeev@jakeberrimor.com: IDLE notification received
2026-02-06 22:00:10,049 [INFO] 📨 contact@luminesfox.com: IDLE notification received
2026-02-06 22:00:10,124 [INFO] 📨 spam@jakeberrimor.com: IDLE notification received
2026-02-06 22:02:09,395 [INFO] 📨 contact@luminesfox.com: IDLE notification received
2026-02-06 22:02:09,421 [INFO] 📨 spam@jakeberrimor.com: IDLE notification received
2026-02-06 22:02:10,056 [INFO] 📨 contact@jakeberrimor.com: IDLE notification received
2026-02-06 22:02:10,058 [INFO] 📨 dparmeev@luminesfox.com: IDLE notification received
2026-02-06 22:02:10,107 [INFO] 📨 a.parmeev@jakeberrimor.com: IDLE notification received
2026-02-06 22:04:09,357 [INFO] 📨 contact@jakeberrimor.com: IDLE notification received
2026-02-06 22:04:09,437 [INFO] 📨 a.parmeev@jakeberrimor.com: IDLE notification received
2026-02-06 22:04:09,511 [INFO] 📨 dparmeev@luminesfox.com: IDLE notification received
2026-02-06 22:04:09,931 [INFO] 📨 spam@jakeberrimor.com: IDLE notification received
2026-02-06 22:04:13,233 [INFO] 📨 contact@luminesfox.com: IDLE notification received
2026-02-06 22:06:09,249 [INFO] 📨 spam@jakeberrimor.com: IDLE notification received
2026-02-06 22:06:09,565 [INFO] 📨 contact@luminesfox.com: IDLE notification received
2026-02-06 22:06:09,687 [INFO] 📨 contact@jakeberrimor.com: IDLE notification received
2026-02-06 22:06:09,729 [INFO] 📨 a.parmeev@jakeberrimor.com: IDLE notification received
2026-02-06 22:06:09,932 [INFO] 📨 dparmeev@luminesfox.com: IDLE notification received
2026-02-06 22:08:09,200 [INFO] 📨 a.parmeev@jakeberrimor.com: IDLE notification received
2026-02-06 22:08:09,326 [INFO] 📨 dparmeev@luminesfox.com: IDLE notification received
2026-02-06 22:08:09,579 [INFO] 📨 spam@jakeberrimor.com: IDLE notification received
2026-02-06 22:08:09,911 [INFO] 📨 contact@luminesfox.com: IDLE notification received
2026-02-06 22:08:10,008 [INFO] 📨 contact@jakeberrimor.com: IDLE notification received
2026-02-06 22:10:09,254 [INFO] 📨 contact@luminesfox.com: IDLE notification received
2026-02-06 22:10:09,346 [INFO] 📨 contact@jakeberrimor.com: IDLE notification received
2026-02-06 22:10:09,487 [INFO] 📨 a.parmeev@jakeberrimor.com: IDLE notification received
2026-02-06 22:10:09,723 [INFO] 📨 dparmeev@luminesfox.com: IDLE notification received
2026-02-06 22:10:09,873 [INFO] 📨 spam@jakeberrimor.com: IDLE notification received
2026-02-06 22:12:09,203 [INFO] 📨 spam@jakeberrimor.com: IDLE notification received
2026-02-06 22:12:09,831 [INFO] 📨 a.parmeev@jakeberrimor.com: IDLE notification received
2026-02-06 22:12:09,852 [INFO] 📨 contact@luminesfox.com: IDLE notification received
2026-02-06 22:12:09,930 [INFO] 📨 contact@jakeberrimor.com: IDLE notification received
2026-02-06 22:12:10,103 [INFO] 📨 dparmeev@luminesfox.com: IDLE notification received
2026-02-06 22:14:09,200 [INFO] 📨 contact@luminesfox.com: IDLE notification received
2026-02-06 22:14:09,288 [INFO] 📨 contact@jakeberrimor.com: IDLE notification received
2026-02-06 22:14:09,541 [INFO] 📨 spam@jakeberrimor.com: IDLE notification received
2026-02-06 22:14:14,638 [INFO] 📨 a.parmeev@jakeberrimor.com: IDLE notification received
2026-02-06 22:14:21,640 [INFO] 📨 dparmeev@luminesfox.com: IDLE notification received
2026-02-06 22:16:09,208 [INFO] 📨 dparmeev@luminesfox.com: IDLE notification received
2026-02-06 22:16:09,290 [INFO] 📨 spam@jakeberrimor.com: IDLE notification received
2026-02-06 22:16:09,563 [INFO] 📨 contact@jakeberrimor.com: IDLE notification received
2026-02-06 22:16:09,811 [INFO] 📨 contact@luminesfox.com: IDLE notification received
2026-02-06 22:16:09,906 [INFO] 📨 a.parmeev@jakeberrimor.com: IDLE notification received
2026-02-06 22:18:09,118 [INFO] 📨 contact@jakeberrimor.com: IDLE notification received
2026-02-06 22:18:09,243 [INFO] 📨 a.parmeev@jakeberrimor.com: IDLE notification received
2026-02-06 22:18:09,393 [INFO] 📨 contact@luminesfox.com: IDLE notification received
2026-02-06 22:18:09,576 [INFO] 📨 dparmeev@luminesfox.com: IDLE notification received
2026-02-06 22:18:09,616 [INFO] 📨 spam@jakeberrimor.com: IDLE notification received
2026-02-06 22:20:09,213 [INFO] 📨 spam@jakeberrimor.com: IDLE notification received
2026-02-06 22:20:09,219 [INFO] 📨 dparmeev@luminesfox.com: IDLE notification received
2026-02-06 22:20:09,440 [INFO] 📨 contact@jakeberrimor.com: IDLE notification received
2026-02-06 22:20:09,588 [INFO] 📨 a.parmeev@jakeberrimor.com: IDLE notification received
2026-02-06 22:20:09,722 [INFO] 📨 contact@luminesfox.com: IDLE notification received
2026-02-06 22:22:09,731 [INFO] 📨 contact@jakeberrimor.com: IDLE notification received
2026-02-06 22:22:10,064 [INFO] 📨 contact@luminesfox.com: IDLE notification received
2026-02-06 22:22:17,283 [INFO] 📨 a.parmeev@jakeberrimor.com: IDLE notification received
2026-02-06 22:22:17,296 [INFO] 📨 spam@jakeberrimor.com: IDLE notification received
2026-02-06 22:22:19,281 [INFO] 📨 dparmeev@luminesfox.com: IDLE notification received
2026-02-06 22:24:09,406 [INFO] 📨 contact@luminesfox.com: IDLE notification received
2026-02-06 22:24:09,619 [INFO] 📨 spam@jakeberrimor.com: IDLE notification received
2026-02-06 22:24:09,780 [INFO] 📨 dparmeev@luminesfox.com: IDLE notification received
2026-02-06 22:24:09,808 [INFO] 📨 a.parmeev@jakeberrimor.com: IDLE notification received
2026-02-06 22:24:10,108 [INFO] 📨 contact@jakeberrimor.com: IDLE notification received
2026-02-06 22:26:09,304 [INFO] 📨 a.parmeev@jakeberrimor.com: IDLE notification received
2026-02-06 22:26:09,399 [INFO] 📨 dparmeev@luminesfox.com: IDLE notification received
2026-02-06 22:26:09,686 [INFO] 📨 contact@jakeberrimor.com: IDLE notification received
2026-02-06 22:26:09,729 [INFO] 📨 contact@luminesfox.com: IDLE notification received
2026-02-06 22:26:09,971 [INFO] 📨 spam@jakeberrimor.com: IDLE notification received
2026-02-06 22:28:09,596 [INFO] 📨 spam@jakeberrimor.com: IDLE notification received
2026-02-06 22:28:09,815 [INFO] 📨 a.parmeev@jakeberrimor.com: IDLE notification received
2026-02-06 22:28:09,907 [INFO] 📨 dparmeev@luminesfox.com: IDLE notification received
2026-02-06 22:28:10,024 [INFO] 📨 contact@jakeberrimor.com: IDLE notification received
2026-02-06 22:28:10,082 [INFO] 📨 contact@luminesfox.com: IDLE notification received
2026-02-06 22:30:09,156 [INFO] 📨 a.parmeev@jakeberrimor.com: IDLE notification received
2026-02-06 22:30:09,176 [INFO] 📨 spam@jakeberrimor.com: IDLE notification received
2026-02-06 22:30:09,332 [INFO] 📨 contact@jakeberrimor.com: IDLE notification received
2026-02-06 22:30:09,378 [INFO] 📨 dparmeev@luminesfox.com: IDLE notification received
2026-02-06 22:30:09,419 [INFO] 📨 contact@luminesfox.com: IDLE notification received
2026-02-06 22:32:09,433 [INFO] 📨 spam@jakeberrimor.com: IDLE notification received
2026-02-06 22:32:09,502 [INFO] 📨 a.parmeev@jakeberrimor.com: IDLE notification received
2026-02-06 22:32:09,747 [INFO] 📨 contact@luminesfox.com: IDLE notification received
2026-02-06 22:32:09,805 [INFO] 📨 dparmeev@luminesfox.com: IDLE notification received
2026-02-06 22:32:09,875 [INFO] 📨 contact@jakeberrimor.com: IDLE notification received
2026-02-06 22:34:09,847 [INFO] 📨 a.parmeev@jakeberrimor.com: IDLE notification received
2026-02-06 22:34:10,011 [INFO] 📨 spam@jakeberrimor.com: IDLE notification received
2026-02-06 22:34:10,093 [INFO] 📨 contact@luminesfox.com: IDLE notification received
2026-02-06 22:34:16,369 [INFO] 📨 contact@jakeberrimor.com: IDLE notification received
2026-02-06 22:34:16,370 [INFO] 📨 dparmeev@luminesfox.com: IDLE notification received
2026-02-06 22:36:09,427 [INFO] 📨 contact@luminesfox.com: IDLE notification received
2026-02-06 22:36:09,536 [INFO] 📨 spam@jakeberrimor.com: IDLE notification received
2026-02-06 22:36:09,964 [INFO] 📨 contact@jakeberrimor.com: IDLE notification received
2026-02-06 22:36:10,051 [INFO] 📨 dparmeev@luminesfox.com: IDLE notification received
2026-02-06 22:36:13,472 [INFO] 📨 a.parmeev@jakeberrimor.com: IDLE notification received
2026-02-06 22:38:09,485 [INFO] 📨 dparmeev@luminesfox.com: IDLE notification received
2026-02-06 22:38:09,748 [INFO] 📨 contact@luminesfox.com: IDLE notification received
2026-02-06 22:38:09,798 [INFO] 📨 a.parmeev@jakeberrimor.com: IDLE notification received
2026-02-06 22:38:10,335 [INFO] 📨 spam@jakeberrimor.com: IDLE notification received
2026-02-06 22:38:15,072 [INFO] 📨 contact@jakeberrimor.com: IDLE notification received
2026-02-06 22:40:09,435 [INFO] 📨 dparmeev@luminesfox.com: IDLE notification received
2026-02-06 22:40:09,651 [INFO] 📨 spam@jakeberrimor.com: IDLE notification received
2026-02-06 22:40:09,928 [INFO] 📨 contact@jakeberrimor.com: IDLE notification received
2026-02-06 22:40:10,067 [INFO] 📨 a.parmeev@jakeberrimor.com: IDLE notification received
2026-02-06 22:40:10,086 [INFO] 📨 contact@luminesfox.com: IDLE notification received
2026-02-06 22:42:09,377 [INFO] 📨 a.parmeev@jakeberrimor.com: IDLE notification received
2026-02-06 22:42:09,532 [INFO] 📨 contact@jakeberrimor.com: IDLE notification received
2026-02-06 22:42:09,597 [INFO] 📨 contact@luminesfox.com: IDLE notification received
2026-02-06 22:42:10,515 [INFO] 📨 dparmeev@luminesfox.com: IDLE notification received
2026-02-06 22:42:15,564 [INFO] 📨 spam@jakeberrimor.com: IDLE notification received
2026-02-06 22:44:09,708 [INFO] 📨 a.parmeev@jakeberrimor.com: IDLE notification received
2026-02-06 22:44:09,869 [INFO] 📨 contact@jakeberrimor.com: IDLE notification received
2026-02-06 22:44:09,880 [INFO] 📨 spam@jakeberrimor.com: IDLE notification received
2026-02-06 22:44:10,015 [INFO] 📨 dparmeev@luminesfox.com: IDLE notification received
2026-02-06 22:44:10,808 [INFO] 📨 contact@luminesfox.com: IDLE notification received
2026-02-06 22:46:09,101 [INFO] 📨 contact@luminesfox.com: IDLE notification received
2026-02-06 22:46:09,170 [INFO] 📨 contact@jakeberrimor.com: IDLE notification received
2026-02-06 22:46:09,210 [INFO] 📨 spam@jakeberrimor.com: IDLE notification received
2026-02-06 22:46:09,810 [INFO] 📨 dparmeev@luminesfox.com: IDLE notification received
2026-02-06 22:46:10,049 [INFO] 📨 a.parmeev@jakeberrimor.com: IDLE notification received
2026-02-06 22:48:09,392 [INFO] 📨 a.parmeev@jakeberrimor.com: IDLE notification received
2026-02-06 22:48:09,397 [INFO] 📨 contact@luminesfox.com: IDLE notification received
2026-02-06 22:48:09,509 [INFO] 📨 spam@jakeberrimor.com: IDLE notification received
2026-02-06 22:48:09,643 [INFO] 📨 contact@jakeberrimor.com: IDLE notification received
2026-02-06 22:48:09,721 [INFO] 📨 dparmeev@luminesfox.com: IDLE notification received
2026-02-06 22:50:09,227 [INFO] 📨 contact@jakeberrimor.com: IDLE notification received
2026-02-06 22:50:09,679 [INFO] 📨 contact@luminesfox.com: IDLE notification received
2026-02-06 22:50:09,691 [INFO] 📨 a.parmeev@jakeberrimor.com: IDLE notification received
2026-02-06 22:50:09,796 [INFO] 📨 spam@jakeberrimor.com: IDLE notification received
2026-02-06 22:50:19,227 [INFO] 📨 dparmeev@luminesfox.com: IDLE notification received
2026-02-06 22:50:32,861 [INFO] 📨 a.parmeev@jakeberrimor.com: IDLE notification received
2026-02-06 22:50:35,225 [INFO] 📨 a.parmeev@jakeberrimor.com: IDLE notification received
2026-02-06 22:50:40,678 [INFO] 📨 a.parmeev@jakeberrimor.com: IDLE notification received
2026-02-06 22:50:59,724 [INFO] 📨 a.parmeev@jakeberrimor.com: IDLE notification received
2026-02-06 22:51:01,971 [INFO] 📨 a.parmeev@jakeberrimor.com: IDLE notification received
2026-02-06 22:51:04,374 [INFO] 📨 a.parmeev@jakeberrimor.com: IDLE notification received
2026-02-06 22:52:09,579 [INFO] 📨 contact@jakeberrimor.com: IDLE notification received
2026-02-06 22:52:09,640 [INFO] 📨 a.parmeev@jakeberrimor.com: IDLE notification received
2026-02-06 22:52:09,649 [INFO] 📨 dparmeev@luminesfox.com: IDLE notification received
2026-02-06 22:52:10,020 [INFO] 📨 contact@luminesfox.com: IDLE notification received
2026-02-06 22:52:10,096 [INFO] 📨 spam@jakeberrimor.com: IDLE notification received
2026-02-06 22:54:09,443 [INFO] 📨 spam@jakeberrimor.com: IDLE notification received
2026-02-06 22:54:09,555 [INFO] 📨 contact@luminesfox.com: IDLE notification received
2026-02-06 22:54:09,927 [INFO] 📨 contact@jakeberrimor.com: IDLE notification received
2026-02-06 22:54:09,982 [INFO] 📨 a.parmeev@jakeberrimor.com: IDLE notification received
2026-02-06 22:54:10,075 [INFO] 📨 dparmeev@luminesfox.com: IDLE notification received
2026-02-06 22:56:09,333 [INFO] 📨 a.parmeev@jakeberrimor.com: IDLE notification received
2026-02-06 22:56:09,813 [INFO] 📨 spam@jakeberrimor.com: IDLE notification received
2026-02-06 22:56:09,899 [INFO] 📨 contact@luminesfox.com: IDLE notification received
2026-02-06 22:56:10,231 [INFO] 📨 dparmeev@luminesfox.com: IDLE notification received
2026-02-06 22:56:10,624 [INFO] 📨 contact@jakeberrimor.com: IDLE notification received
2026-02-06 22:58:09,333 [INFO] 📨 contact@luminesfox.com: IDLE notification received
2026-02-06 22:58:09,383 [INFO] 📨 spam@jakeberrimor.com: IDLE notification received
2026-02-06 22:58:09,384 [INFO] 📨 contact@jakeberrimor.com: IDLE notification received
2026-02-06 22:58:09,674 [INFO] 📨 a.parmeev@jakeberrimor.com: IDLE notification received
2026-02-06 22:58:09,918 [INFO] 📨 dparmeev@luminesfox.com: IDLE notification received
2026-02-06 22:58:39,303 [INFO] 📨 a.parmeev@jakeberrimor.com: IDLE notification received
2026-02-06 22:58:40,322 [INFO] 📥 Queued: a.parmeev@jakeberrimor.com from Jake <noreply@github.com> (buffer: 1)
2026-02-06 22:58:50,345 [INFO] ✅ Webhook sent: 1 event(s)
2026-02-06 23:00:09,422 [INFO] 📨 a.parmeev@jakeberrimor.com: IDLE notification received
2026-02-06 23:00:09,674 [INFO] 📨 contact@jakeberrimor.com: IDLE notification received
2026-02-06 23:00:09,703 [INFO] 📨 spam@jakeberrimor.com: IDLE notification received
2026-02-06 23:00:10,104 [INFO] 📨 dparmeev@luminesfox.com: IDLE notification received
2026-02-06 23:00:10,846 [INFO] 📨 contact@luminesfox.com: IDLE notification received
2026-02-06 23:02:09,169 [INFO] 📨 contact@luminesfox.com: IDLE notification received
2026-02-06 23:02:09,576 [INFO] 📨 dparmeev@luminesfox.com: IDLE notification received
2026-02-06 23:02:09,731 [INFO] 📨 a.parmeev@jakeberrimor.com: IDLE notification received
2026-02-06 23:02:09,987 [INFO] 📨 contact@jakeberrimor.com: IDLE notification received
2026-02-06 23:02:10,283 [INFO] 📨 spam@jakeberrimor.com: IDLE notification received
2026-02-06 23:04:09,269 [INFO] 📨 a.parmeev@jakeberrimor.com: IDLE notification received
2026-02-06 23:04:09,279 [INFO] 📨 dparmeev@luminesfox.com: IDLE notification received
2026-02-06 23:04:09,770 [INFO] 📨 contact@luminesfox.com: IDLE notification received
2026-02-06 23:04:10,043 [INFO] 📨 contact@jakeberrimor.com: IDLE notification received
2026-02-06 23:04:15,415 [INFO] 📨 spam@jakeberrimor.com: IDLE notification received
2026-02-06 23:06:09,326 [INFO] 📨 contact@jakeberrimor.com: IDLE notification received
2026-02-06 23:06:09,569 [INFO] 📨 a.parmeev@jakeberrimor.com: IDLE notification received
2026-02-06 23:06:09,747 [INFO] 📨 spam@jakeberrimor.com: IDLE notification received
2026-02-06 23:06:09,817 [INFO] 📨 dparmeev@luminesfox.com: IDLE notification received
2026-02-06 23:06:10,090 [INFO] 📨 contact@luminesfox.com: IDLE notification received
2026-02-06 23:08:09,278 [INFO] 📨 dparmeev@luminesfox.com: IDLE notification received
2026-02-06 23:08:09,439 [INFO] 📨 contact@luminesfox.com: IDLE notification received
2026-02-06 23:08:09,876 [INFO] 📨 a.parmeev@jakeberrimor.com: IDLE notification received
2026-02-06 23:08:10,352 [INFO] 📨 spam@jakeberrimor.com: IDLE notification received
2026-02-06 23:08:13,337 [INFO] 📨 contact@jakeberrimor.com: IDLE notification received
2026-02-06 23:10:09,205 [INFO] 📨 a.parmeev@jakeberrimor.com: IDLE notification received
2026-02-06 23:10:09,746 [INFO] 📨 dparmeev@luminesfox.com: IDLE notification received
2026-02-06 23:10:09,767 [INFO] 📨 contact@luminesfox.com: IDLE notification received
2026-02-06 23:10:09,841 [INFO] 📨 contact@jakeberrimor.com: IDLE notification received
2026-02-06 23:10:10,436 [INFO] 📨 spam@jakeberrimor.com: IDLE notification received
2026-02-06 23:12:09,163 [INFO] 📨 contact@jakeberrimor.com: IDLE notification received
2026-02-06 23:12:09,529 [INFO] 📨 spam@jakeberrimor.com: IDLE notification received
2026-02-06 23:12:09,532 [INFO] 📨 a.parmeev@jakeberrimor.com: IDLE notification received
2026-02-06 23:12:09,642 [INFO] 📨 dparmeev@luminesfox.com: IDLE notification received
2026-02-06 23:12:12,490 [INFO] 📨 contact@luminesfox.com: IDLE notification received
2026-02-06 23:14:09,115 [INFO] 📨 dparmeev@luminesfox.com: IDLE notification received
2026-02-06 23:14:09,510 [INFO] 📨 contact@jakeberrimor.com: IDLE notification received
2026-02-06 23:14:09,815 [INFO] 📨 contact@luminesfox.com: IDLE notification received
2026-02-06 23:14:09,866 [INFO] 📨 a.parmeev@jakeberrimor.com: IDLE notification received
2026-02-06 23:14:09,884 [INFO] 📨 spam@jakeberrimor.com: IDLE notification received
2026-02-06 23:16:09,154 [INFO] 📨 contact@luminesfox.com: IDLE notification received
2026-02-06 23:16:09,178 [INFO] 📨 a.parmeev@jakeberrimor.com: IDLE notification received
2026-02-06 23:16:09,547 [INFO] 📨 dparmeev@luminesfox.com: IDLE notification received
2026-02-06 23:16:09,636 [INFO] 📨 spam@jakeberrimor.com: IDLE notification received
2026-02-06 23:16:09,822 [INFO] 📨 contact@jakeberrimor.com: IDLE notification received
2026-02-06 23:18:09,133 [INFO] 📨 contact@jakeberrimor.com: IDLE notification received
2026-02-06 23:18:09,494 [INFO] 📨 a.parmeev@jakeberrimor.com: IDLE notification received
2026-02-06 23:18:09,505 [INFO] 📨 contact@luminesfox.com: IDLE notification received
2026-02-06 23:18:09,988 [INFO] 📨 spam@jakeberrimor.com: IDLE notification received
2026-02-06 23:18:10,717 [INFO] 📨 dparmeev@luminesfox.com: IDLE notification received
2026-02-06 23:33:09,361 [INFO] 🔄 contact@jakeberrimor.com: Periodic reconnect
2026-02-06 23:33:09,361 [ERROR] ❌ contact@jakeberrimor.com: Connection error: EOF occurred in violation of protocol (_ssl.c:2406)
2026-02-06 23:33:09,361 [INFO] 🔁 contact@jakeberrimor.com: Reconnecting in 5s...
2026-02-06 23:33:09,740 [INFO] 🔄 contact@luminesfox.com: Periodic reconnect
2026-02-06 23:33:09,740 [ERROR] ❌ contact@luminesfox.com: Connection error: EOF occurred in violation of protocol (_ssl.c:2406)
2026-02-06 23:33:09,740 [INFO] 🔁 contact@luminesfox.com: Reconnecting in 5s...
2026-02-06 23:33:09,751 [INFO] 🔄 a.parmeev@jakeberrimor.com: Periodic reconnect
2026-02-06 23:33:09,751 [ERROR] ❌ a.parmeev@jakeberrimor.com: Connection error: EOF occurred in violation of protocol (_ssl.c:2406)
2026-02-06 23:33:09,751 [INFO] 🔁 a.parmeev@jakeberrimor.com: Reconnecting in 5s...
2026-02-06 23:33:10,218 [INFO] 🔄 spam@jakeberrimor.com: Periodic reconnect
2026-02-06 23:33:10,219 [ERROR] ❌ spam@jakeberrimor.com: Connection error: EOF occurred in violation of protocol (_ssl.c:2406)
2026-02-06 23:33:10,219 [INFO] 🔁 spam@jakeberrimor.com: Reconnecting in 5s...
2026-02-06 23:33:11,039 [INFO] 🔄 dparmeev@luminesfox.com: Periodic reconnect
2026-02-06 23:33:11,040 [ERROR] ❌ dparmeev@luminesfox.com: Connection error: EOF occurred in violation of protocol (_ssl.c:2406)
2026-02-06 23:33:11,040 [INFO] 🔁 dparmeev@luminesfox.com: Reconnecting in 5s...
2026-02-06 23:33:14,362 [INFO] 🔌 Connecting to contact@jakeberrimor.com@mail.hosting.reg.ru...
2026-02-06 23:33:14,740 [INFO] 🔌 Connecting to contact@luminesfox.com@mail.hosting.reg.ru...
2026-02-06 23:33:14,751 [INFO] 🔌 Connecting to a.parmeev@jakeberrimor.com@mail.hosting.reg.ru...
2026-02-06 23:33:15,219 [INFO] 🔌 Connecting to spam@jakeberrimor.com@mail.hosting.reg.ru...
2026-02-06 23:33:15,351 [INFO] 📬 a.parmeev@jakeberrimor.com: Starting from UID 13
2026-02-06 23:33:15,398 [INFO] ✅ a.parmeev@jakeberrimor.com: IDLE monitoring active
2026-02-06 23:33:15,590 [INFO] 📬 contact@luminesfox.com: Starting from UID 72
2026-02-06 23:33:15,636 [INFO] ✅ contact@luminesfox.com: IDLE monitoring active
2026-02-06 23:33:15,844 [INFO] 📬 spam@jakeberrimor.com: Starting from UID 488
2026-02-06 23:33:16,040 [INFO] 🔌 Connecting to dparmeev@luminesfox.com@mail.hosting.reg.ru...
2026-02-06 23:33:22,471 [INFO] 📬 contact@jakeberrimor.com: Starting from UID 421
2026-02-06 23:33:22,518 [INFO] ✅ contact@jakeberrimor.com: IDLE monitoring active
2026-02-06 23:33:23,181 [INFO] ✅ spam@jakeberrimor.com: IDLE monitoring active
2026-02-06 23:33:32,450 [INFO] 📬 dparmeev@luminesfox.com: Starting from UID 2373
2026-02-06 23:33:40,196 [INFO] ✅ dparmeev@luminesfox.com: IDLE monitoring active
2026-02-06 23:34:09,515 [INFO] 📨 spam@jakeberrimor.com: IDLE notification received
2026-02-06 23:34:10,223 [INFO] 📨 contact@luminesfox.com: IDLE notification received
2026-02-06 23:34:15,224 [INFO] 📨 a.parmeev@jakeberrimor.com: IDLE notification received
2026-02-06 23:34:15,225 [INFO] 📨 dparmeev@luminesfox.com: IDLE notification received
2026-02-06 23:34:15,232 [INFO] 📨 contact@jakeberrimor.com: IDLE notification received
2026-02-06 23:36:11,065 [INFO] 📨 a.parmeev@jakeberrimor.com: IDLE notification received
2026-02-06 23:36:13,066 [INFO] 📨 spam@jakeberrimor.com: IDLE notification received
2026-02-06 23:36:14,100 [INFO] 📨 contact@jakeberrimor.com: IDLE notification received
2026-02-06 23:36:15,046 [INFO] 📨 contact@luminesfox.com: IDLE notification received
2026-02-06 23:36:16,045 [INFO] 📨 dparmeev@luminesfox.com: IDLE notification received
2026-02-06 23:38:09,450 [INFO] 📨 contact@jakeberrimor.com: IDLE notification received
2026-02-06 23:38:10,073 [INFO] 📨 contact@luminesfox.com: IDLE notification received
2026-02-06 23:38:15,142 [INFO] 📨 a.parmeev@jakeberrimor.com: IDLE notification received
2026-02-06 23:38:19,076 [INFO] 📨 spam@jakeberrimor.com: IDLE notification received
2026-02-06 23:38:27,059 [INFO] 📨 dparmeev@luminesfox.com: IDLE notification received
2026-02-06 23:40:10,177 [INFO] 📨 contact@luminesfox.com: IDLE notification received
2026-02-06 23:40:13,389 [INFO] 📨 spam@jakeberrimor.com: IDLE notification received
2026-02-06 23:40:13,389 [INFO] 📨 dparmeev@luminesfox.com: IDLE notification received
2026-02-06 23:40:17,547 [INFO] 📨 a.parmeev@jakeberrimor.com: IDLE notification received
2026-02-06 23:40:18,394 [INFO] 📨 contact@jakeberrimor.com: IDLE notification received
2026-02-06 23:42:14,492 [INFO] 📨 contact@jakeberrimor.com: IDLE notification received
2026-02-06 23:42:16,491 [INFO] 📨 dparmeev@luminesfox.com: IDLE notification received
2026-02-06 23:42:17,107 [INFO] 📨 contact@luminesfox.com: IDLE notification received
2026-02-06 23:42:24,515 [INFO] 📨 spam@jakeberrimor.com: IDLE notification received
2026-02-06 23:42:40,470 [INFO] 📨 a.parmeev@jakeberrimor.com: IDLE notification received
2026-02-06 23:44:12,456 [INFO] 📨 contact@luminesfox.com: IDLE notification received
2026-02-06 23:44:16,077 [INFO] 📨 contact@jakeberrimor.com: IDLE notification received
2026-02-06 23:44:16,084 [INFO] 📨 a.parmeev@jakeberrimor.com: IDLE notification received
2026-02-06 23:44:20,088 [INFO] 📨 dparmeev@luminesfox.com: IDLE notification received
2026-02-06 23:44:21,082 [INFO] 📨 spam@jakeberrimor.com: IDLE notification received
2026-02-06 23:46:09,814 [INFO] 📨 contact@luminesfox.com: IDLE notification received
2026-02-06 23:46:10,177 [INFO] 📨 spam@jakeberrimor.com: IDLE notification received
2026-02-06 23:46:10,177 [INFO] 📨 dparmeev@luminesfox.com: IDLE notification received
2026-02-06 23:46:11,173 [INFO] 📨 contact@jakeberrimor.com: IDLE notification received
2026-02-06 23:46:15,195 [INFO] 📨 a.parmeev@jakeberrimor.com: IDLE notification received
2026-02-06 23:48:10,435 [INFO] 📨 contact@jakeberrimor.com: IDLE notification received
2026-02-06 23:48:11,282 [INFO] 📨 spam@jakeberrimor.com: IDLE notification received
2026-02-06 23:48:11,533 [INFO] 📨 dparmeev@luminesfox.com: IDLE notification received
2026-02-06 23:48:12,292 [INFO] 📨 a.parmeev@jakeberrimor.com: IDLE notification received
2026-02-06 23:48:16,281 [INFO] 📨 contact@luminesfox.com: IDLE notification received
2026-02-06 23:50:09,617 [INFO] 📨 contact@luminesfox.com: IDLE notification received
2026-02-06 23:50:10,380 [INFO] 📨 dparmeev@luminesfox.com: IDLE notification received
2026-02-06 23:50:12,377 [INFO] 📨 a.parmeev@jakeberrimor.com: IDLE notification received
2026-02-06 23:50:13,382 [INFO] 📨 spam@jakeberrimor.com: IDLE notification received
2026-02-06 23:50:15,379 [INFO] 📨 contact@jakeberrimor.com: IDLE notification received
2026-02-06 23:51:10,497 [INFO] 📨 a.parmeev@jakeberrimor.com: IDLE notification received
2026-02-06 23:51:10,772 [INFO] 📥 Queued: a.parmeev@jakeberrimor.com from Jake <notifications@github.com> (buffer: 1)
2026-02-06 23:51:20,782 [INFO] ✅ Webhook sent: 1 event(s)
2026-02-06 23:52:09,916 [INFO] 📨 contact@jakeberrimor.com: IDLE notification received
2026-02-06 23:52:15,360 [INFO] 📨 spam@jakeberrimor.com: IDLE notification received
2026-02-06 23:52:20,636 [INFO] 📨 a.parmeev@jakeberrimor.com: IDLE notification received
2026-02-06 23:52:35,153 [INFO] 📨 contact@luminesfox.com: IDLE notification received
2026-02-06 23:52:37,324 [INFO] 📨 dparmeev@luminesfox.com: IDLE notification received
2026-02-06 23:54:14,378 [INFO] 📨 contact@luminesfox.com: IDLE notification received
2026-02-06 23:54:16,187 [INFO] 📨 contact@jakeberrimor.com: IDLE notification received
2026-02-06 23:54:16,371 [INFO] 📨 spam@jakeberrimor.com: IDLE notification received
2026-02-06 23:54:17,311 [INFO] 📨 a.parmeev@jakeberrimor.com: IDLE notification received
2026-02-06 23:54:39,390 [INFO] 📨 dparmeev@luminesfox.com: IDLE notification received
2026-02-06 23:56:12,318 [INFO] 📨 dparmeev@luminesfox.com: IDLE notification received
2026-02-06 23:56:12,449 [INFO] 📨 spam@jakeberrimor.com: IDLE notification received
2026-02-06 23:56:12,469 [INFO] 📨 contact@jakeberrimor.com: IDLE notification received
2026-02-06 23:56:15,453 [INFO] 📨 a.parmeev@jakeberrimor.com: IDLE notification received
2026-02-06 23:56:20,713 [INFO] 📨 contact@luminesfox.com: IDLE notification received
2026-02-06 23:58:09,943 [INFO] 📨 spam@jakeberrimor.com: IDLE notification received
2026-02-06 23:58:10,054 [INFO] 📨 contact@luminesfox.com: IDLE notification received
2026-02-06 23:58:11,055 [INFO] 📨 a.parmeev@jakeberrimor.com: IDLE notification received
2026-02-06 23:58:11,055 [INFO] 📨 dparmeev@luminesfox.com: IDLE notification received
2026-02-06 23:58:23,074 [INFO] 📨 contact@jakeberrimor.com: IDLE notification received
2026-02-07 00:00:09,374 [INFO] 📨 a.parmeev@jakeberrimor.com: IDLE notification received
2026-02-07 00:00:16,155 [INFO] 📨 dparmeev@luminesfox.com: IDLE notification received
2026-02-07 00:00:16,160 [INFO] 📨 contact@jakeberrimor.com: IDLE notification received
2026-02-07 00:00:20,162 [INFO] 📨 spam@jakeberrimor.com: IDLE notification received
2026-02-07 00:00:23,169 [INFO] 📨 contact@luminesfox.com: IDLE notification received
2026-02-07 00:02:09,509 [INFO] 📨 spam@jakeberrimor.com: IDLE notification received
2026-02-07 00:02:10,267 [INFO] 📨 contact@jakeberrimor.com: IDLE notification received
2026-02-07 00:02:11,311 [INFO] 📨 dparmeev@luminesfox.com: IDLE notification received
2026-02-07 00:02:12,346 [INFO] 📨 a.parmeev@jakeberrimor.com: IDLE notification received
2026-02-07 00:02:16,254 [INFO] 📨 contact@luminesfox.com: IDLE notification received
2026-02-07 00:04:10,135 [INFO] 📨 dparmeev@luminesfox.com: IDLE notification received
2026-02-07 00:04:16,109 [INFO] 📨 spam@jakeberrimor.com: IDLE notification received
2026-02-07 00:04:17,124 [INFO] 📨 a.parmeev@jakeberrimor.com: IDLE notification received
2026-02-07 00:04:21,109 [INFO] 📨 contact@luminesfox.com: IDLE notification received
2026-02-07 00:04:21,109 [INFO] 📨 contact@jakeberrimor.com: IDLE notification received
2026-02-07 00:06:10,155 [INFO] 📨 contact@jakeberrimor.com: IDLE notification received
2026-02-07 00:06:17,042 [INFO] 📨 spam@jakeberrimor.com: IDLE notification received
2026-02-07 00:06:21,792 [INFO] 📨 contact@luminesfox.com: IDLE notification received
2026-02-07 00:06:40,322 [INFO] 📨 dparmeev@luminesfox.com: IDLE notification received
2026-02-07 00:06:42,334 [INFO] 📨 a.parmeev@jakeberrimor.com: IDLE notification received
2026-02-07 00:08:09,639 [INFO] 📨 a.parmeev@jakeberrimor.com: IDLE notification received
2026-02-07 00:08:12,138 [INFO] 📨 contact@jakeberrimor.com: IDLE notification received
2026-02-07 00:08:15,085 [INFO] 📨 dparmeev@luminesfox.com: IDLE notification received
2026-02-07 00:08:17,125 [INFO] 📨 spam@jakeberrimor.com: IDLE notification received
2026-02-07 00:08:21,070 [INFO] 📨 contact@luminesfox.com: IDLE notification received
2026-02-07 00:10:11,179 [INFO] 📨 contact@luminesfox.com: IDLE notification received
2026-02-07 00:10:11,436 [INFO] 📨 dparmeev@luminesfox.com: IDLE notification received
2026-02-07 00:10:11,949 [INFO] 📨 a.parmeev@jakeberrimor.com: IDLE notification received
2026-02-07 00:10:12,179 [INFO] 📨 spam@jakeberrimor.com: IDLE notification received
2026-02-07 00:10:13,181 [INFO] 📨 contact@jakeberrimor.com: IDLE notification received
2026-02-07 00:12:09,355 [INFO] 📨 a.parmeev@jakeberrimor.com: IDLE notification received
2026-02-07 00:12:09,431 [INFO] 📨 spam@jakeberrimor.com: IDLE notification received
2026-02-07 00:12:10,263 [INFO] 📨 contact@jakeberrimor.com: IDLE notification received
2026-02-07 00:12:13,268 [INFO] 📨 dparmeev@luminesfox.com: IDLE notification received
2026-02-07 00:12:29,453 [INFO] 📨 contact@luminesfox.com: IDLE notification received
2026-02-07 00:14:09,776 [INFO] 📨 contact@luminesfox.com: IDLE notification received
2026-02-07 00:14:11,309 [INFO] 📨 contact@jakeberrimor.com: IDLE notification received
2026-02-07 00:14:27,329 [INFO] 📨 spam@jakeberrimor.com: IDLE notification received
2026-02-07 00:14:30,332 [INFO] 📨 dparmeev@luminesfox.com: IDLE notification received
2026-02-07 00:14:30,363 [INFO] 📨 a.parmeev@jakeberrimor.com: IDLE notification received
2026-02-07 00:16:09,669 [INFO] 📨 a.parmeev@jakeberrimor.com: IDLE notification received
2026-02-07 00:16:10,472 [INFO] 📨 contact@luminesfox.com: IDLE notification received
2026-02-07 00:16:15,451 [INFO] 📨 contact@jakeberrimor.com: IDLE notification received
2026-02-07 00:16:19,102 [INFO] 📨 dparmeev@luminesfox.com: IDLE notification received
2026-02-07 00:16:20,455 [INFO] 📨 spam@jakeberrimor.com: IDLE notification received
2026-02-07 00:18:09,628 [INFO] 📨 contact@luminesfox.com: IDLE notification received
2026-02-07 00:18:10,164 [INFO] 📨 contact@jakeberrimor.com: IDLE notification received
2026-02-07 00:18:12,383 [INFO] 📨 dparmeev@luminesfox.com: IDLE notification received
2026-02-07 00:18:13,374 [INFO] 📨 a.parmeev@jakeberrimor.com: IDLE notification received
2026-02-07 00:18:21,374 [INFO] 📨 spam@jakeberrimor.com: IDLE notification received
2026-02-07 00:20:09,716 [INFO] 📨 a.parmeev@jakeberrimor.com: IDLE notification received
2026-02-07 00:20:14,477 [INFO] 📨 contact@luminesfox.com: IDLE notification received
2026-02-07 00:20:15,465 [INFO] 📨 spam@jakeberrimor.com: IDLE notification received
2026-02-07 00:20:15,486 [INFO] 📨 dparmeev@luminesfox.com: IDLE notification received
2026-02-07 00:20:21,509 [INFO] 📨 contact@jakeberrimor.com: IDLE notification received
2026-02-07 00:22:10,052 [INFO] 📨 a.parmeev@jakeberrimor.com: IDLE notification received
2026-02-07 00:22:10,093 [INFO] 📨 dparmeev@luminesfox.com: IDLE notification received
2026-02-07 00:22:13,060 [INFO] 📨 contact@jakeberrimor.com: IDLE notification received
2026-02-07 00:22:15,061 [INFO] 📨 spam@jakeberrimor.com: IDLE notification received
2026-02-07 00:22:16,063 [INFO] 📨 contact@luminesfox.com: IDLE notification received
2026-02-07 00:24:09,412 [INFO] 📨 a.parmeev@jakeberrimor.com: IDLE notification received
2026-02-07 00:24:10,385 [INFO] 📨 dparmeev@luminesfox.com: IDLE notification received
2026-02-07 00:24:16,141 [INFO] 📨 spam@jakeberrimor.com: IDLE notification received
2026-02-07 00:24:19,175 [INFO] 📨 contact@luminesfox.com: IDLE notification received
2026-02-07 00:24:31,150 [INFO] 📨 contact@jakeberrimor.com: IDLE notification received
2026-02-07 00:26:09,822 [INFO] 📨 a.parmeev@jakeberrimor.com: IDLE notification received
2026-02-07 00:26:13,245 [INFO] 📨 contact@luminesfox.com: IDLE notification received
2026-02-07 00:26:14,264 [INFO] 📨 spam@jakeberrimor.com: IDLE notification received
2026-02-07 00:26:16,238 [INFO] 📨 dparmeev@luminesfox.com: IDLE notification received
2026-02-07 00:26:16,468 [INFO] 📨 contact@jakeberrimor.com: IDLE notification received
2026-02-07 00:28:09,835 [INFO] 📨 a.parmeev@jakeberrimor.com: IDLE notification received
2026-02-07 00:28:11,298 [INFO] 📨 contact@jakeberrimor.com: IDLE notification received
2026-02-07 00:28:12,131 [INFO] 📨 contact@luminesfox.com: IDLE notification received
2026-02-07 00:28:16,609 [INFO] 📨 spam@jakeberrimor.com: IDLE notification received
2026-02-07 00:28:20,153 [INFO] 📨 dparmeev@luminesfox.com: IDLE notification received
2026-02-07 00:30:09,196 [INFO] 📨 a.parmeev@jakeberrimor.com: IDLE notification received
2026-02-07 00:30:09,294 [INFO] 📨 spam@jakeberrimor.com: IDLE notification received
2026-02-07 00:30:14,229 [INFO] 📨 contact@luminesfox.com: IDLE notification received
2026-02-07 00:30:16,185 [INFO] 📨 contact@jakeberrimor.com: IDLE notification received
2026-02-07 00:30:20,270 [INFO] 📨 dparmeev@luminesfox.com: IDLE notification received
2026-02-07 00:32:09,451 [INFO] 📨 dparmeev@luminesfox.com: IDLE notification received
2026-02-07 00:32:09,560 [INFO] 📨 contact@luminesfox.com: IDLE notification received
2026-02-07 00:32:10,298 [INFO] 📨 spam@jakeberrimor.com: IDLE notification received
2026-02-07 00:32:18,336 [INFO] 📨 a.parmeev@jakeberrimor.com: IDLE notification received
2026-02-07 00:32:20,320 [INFO] 📨 contact@jakeberrimor.com: IDLE notification received
2026-02-07 00:34:09,627 [INFO] 📨 a.parmeev@jakeberrimor.com: IDLE notification received
2026-02-07 00:34:11,418 [INFO] 📨 contact@jakeberrimor.com: IDLE notification received
2026-02-07 00:34:12,190 [INFO] 📨 spam@jakeberrimor.com: IDLE notification received
2026-02-07 00:34:15,408 [INFO] 📨 dparmeev@luminesfox.com: IDLE notification received
2026-02-07 00:34:24,430 [INFO] 📨 contact@luminesfox.com: IDLE notification received
2026-02-07 00:36:11,483 [INFO] 📨 contact@jakeberrimor.com: IDLE notification received
2026-02-07 00:36:15,520 [INFO] 📨 dparmeev@luminesfox.com: IDLE notification received
2026-02-07 00:36:21,484 [INFO] 📨 contact@luminesfox.com: IDLE notification received
2026-02-07 00:36:22,202 [INFO] 📨 spam@jakeberrimor.com: IDLE notification received
2026-02-07 00:36:25,507 [INFO] 📨 a.parmeev@jakeberrimor.com: IDLE notification received
2026-02-07 00:38:11,071 [INFO] 📨 a.parmeev@jakeberrimor.com: IDLE notification received
2026-02-07 00:38:16,077 [INFO] 📨 contact@luminesfox.com: IDLE notification received
2026-02-07 00:38:18,079 [INFO] 📨 spam@jakeberrimor.com: IDLE notification received
2026-02-07 00:38:19,087 [INFO] 📨 dparmeev@luminesfox.com: IDLE notification received
2026-02-07 00:38:20,405 [INFO] 📨 contact@jakeberrimor.com: IDLE notification received
2026-02-07 00:40:09,259 [INFO] 📨 dparmeev@luminesfox.com: IDLE notification received
2026-02-07 00:40:11,432 [INFO] 📨 a.parmeev@jakeberrimor.com: IDLE notification received
2026-02-07 00:40:20,506 [INFO] 📨 contact@luminesfox.com: IDLE notification received
2026-02-07 00:40:20,532 [INFO] 📨 spam@jakeberrimor.com: IDLE notification received
2026-02-07 00:40:21,508 [INFO] 📨 contact@jakeberrimor.com: IDLE notification received
2026-02-07 00:42:10,254 [INFO] 📨 dparmeev@luminesfox.com: IDLE notification received
2026-02-07 00:42:11,228 [INFO] 📨 spam@jakeberrimor.com: IDLE notification received
2026-02-07 00:42:13,219 [INFO] 📨 contact@jakeberrimor.com: IDLE notification received
2026-02-07 00:42:21,248 [INFO] 📨 a.parmeev@jakeberrimor.com: IDLE notification received
2026-02-07 00:42:34,482 [INFO] 📨 contact@luminesfox.com: IDLE notification received
2026-02-07 00:44:10,004 [INFO] 📨 contact@luminesfox.com: IDLE notification received
2026-02-07 00:44:10,286 [INFO] 📨 dparmeev@luminesfox.com: IDLE notification received
2026-02-07 00:44:14,289 [INFO] 📨 contact@jakeberrimor.com: IDLE notification received
2026-02-07 00:44:14,331 [INFO] 📨 spam@jakeberrimor.com: IDLE notification received
2026-02-07 00:44:17,297 [INFO] 📨 a.parmeev@jakeberrimor.com: IDLE notification received
2026-02-07 00:46:10,377 [INFO] 📨 contact@jakeberrimor.com: IDLE notification received
2026-02-07 00:46:10,397 [INFO] 📨 spam@jakeberrimor.com: IDLE notification received
2026-02-07 00:46:11,379 [INFO] 📨 a.parmeev@jakeberrimor.com: IDLE notification received
2026-02-07 00:46:16,382 [INFO] 📨 contact@luminesfox.com: IDLE notification received
2026-02-07 00:46:24,434 [INFO] 📨 dparmeev@luminesfox.com: IDLE notification received
2026-02-07 00:48:13,094 [INFO] 📨 spam@jakeberrimor.com: IDLE notification received
2026-02-07 00:48:13,324 [INFO] 📨 dparmeev@luminesfox.com: IDLE notification received
2026-02-07 00:48:14,404 [INFO] 📨 contact@jakeberrimor.com: IDLE notification received
2026-02-07 00:48:18,091 [INFO] 📨 a.parmeev@jakeberrimor.com: IDLE notification received
2026-02-07 00:48:25,122 [INFO] 📨 contact@luminesfox.com: IDLE notification received
2026-02-07 00:50:14,487 [INFO] 📨 contact@luminesfox.com: IDLE notification received
2026-02-07 00:50:15,491 [INFO] 📨 spam@jakeberrimor.com: IDLE notification received
2026-02-07 00:50:17,112 [INFO] 📨 contact@jakeberrimor.com: IDLE notification received
2026-02-07 00:50:17,493 [INFO] 📨 a.parmeev@jakeberrimor.com: IDLE notification received
2026-02-07 00:50:20,510 [INFO] 📨 dparmeev@luminesfox.com: IDLE notification received
2026-02-07 00:52:10,303 [INFO] 📨 a.parmeev@jakeberrimor.com: IDLE notification received
2026-02-07 00:52:13,303 [INFO] 📨 dparmeev@luminesfox.com: IDLE notification received
2026-02-07 00:52:18,308 [INFO] 📨 spam@jakeberrimor.com: IDLE notification received
2026-02-07 00:52:21,311 [INFO] 📨 contact@jakeberrimor.com: IDLE notification received
2026-02-07 00:52:21,330 [INFO] 📨 contact@luminesfox.com: IDLE notification received
2026-02-07 00:54:10,380 [INFO] 📨 contact@jakeberrimor.com: IDLE notification received
2026-02-07 00:54:10,451 [INFO] 📨 spam@jakeberrimor.com: IDLE notification received
2026-02-07 00:54:11,373 [INFO] 📨 a.parmeev@jakeberrimor.com: IDLE notification received
2026-02-07 00:54:11,407 [INFO] 📨 contact@luminesfox.com: IDLE notification received
2026-02-07 00:54:26,548 [INFO] 📨 dparmeev@luminesfox.com: IDLE notification received
2026-02-07 00:56:10,071 [INFO] 📨 dparmeev@luminesfox.com: IDLE notification received
2026-02-07 00:56:11,118 [INFO] 📨 a.parmeev@jakeberrimor.com: IDLE notification received
2026-02-07 00:56:20,126 [INFO] 📨 spam@jakeberrimor.com: IDLE notification received
2026-02-07 00:56:20,129 [INFO] 📨 contact@jakeberrimor.com: IDLE notification received
2026-02-07 00:56:23,242 [INFO] 📨 contact@luminesfox.com: IDLE notification received
2026-02-07 00:58:11,219 [INFO] 📨 dparmeev@luminesfox.com: IDLE notification received
2026-02-07 00:58:13,218 [INFO] 📨 spam@jakeberrimor.com: IDLE notification received
2026-02-07 00:58:13,220 [INFO] 📨 contact@luminesfox.com: IDLE notification received
2026-02-07 00:58:13,315 [INFO] 📨 contact@jakeberrimor.com: IDLE notification received
2026-02-07 00:58:16,226 [INFO] 📨 a.parmeev@jakeberrimor.com: IDLE notification received
2026-02-07 01:00:10,351 [INFO] 📨 contact@luminesfox.com: IDLE notification received
2026-02-07 01:00:15,325 [INFO] 📨 contact@jakeberrimor.com: IDLE notification received
2026-02-07 01:00:17,377 [INFO] 📨 dparmeev@luminesfox.com: IDLE notification received
2026-02-07 01:00:20,329 [INFO] 📨 spam@jakeberrimor.com: IDLE notification received
2026-02-07 01:00:20,333 [INFO] 📨 a.parmeev@jakeberrimor.com: IDLE notification received
2026-02-07 01:02:09,646 [INFO] 📨 a.parmeev@jakeberrimor.com: IDLE notification received
2026-02-07 01:02:10,520 [INFO] 📨 dparmeev@luminesfox.com: IDLE notification received
2026-02-07 01:02:12,532 [INFO] 📨 contact@jakeberrimor.com: IDLE notification received
2026-02-07 01:02:15,524 [INFO] 📨 contact@luminesfox.com: IDLE notification received
2026-02-07 01:02:19,524 [INFO] 📨 spam@jakeberrimor.com: IDLE notification received
2026-02-07 01:04:09,693 [INFO] 📨 a.parmeev@jakeberrimor.com: IDLE notification received
2026-02-07 01:04:09,851 [INFO] 📨 contact@luminesfox.com: IDLE notification received
2026-02-07 01:04:10,247 [INFO] 📨 contact@jakeberrimor.com: IDLE notification received
2026-02-07 01:04:16,254 [INFO] 📨 spam@jakeberrimor.com: IDLE notification received
2026-02-07 01:04:28,462 [INFO] 📨 dparmeev@luminesfox.com: IDLE notification received
2026-02-07 01:06:09,837 [INFO] 📨 spam@jakeberrimor.com: IDLE notification received
2026-02-07 01:06:10,033 [INFO] 📨 a.parmeev@jakeberrimor.com: IDLE notification received
2026-02-07 01:06:14,424 [INFO] 📨 contact@luminesfox.com: IDLE notification received
2026-02-07 01:06:19,179 [INFO] 📨 dparmeev@luminesfox.com: IDLE notification received
2026-02-07 01:06:19,206 [INFO] 📨 contact@jakeberrimor.com: IDLE notification received
2026-02-07 01:08:09,547 [INFO] 📨 contact@jakeberrimor.com: IDLE notification received
2026-02-07 01:08:11,422 [INFO] 📨 dparmeev@luminesfox.com: IDLE notification received
2026-02-07 01:08:11,434 [INFO] 📨 spam@jakeberrimor.com: IDLE notification received
2026-02-07 01:08:14,391 [INFO] 📨 contact@luminesfox.com: IDLE notification received
2026-02-07 01:08:15,420 [INFO] 📨 a.parmeev@jakeberrimor.com: IDLE notification received
2026-02-07 01:10:09,732 [INFO] 📨 a.parmeev@jakeberrimor.com: IDLE notification received
2026-02-07 01:10:12,515 [INFO] 📨 contact@luminesfox.com: IDLE notification received
2026-02-07 01:10:14,515 [INFO] 📨 spam@jakeberrimor.com: IDLE notification received
2026-02-07 01:10:14,535 [INFO] 📨 contact@jakeberrimor.com: IDLE notification received
2026-02-07 01:10:41,066 [INFO] 📨 dparmeev@luminesfox.com: IDLE notification received
2026-02-07 01:12:10,076 [INFO] 📨 a.parmeev@jakeberrimor.com: IDLE notification received
2026-02-07 01:12:11,099 [INFO] 📨 dparmeev@luminesfox.com: IDLE notification received
2026-02-07 01:12:14,102 [INFO] 📨 contact@jakeberrimor.com: IDLE notification received
2026-02-07 01:12:20,110 [INFO] 📨 spam@jakeberrimor.com: IDLE notification received
2026-02-07 01:12:20,124 [INFO] 📨 contact@luminesfox.com: IDLE notification received
2026-02-07 01:14:09,411 [INFO] 📨 a.parmeev@jakeberrimor.com: IDLE notification received
2026-02-07 01:14:09,436 [INFO] 📨 dparmeev@luminesfox.com: IDLE notification received
2026-02-07 01:14:09,462 [INFO] 📨 contact@luminesfox.com: IDLE notification received
2026-02-07 01:14:09,910 [INFO] 📨 spam@jakeberrimor.com: IDLE notification received
2026-02-07 01:14:15,167 [INFO] 📨 contact@jakeberrimor.com: IDLE notification received
2026-02-07 01:16:13,242 [INFO] 📨 contact@jakeberrimor.com: IDLE notification received
2026-02-07 01:16:14,240 [INFO] 📨 dparmeev@luminesfox.com: IDLE notification received
2026-02-07 01:16:15,239 [INFO] 📨 contact@luminesfox.com: IDLE notification received
2026-02-07 01:16:17,248 [INFO] 📨 a.parmeev@jakeberrimor.com: IDLE notification received
2026-02-07 01:16:21,239 [INFO] 📨 spam@jakeberrimor.com: IDLE notification received
2026-02-07 01:18:09,539 [INFO] 📨 a.parmeev@jakeberrimor.com: IDLE notification received
2026-02-07 01:18:11,413 [INFO] 📨 contact@jakeberrimor.com: IDLE notification received
2026-02-07 01:18:13,307 [INFO] 📨 spam@jakeberrimor.com: IDLE notification received
2026-02-07 01:18:13,322 [INFO] 📨 contact@luminesfox.com: IDLE notification received
2026-02-07 01:18:21,184 [INFO] 📨 dparmeev@luminesfox.com: IDLE notification received
2026-02-07 01:33:09,784 [INFO] 🔄 a.parmeev@jakeberrimor.com: Periodic reconnect
2026-02-07 01:33:09,784 [ERROR] ❌ a.parmeev@jakeberrimor.com: Connection error: EOF occurred in violation of protocol (_ssl.c:2406)
2026-02-07 01:33:09,784 [INFO] 🔁 a.parmeev@jakeberrimor.com: Reconnecting in 5s...
2026-02-07 01:33:11,640 [INFO] 🔄 contact@jakeberrimor.com: Periodic reconnect
2026-02-07 01:33:11,640 [ERROR] ❌ contact@jakeberrimor.com: Connection error: EOF occurred in violation of protocol (_ssl.c:2406)
2026-02-07 01:33:11,640 [INFO] 🔁 contact@jakeberrimor.com: Reconnecting in 5s...
2026-02-07 01:33:13,555 [INFO] 🔄 contact@luminesfox.com: Periodic reconnect
2026-02-07 01:33:13,556 [ERROR] ❌ contact@luminesfox.com: Connection error: EOF occurred in violation of protocol (_ssl.c:2406)
2026-02-07 01:33:13,556 [INFO] 🔁 contact@luminesfox.com: Reconnecting in 5s...
2026-02-07 01:33:14,786 [INFO] 🔌 Connecting to a.parmeev@jakeberrimor.com@mail.hosting.reg.ru...
2026-02-07 01:33:15,400 [INFO] 📬 a.parmeev@jakeberrimor.com: Starting from UID 14
2026-02-07 01:33:15,447 [INFO] ✅ a.parmeev@jakeberrimor.com: IDLE monitoring active
2026-02-07 01:33:16,641 [INFO] 🔌 Connecting to contact@jakeberrimor.com@mail.hosting.reg.ru...
2026-02-07 01:33:17,252 [INFO] 📬 contact@jakeberrimor.com: Starting from UID 421
2026-02-07 01:33:17,300 [INFO] ✅ contact@jakeberrimor.com: IDLE monitoring active
2026-02-07 01:33:18,556 [INFO] 🔌 Connecting to contact@luminesfox.com@mail.hosting.reg.ru...
2026-02-07 01:33:19,217 [INFO] 📬 contact@luminesfox.com: Starting from UID 72
2026-02-07 01:33:19,268 [INFO] ✅ contact@luminesfox.com: IDLE monitoring active
2026-02-07 01:33:21,457 [INFO] 🔄 dparmeev@luminesfox.com: Periodic reconnect
2026-02-07 01:33:21,457 [ERROR] ❌ dparmeev@luminesfox.com: Connection error: EOF occurred in violation of protocol (_ssl.c:2406)
2026-02-07 01:33:21,458 [INFO] 🔁 dparmeev@luminesfox.com: Reconnecting in 5s...
2026-02-07 01:33:26,458 [INFO] 🔌 Connecting to dparmeev@luminesfox.com@mail.hosting.reg.ru...
2026-02-07 01:33:32,335 [INFO] 🔄 spam@jakeberrimor.com: Periodic reconnect
2026-02-07 01:33:32,336 [ERROR] ❌ spam@jakeberrimor.com: Connection error: EOF occurred in violation of protocol (_ssl.c:2406)
2026-02-07 01:33:32,336 [INFO] 🔁 spam@jakeberrimor.com: Reconnecting in 5s...
2026-02-07 01:33:37,336 [INFO] 🔌 Connecting to spam@jakeberrimor.com@mail.hosting.reg.ru...
2026-02-07 01:33:41,922 [INFO] 📬 spam@jakeberrimor.com: Starting from UID 488
2026-02-07 01:33:41,968 [INFO] ✅ spam@jakeberrimor.com: IDLE monitoring active
2026-02-07 01:33:56,930 [ERROR] ❌ dparmeev@luminesfox.com: Connection error: The read operation timed out
2026-02-07 01:33:56,931 [INFO] 🔁 dparmeev@luminesfox.com: Reconnecting in 10s...
2026-02-07 01:34:06,931 [INFO] 🔌 Connecting to dparmeev@luminesfox.com@mail.hosting.reg.ru...
2026-02-07 01:34:09,400 [INFO] 📨 contact@jakeberrimor.com: IDLE notification received
2026-02-07 01:34:09,448 [INFO] 📨 contact@luminesfox.com: IDLE notification received
2026-02-07 01:34:09,502 [INFO] 📨 a.parmeev@jakeberrimor.com: IDLE notification received
2026-02-07 01:34:23,626 [INFO] 📬 dparmeev@luminesfox.com: Starting from UID 2373
2026-02-07 01:34:36,116 [INFO] 📨 spam@jakeberrimor.com: IDLE notification received
2026-02-07 01:34:53,641 [ERROR] ❌ dparmeev@luminesfox.com: Connection error: The read operation timed out
2026-02-07 01:34:53,641 [INFO] 🔁 dparmeev@luminesfox.com: Reconnecting in 20s...
2026-02-07 01:35:13,641 [INFO] 🔌 Connecting to dparmeev@luminesfox.com@mail.hosting.reg.ru...
2026-02-07 01:35:21,233 [INFO] 📬 dparmeev@luminesfox.com: Starting from UID 2373
2026-02-07 01:35:21,280 [INFO] ✅ dparmeev@luminesfox.com: IDLE monitoring active
2026-02-07 01:36:09,329 [INFO] 📨 dparmeev@luminesfox.com: IDLE notification received
2026-02-07 01:36:09,405 [INFO] 📨 spam@jakeberrimor.com: IDLE notification received
2026-02-07 01:36:09,800 [INFO] 📨 contact@luminesfox.com: IDLE notification received
2026-02-07 01:36:09,854 [INFO] 📨 a.parmeev@jakeberrimor.com: IDLE notification received
2026-02-07 01:36:14,411 [INFO] 📨 contact@jakeberrimor.com: IDLE notification received
2026-02-07 01:38:09,152 [INFO] 📨 a.parmeev@jakeberrimor.com: IDLE notification received
2026-02-07 01:38:09,756 [INFO] 📨 contact@jakeberrimor.com: IDLE notification received
2026-02-07 01:38:10,647 [INFO] 📨 spam@jakeberrimor.com: IDLE notification received
2026-02-07 01:38:14,042 [INFO] 📨 contact@luminesfox.com: IDLE notification received
2026-02-07 01:38:22,156 [INFO] 📨 dparmeev@luminesfox.com: IDLE notification received
2026-02-07 01:40:09,503 [INFO] 📨 a.parmeev@jakeberrimor.com: IDLE notification received
2026-02-07 01:40:09,992 [INFO] 📨 spam@jakeberrimor.com: IDLE notification received
2026-02-07 01:40:10,107 [INFO] 📨 contact@jakeberrimor.com: IDLE notification received
2026-02-07 01:40:14,168 [INFO] 📨 contact@luminesfox.com: IDLE notification received
2026-02-07 01:40:25,425 [INFO] 📨 dparmeev@luminesfox.com: IDLE notification received
2026-02-07 01:42:09,362 [INFO] 📨 spam@jakeberrimor.com: IDLE notification received
2026-02-07 01:42:09,436 [INFO] 📨 contact@jakeberrimor.com: IDLE notification received
2026-02-07 01:42:09,489 [INFO] 📨 contact@luminesfox.com: IDLE notification received
2026-02-07 01:42:09,852 [INFO] 📨 a.parmeev@jakeberrimor.com: IDLE notification received
2026-02-07 01:42:11,088 [INFO] 📨 dparmeev@luminesfox.com: IDLE notification received
2026-02-07 01:42:41,143 [ERROR] ❌ dparmeev@luminesfox.com: Connection error: The read operation timed out
2026-02-07 01:42:41,143 [INFO] 🔁 dparmeev@luminesfox.com: Reconnecting in 5s...
2026-02-07 01:42:46,143 [INFO] 🔌 Connecting to dparmeev@luminesfox.com@mail.hosting.reg.ru...
2026-02-07 01:42:46,821 [INFO] 📬 dparmeev@luminesfox.com: Starting from UID 2373
2026-02-07 01:42:46,868 [INFO] ✅ dparmeev@luminesfox.com: IDLE monitoring active
2026-02-07 01:44:09,661 [INFO] 📨 spam@jakeberrimor.com: IDLE notification received
2026-02-07 01:44:09,785 [INFO] 📨 contact@jakeberrimor.com: IDLE notification received
2026-02-07 01:44:09,865 [INFO] 📨 contact@luminesfox.com: IDLE notification received
2026-02-07 01:44:13,289 [INFO] 📨 a.parmeev@jakeberrimor.com: IDLE notification received
2026-02-07 01:44:13,293 [INFO] 📨 dparmeev@luminesfox.com: IDLE notification received
2026-02-07 01:46:09,195 [INFO] 📨 contact@luminesfox.com: IDLE notification received
2026-02-07 01:46:09,579 [INFO] 📨 a.parmeev@jakeberrimor.com: IDLE notification received
2026-02-07 01:46:10,136 [INFO] 📨 contact@jakeberrimor.com: IDLE notification received
2026-02-07 01:46:18,412 [INFO] 📨 spam@jakeberrimor.com: IDLE notification received
2026-02-07 01:46:35,271 [INFO] 📨 dparmeev@luminesfox.com: IDLE notification received
2026-02-07 01:48:09,451 [INFO] 📨 contact@jakeberrimor.com: IDLE notification received
2026-02-07 01:48:10,508 [INFO] 📨 dparmeev@luminesfox.com: IDLE notification received
2026-02-07 01:48:10,520 [INFO] 📨 spam@jakeberrimor.com: IDLE notification received
2026-02-07 01:48:12,517 [INFO] 📨 a.parmeev@jakeberrimor.com: IDLE notification received
2026-02-07 01:48:17,370 [INFO] 📨 contact@luminesfox.com: IDLE notification received
2026-02-07 01:50:09,673 [INFO] 📨 contact@luminesfox.com: IDLE notification received
2026-02-07 01:50:09,820 [INFO] 📨 a.parmeev@jakeberrimor.com: IDLE notification received
2026-02-07 01:50:09,843 [INFO] 📨 spam@jakeberrimor.com: IDLE notification received
2026-02-07 01:50:10,022 [INFO] 📨 contact@jakeberrimor.com: IDLE notification received
2026-02-07 01:50:10,141 [INFO] 📨 dparmeev@luminesfox.com: IDLE notification received
2026-02-07 01:52:09,164 [INFO] 📨 a.parmeev@jakeberrimor.com: IDLE notification received
2026-02-07 01:52:09,190 [INFO] 📨 spam@jakeberrimor.com: IDLE notification received
2026-02-07 01:52:09,596 [INFO] 📨 contact@jakeberrimor.com: IDLE notification received
2026-02-07 01:52:10,346 [INFO] 📨 contact@luminesfox.com: IDLE notification received
2026-02-07 01:52:23,217 [INFO] 📨 dparmeev@luminesfox.com: IDLE notification received
2026-02-07 01:54:09,294 [INFO] 📨 contact@luminesfox.com: IDLE notification received
2026-02-07 01:54:09,499 [INFO] 📨 a.parmeev@jakeberrimor.com: IDLE notification received
2026-02-07 01:54:09,524 [INFO] 📨 spam@jakeberrimor.com: IDLE notification received
2026-02-07 01:54:09,605 [INFO] 📨 dparmeev@luminesfox.com: IDLE notification received
2026-02-07 01:54:09,687 [INFO] 📨 contact@jakeberrimor.com: IDLE notification received
2026-02-07 01:56:09,444 [INFO] 📨 spam@jakeberrimor.com: IDLE notification received
2026-02-07 01:56:09,591 [INFO] 📨 contact@luminesfox.com: IDLE notification received
2026-02-07 01:56:10,050 [INFO] 📨 contact@jakeberrimor.com: IDLE notification received
2026-02-07 01:56:17,403 [INFO] 📨 dparmeev@luminesfox.com: IDLE notification received
2026-02-07 01:56:24,394 [INFO] 📨 a.parmeev@jakeberrimor.com: IDLE notification received
2026-02-07 01:58:09,725 [INFO] 📨 a.parmeev@jakeberrimor.com: IDLE notification received
2026-02-07 01:58:09,778 [INFO] 📨 dparmeev@luminesfox.com: IDLE notification received
2026-02-07 01:58:09,800 [INFO] 📨 spam@jakeberrimor.com: IDLE notification received
2026-02-07 01:58:16,833 [INFO] 📨 contact@luminesfox.com: IDLE notification received
2026-02-07 01:58:22,481 [INFO] 📨 contact@jakeberrimor.com: IDLE notification received
2026-02-07 02:00:09,141 [INFO] 📨 dparmeev@luminesfox.com: IDLE notification received
2026-02-07 02:00:09,808 [INFO] 📨 contact@jakeberrimor.com: IDLE notification received
2026-02-07 02:00:10,030 [INFO] 📨 a.parmeev@jakeberrimor.com: IDLE notification received
2026-02-07 02:00:20,182 [INFO] 📨 spam@jakeberrimor.com: IDLE notification received
2026-02-07 02:00:21,184 [INFO] 📨 contact@luminesfox.com: IDLE notification received
2026-02-07 02:02:09,127 [INFO] 📨 contact@jakeberrimor.com: IDLE notification received
2026-02-07 02:02:09,377 [INFO] 📨 a.parmeev@jakeberrimor.com: IDLE notification received
2026-02-07 02:02:09,485 [INFO] 📨 spam@jakeberrimor.com: IDLE notification received
2026-02-07 02:02:09,536 [INFO] 📨 contact@luminesfox.com: IDLE notification received
2026-02-07 02:02:14,174 [INFO] 📨 dparmeev@luminesfox.com: IDLE notification received
2026-02-07 02:04:09,532 [INFO] 📨 dparmeev@luminesfox.com: IDLE notification received
2026-02-07 02:04:09,700 [INFO] 📨 contact@jakeberrimor.com: IDLE notification received
2026-02-07 02:04:09,730 [INFO] 📨 a.parmeev@jakeberrimor.com: IDLE notification received
2026-02-07 02:04:09,890 [INFO] 📨 contact@luminesfox.com: IDLE notification received
2026-02-07 02:04:09,896 [INFO] 📨 spam@jakeberrimor.com: IDLE notification received
2026-02-07 02:06:09,210 [INFO] 📨 contact@luminesfox.com: IDLE notification received
2026-02-07 02:06:10,033 [INFO] 📨 contact@jakeberrimor.com: IDLE notification received
2026-02-07 02:06:10,059 [INFO] 📨 a.parmeev@jakeberrimor.com: IDLE notification received
2026-02-07 02:06:17,485 [INFO] 📨 spam@jakeberrimor.com: IDLE notification received
2026-02-07 02:06:19,296 [INFO] 📨 dparmeev@luminesfox.com: IDLE notification received
2026-02-07 02:08:09,368 [INFO] 📨 contact@jakeberrimor.com: IDLE notification received
2026-02-07 02:08:09,396 [INFO] 📨 a.parmeev@jakeberrimor.com: IDLE notification received
2026-02-07 02:08:09,810 [INFO] 📨 spam@jakeberrimor.com: IDLE notification received
2026-02-07 02:08:10,527 [INFO] 📨 dparmeev@luminesfox.com: IDLE notification received
2026-02-07 02:08:18,350 [INFO] 📨 contact@luminesfox.com: IDLE notification received
2026-02-07 02:10:09,156 [INFO] 📨 spam@jakeberrimor.com: IDLE notification received
2026-02-07 02:10:09,718 [INFO] 📨 contact@jakeberrimor.com: IDLE notification received
2026-02-07 02:10:09,744 [INFO] 📨 a.parmeev@jakeberrimor.com: IDLE notification received
2026-02-07 02:10:11,238 [INFO] 📨 contact@luminesfox.com: IDLE notification received
2026-02-07 02:10:15,102 [INFO] 📨 dparmeev@luminesfox.com: IDLE notification received
2026-02-07 02:12:10,057 [INFO] 📨 contact@jakeberrimor.com: IDLE notification received
2026-02-07 02:12:10,069 [INFO] 📨 a.parmeev@jakeberrimor.com: IDLE notification received
2026-02-07 02:12:11,263 [INFO] 📨 dparmeev@luminesfox.com: IDLE notification received
2026-02-07 02:12:11,263 [INFO] 📨 spam@jakeberrimor.com: IDLE notification received
2026-02-07 02:12:18,271 [INFO] 📨 contact@luminesfox.com: IDLE notification received
2026-02-07 02:14:09,380 [INFO] 📨 contact@jakeberrimor.com: IDLE notification received
2026-02-07 02:14:09,417 [INFO] 📨 a.parmeev@jakeberrimor.com: IDLE notification received
2026-02-07 02:14:09,602 [INFO] 📨 spam@jakeberrimor.com: IDLE notification received
2026-02-07 02:14:09,608 [INFO] 📨 contact@luminesfox.com: IDLE notification received
2026-02-07 02:14:10,355 [INFO] 📨 dparmeev@luminesfox.com: IDLE notification received
2026-02-07 02:16:09,411 [INFO] 📨 dparmeev@luminesfox.com: IDLE notification received
2026-02-07 02:16:09,700 [INFO] 📨 contact@jakeberrimor.com: IDLE notification received
2026-02-07 02:16:09,767 [INFO] 📨 a.parmeev@jakeberrimor.com: IDLE notification received
2026-02-07 02:16:09,939 [INFO] 📨 spam@jakeberrimor.com: IDLE notification received
2026-02-07 02:16:09,957 [INFO] 📨 contact@luminesfox.com: IDLE notification received
2026-02-07 02:18:09,243 [INFO] 📨 spam@jakeberrimor.com: IDLE notification received
2026-02-07 02:18:09,307 [INFO] 📨 contact@luminesfox.com: IDLE notification received
2026-02-07 02:18:10,053 [INFO] 📨 contact@jakeberrimor.com: IDLE notification received
2026-02-07 02:18:10,055 [INFO] 📨 a.parmeev@jakeberrimor.com: IDLE notification received
2026-02-07 02:18:12,499 [INFO] 📨 dparmeev@luminesfox.com: IDLE notification received
2026-02-07 02:20:09,401 [INFO] 📨 contact@jakeberrimor.com: IDLE notification received
2026-02-07 02:20:09,402 [INFO] 📨 a.parmeev@jakeberrimor.com: IDLE notification received
2026-02-07 02:20:09,552 [INFO] 📨 spam@jakeberrimor.com: IDLE notification received
2026-02-07 02:20:09,663 [INFO] 📨 contact@luminesfox.com: IDLE notification received
2026-02-07 02:20:09,839 [INFO] 📨 dparmeev@luminesfox.com: IDLE notification received
2026-02-07 02:22:09,228 [INFO] 📨 dparmeev@luminesfox.com: IDLE notification received
2026-02-07 02:22:09,721 [INFO] 📨 contact@jakeberrimor.com: IDLE notification received
2026-02-07 02:22:09,889 [INFO] 📨 spam@jakeberrimor.com: IDLE notification received
2026-02-07 02:22:10,002 [INFO] 📨 a.parmeev@jakeberrimor.com: IDLE notification received
2026-02-07 02:22:12,087 [INFO] 📨 contact@luminesfox.com: IDLE notification received
2026-02-07 02:24:09,303 [INFO] 📨 spam@jakeberrimor.com: IDLE notification received
2026-02-07 02:24:09,364 [INFO] 📨 a.parmeev@jakeberrimor.com: IDLE notification received
2026-02-07 02:24:09,427 [INFO] 📨 contact@luminesfox.com: IDLE notification received
2026-02-07 02:24:09,627 [INFO] 📨 dparmeev@luminesfox.com: IDLE notification received
2026-02-07 02:24:11,224 [INFO] 📨 contact@jakeberrimor.com: IDLE notification received
2026-02-07 02:26:09,479 [INFO] 📨 contact@luminesfox.com: IDLE notification received
2026-02-07 02:26:09,622 [INFO] 📨 spam@jakeberrimor.com: IDLE notification received
2026-02-07 02:26:09,666 [INFO] 📨 a.parmeev@jakeberrimor.com: IDLE notification received
2026-02-07 02:26:09,917 [INFO] 📨 contact@jakeberrimor.com: IDLE notification received
2026-02-07 02:26:11,271 [INFO] 📨 dparmeev@luminesfox.com: IDLE notification received
2026-02-07 02:28:09,252 [INFO] 📨 contact@jakeberrimor.com: IDLE notification received
2026-02-07 02:28:09,651 [INFO] 📨 dparmeev@luminesfox.com: IDLE notification received
2026-02-07 02:28:09,835 [INFO] 📨 contact@luminesfox.com: IDLE notification received
2026-02-07 02:28:09,956 [INFO] 📨 spam@jakeberrimor.com: IDLE notification received
2026-02-07 02:28:09,970 [INFO] 📨 a.parmeev@jakeberrimor.com: IDLE notification received
2026-02-07 02:30:09,294 [INFO] 📨 a.parmeev@jakeberrimor.com: IDLE notification received
2026-02-07 02:30:09,567 [INFO] 📨 contact@jakeberrimor.com: IDLE notification received
2026-02-07 02:30:10,019 [INFO] 📨 dparmeev@luminesfox.com: IDLE notification received
2026-02-07 02:30:15,438 [INFO] 📨 spam@jakeberrimor.com: IDLE notification received
2026-02-07 02:30:16,398 [INFO] 📨 contact@luminesfox.com: IDLE notification received
2026-02-07 02:32:09,645 [INFO] 📨 a.parmeev@jakeberrimor.com: IDLE notification received
2026-02-07 02:32:09,760 [INFO] 📨 spam@jakeberrimor.com: IDLE notification received
2026-02-07 02:32:09,901 [INFO] 📨 contact@luminesfox.com: IDLE notification received
2026-02-07 02:32:09,919 [INFO] 📨 contact@jakeberrimor.com: IDLE notification received
2026-02-07 02:32:23,155 [INFO] 📨 dparmeev@luminesfox.com: IDLE notification received
2026-02-07 02:34:09,271 [INFO] 📨 contact@jakeberrimor.com: IDLE notification received
2026-02-07 02:34:09,979 [INFO] 📨 a.parmeev@jakeberrimor.com: IDLE notification received
2026-02-07 02:34:13,080 [INFO] 📨 contact@luminesfox.com: IDLE notification received
2026-02-07 02:34:32,094 [INFO] 📨 spam@jakeberrimor.com: IDLE notification received
2026-02-07 02:34:33,090 [INFO] 📨 dparmeev@luminesfox.com: IDLE notification received
2026-02-07 02:36:09,329 [INFO] 📨 a.parmeev@jakeberrimor.com: IDLE notification received
2026-02-07 02:36:09,424 [INFO] 📨 contact@luminesfox.com: IDLE notification received
2026-02-07 02:36:09,578 [INFO] 📨 contact@jakeberrimor.com: IDLE notification received
2026-02-07 02:36:20,223 [INFO] 📨 dparmeev@luminesfox.com: IDLE notification received
2026-02-07 02:36:35,376 [INFO] 📨 spam@jakeberrimor.com: IDLE notification received
2026-02-07 02:38:09,583 [INFO] 📨 dparmeev@luminesfox.com: IDLE notification received
2026-02-07 02:38:09,654 [INFO] 📨 a.parmeev@jakeberrimor.com: IDLE notification received
2026-02-07 02:38:09,912 [INFO] 📨 contact@jakeberrimor.com: IDLE notification received
2026-02-07 02:38:19,435 [INFO] 📨 contact@luminesfox.com: IDLE notification received
2026-02-07 02:38:23,413 [INFO] 📨 spam@jakeberrimor.com: IDLE notification received
2026-02-07 02:40:09,380 [INFO] 📨 contact@jakeberrimor.com: IDLE notification received
2026-02-07 02:40:09,772 [INFO] 📨 contact@luminesfox.com: IDLE notification received
2026-02-07 02:40:10,003 [INFO] 📨 a.parmeev@jakeberrimor.com: IDLE notification received
2026-02-07 02:40:11,517 [INFO] 📨 spam@jakeberrimor.com: IDLE notification received
2026-02-07 02:40:38,392 [INFO] 📨 dparmeev@luminesfox.com: IDLE notification received
2026-02-07 02:42:09,354 [INFO] 📨 a.parmeev@jakeberrimor.com: IDLE notification received
2026-02-07 02:42:12,132 [INFO] 📨 contact@jakeberrimor.com: IDLE notification received
2026-02-07 02:42:17,139 [INFO] 📨 spam@jakeberrimor.com: IDLE notification received
2026-02-07 02:42:19,138 [INFO] 📨 dparmeev@luminesfox.com: IDLE notification received
2026-02-07 02:42:22,162 [INFO] 📨 contact@luminesfox.com: IDLE notification received
2026-02-07 02:44:09,462 [INFO] 📨 contact@jakeberrimor.com: IDLE notification received
2026-02-07 02:44:09,519 [INFO] 📨 dparmeev@luminesfox.com: IDLE notification received
2026-02-07 02:44:09,695 [INFO] 📨 a.parmeev@jakeberrimor.com: IDLE notification received
2026-02-07 02:44:10,361 [INFO] 📨 spam@jakeberrimor.com: IDLE notification received
2026-02-07 02:44:12,350 [INFO] 📨 contact@luminesfox.com: IDLE notification received
2026-02-07 02:46:09,683 [INFO] 📨 contact@luminesfox.com: IDLE notification received
2026-02-07 02:46:09,789 [INFO] 📨 contact@jakeberrimor.com: IDLE notification received
2026-02-07 02:46:09,899 [INFO] 📨 dparmeev@luminesfox.com: IDLE notification received
2026-02-07 02:46:10,054 [INFO] 📨 a.parmeev@jakeberrimor.com: IDLE notification received
2026-02-07 02:46:15,443 [INFO] 📨 spam@jakeberrimor.com: IDLE notification received
2026-02-07 02:48:09,402 [INFO] 📨 a.parmeev@jakeberrimor.com: IDLE notification received
2026-02-07 02:48:10,037 [INFO] 📨 contact@luminesfox.com: IDLE notification received
2026-02-07 02:48:10,101 [INFO] 📨 contact@jakeberrimor.com: IDLE notification received
2026-02-07 02:48:10,527 [INFO] 📨 dparmeev@luminesfox.com: IDLE notification received
2026-02-07 02:48:11,437 [INFO] 📨 spam@jakeberrimor.com: IDLE notification received
2026-02-07 02:50:09,424 [INFO] 📨 contact@jakeberrimor.com: IDLE notification received
2026-02-07 02:50:09,734 [INFO] 📨 a.parmeev@jakeberrimor.com: IDLE notification received
2026-02-07 02:50:09,748 [INFO] 📨 spam@jakeberrimor.com: IDLE notification received
2026-02-07 02:50:14,154 [INFO] 📨 dparmeev@luminesfox.com: IDLE notification received
2026-02-07 02:50:14,203 [INFO] 📨 contact@luminesfox.com: IDLE notification received
2026-02-07 02:52:09,501 [INFO] 📨 dparmeev@luminesfox.com: IDLE notification received
2026-02-07 02:52:09,533 [INFO] 📨 contact@luminesfox.com: IDLE notification received
2026-02-07 02:52:09,746 [INFO] 📨 contact@jakeberrimor.com: IDLE notification received
2026-02-07 02:52:10,049 [INFO] 📨 spam@jakeberrimor.com: IDLE notification received
2026-02-07 02:52:10,091 [INFO] 📨 a.parmeev@jakeberrimor.com: IDLE notification received
2026-02-07 02:54:09,379 [INFO] 📨 spam@jakeberrimor.com: IDLE notification received
2026-02-07 02:54:09,913 [INFO] 📨 dparmeev@luminesfox.com: IDLE notification received
2026-02-07 02:54:10,053 [INFO] 📨 contact@jakeberrimor.com: IDLE notification received
2026-02-07 02:54:18,409 [INFO] 📨 a.parmeev@jakeberrimor.com: IDLE notification received
2026-02-07 02:54:19,408 [INFO] 📨 contact@luminesfox.com: IDLE notification received
2026-02-07 02:56:09,364 [INFO] 📨 dparmeev@luminesfox.com: IDLE notification received
2026-02-07 02:56:09,403 [INFO] 📨 contact@jakeberrimor.com: IDLE notification received
2026-02-07 02:56:09,736 [INFO] 📨 a.parmeev@jakeberrimor.com: IDLE notification received
2026-02-07 02:56:09,993 [INFO] 📨 spam@jakeberrimor.com: IDLE notification received
2026-02-07 02:56:11,506 [INFO] 📨 contact@luminesfox.com: IDLE notification received
2026-02-07 02:58:09,175 [INFO] 📨 spam@jakeberrimor.com: IDLE notification received
2026-02-07 02:58:09,443 [INFO] 📨 contact@luminesfox.com: IDLE notification received
2026-02-07 02:58:09,676 [INFO] 📨 a.parmeev@jakeberrimor.com: IDLE notification received
2026-02-07 02:58:09,758 [INFO] 📨 contact@jakeberrimor.com: IDLE notification received
2026-02-07 02:58:09,872 [INFO] 📨 dparmeev@luminesfox.com: IDLE notification received
2026-02-07 03:00:09,498 [INFO] 📨 spam@jakeberrimor.com: IDLE notification received
2026-02-07 03:00:10,011 [INFO] 📨 a.parmeev@jakeberrimor.com: IDLE notification received
2026-02-07 03:00:10,065 [INFO] 📨 dparmeev@luminesfox.com: IDLE notification received
2026-02-07 03:00:10,138 [INFO] 📨 contact@jakeberrimor.com: IDLE notification received
2026-02-07 03:00:15,536 [INFO] 📨 contact@luminesfox.com: IDLE notification received
2026-02-07 03:00:19,329 [INFO] 📨 contact@jakeberrimor.com: IDLE notification received
2026-02-07 03:00:19,660 [INFO] 📥 Queued: contact@jakeberrimor.com from dokploy@jakeberrimor.com (buffer: 1)
2026-02-07 03:00:29,668 [INFO] ✅ Webhook sent: 1 event(s)
2026-02-07 03:02:09,359 [INFO] 📨 a.parmeev@jakeberrimor.com: IDLE notification received
2026-02-07 03:02:09,819 [INFO] 📨 contact@jakeberrimor.com: IDLE notification received
2026-02-07 03:02:09,834 [INFO] 📨 contact@luminesfox.com: IDLE notification received
2026-02-07 03:02:09,837 [INFO] 📨 spam@jakeberrimor.com: IDLE notification received
2026-02-07 03:02:18,334 [INFO] 📨 dparmeev@luminesfox.com: IDLE notification received
2026-02-07 03:04:09,130 [INFO] 📨 contact@jakeberrimor.com: IDLE notification received
2026-02-07 03:04:09,156 [INFO] 📨 contact@luminesfox.com: IDLE notification received
2026-02-07 03:04:09,172 [INFO] 📨 spam@jakeberrimor.com: IDLE notification received
2026-02-07 03:04:09,683 [INFO] 📨 dparmeev@luminesfox.com: IDLE notification received
2026-02-07 03:04:09,708 [INFO] 📨 a.parmeev@jakeberrimor.com: IDLE notification received
2026-02-07 03:06:09,453 [INFO] 📨 contact@jakeberrimor.com: IDLE notification received
2026-02-07 03:06:09,481 [INFO] 📨 contact@luminesfox.com: IDLE notification received
2026-02-07 03:06:09,514 [INFO] 📨 spam@jakeberrimor.com: IDLE notification received
2026-02-07 03:06:09,606 [INFO] 📨 dparmeev@luminesfox.com: IDLE notification received
2026-02-07 03:06:10,029 [INFO] 📨 a.parmeev@jakeberrimor.com: IDLE notification received
2026-02-07 03:08:09,365 [INFO] 📨 a.parmeev@jakeberrimor.com: IDLE notification received
2026-02-07 03:08:09,793 [INFO] 📨 spam@jakeberrimor.com: IDLE notification received
2026-02-07 03:08:09,810 [INFO] 📨 contact@luminesfox.com: IDLE notification received
2026-02-07 03:08:10,019 [INFO] 📨 dparmeev@luminesfox.com: IDLE notification received
2026-02-07 03:08:15,243 [INFO] 📨 contact@jakeberrimor.com: IDLE notification received
2026-02-07 03:10:09,344 [INFO] 📨 dparmeev@luminesfox.com: IDLE notification received
2026-02-07 03:10:09,345 [INFO] 📨 contact@luminesfox.com: IDLE notification received
2026-02-07 03:10:09,705 [INFO] 📨 a.parmeev@jakeberrimor.com: IDLE notification received
2026-02-07 03:10:10,087 [INFO] 📨 spam@jakeberrimor.com: IDLE notification received
2026-02-07 03:10:14,441 [INFO] 📨 contact@jakeberrimor.com: IDLE notification received
2026-02-07 03:12:09,385 [INFO] 📨 spam@jakeberrimor.com: IDLE notification received
2026-02-07 03:12:09,682 [INFO] 📨 contact@luminesfox.com: IDLE notification received
2026-02-07 03:12:09,719 [INFO] 📨 dparmeev@luminesfox.com: IDLE notification received
2026-02-07 03:12:09,768 [INFO] 📨 contact@jakeberrimor.com: IDLE notification received
2026-02-07 03:12:10,055 [INFO] 📨 a.parmeev@jakeberrimor.com: IDLE notification received
2026-02-07 03:14:09,403 [INFO] 📨 a.parmeev@jakeberrimor.com: IDLE notification received
2026-02-07 03:14:09,734 [INFO] 📨 spam@jakeberrimor.com: IDLE notification received
2026-02-07 03:14:10,061 [INFO] 📨 contact@luminesfox.com: IDLE notification received
2026-02-07 03:14:10,101 [INFO] 📨 contact@jakeberrimor.com: IDLE notification received
2026-02-07 03:14:10,129 [INFO] 📨 dparmeev@luminesfox.com: IDLE notification received
2026-02-07 03:16:09,435 [INFO] 📨 contact@jakeberrimor.com: IDLE notification received
2026-02-07 03:16:09,718 [INFO] 📨 a.parmeev@jakeberrimor.com: IDLE notification received
2026-02-07 03:16:10,076 [INFO] 📨 spam@jakeberrimor.com: IDLE notification received
2026-02-07 03:16:12,100 [INFO] 📨 contact@luminesfox.com: IDLE notification received
2026-02-07 03:16:15,326 [INFO] 📨 dparmeev@luminesfox.com: IDLE notification received
2026-02-07 03:18:09,419 [INFO] 📨 contact@luminesfox.com: IDLE notification received
2026-02-07 03:18:09,785 [INFO] 📨 contact@jakeberrimor.com: IDLE notification received
2026-02-07 03:18:10,059 [INFO] 📨 a.parmeev@jakeberrimor.com: IDLE notification received
2026-02-07 03:18:12,089 [INFO] 📨 spam@jakeberrimor.com: IDLE notification received
2026-02-07 03:18:16,428 [INFO] 📨 dparmeev@luminesfox.com: IDLE notification received
2026-02-07 03:33:09,649 [INFO] 🔄 contact@luminesfox.com: Periodic reconnect
2026-02-07 03:33:09,650 [ERROR] ❌ contact@luminesfox.com: Connection error: EOF occurred in violation of protocol (_ssl.c:2406)
2026-02-07 03:33:09,650 [INFO] 🔁 contact@luminesfox.com: Reconnecting in 5s...
2026-02-07 03:33:10,015 [INFO] 🔄 contact@jakeberrimor.com: Periodic reconnect
2026-02-07 03:33:10,016 [ERROR] ❌ contact@jakeberrimor.com: Connection error: EOF occurred in violation of protocol (_ssl.c:2406)
2026-02-07 03:33:10,016 [INFO] 🔁 contact@jakeberrimor.com: Reconnecting in 5s...
2026-02-07 03:33:10,287 [INFO] 🔄 a.parmeev@jakeberrimor.com: Periodic reconnect
2026-02-07 03:33:10,288 [ERROR] ❌ a.parmeev@jakeberrimor.com: Connection error: EOF occurred in violation of protocol (_ssl.c:2406)
2026-02-07 03:33:10,288 [INFO] 🔁 a.parmeev@jakeberrimor.com: Reconnecting in 5s...
2026-02-07 03:33:12,313 [INFO] 🔄 spam@jakeberrimor.com: Periodic reconnect
2026-02-07 03:33:12,314 [ERROR] ❌ spam@jakeberrimor.com: Connection error: EOF occurred in violation of protocol (_ssl.c:2406)
2026-02-07 03:33:12,314 [INFO] 🔁 spam@jakeberrimor.com: Reconnecting in 5s...
2026-02-07 03:33:14,650 [INFO] 🔌 Connecting to contact@luminesfox.com@mail.hosting.reg.ru...
2026-02-07 03:33:15,016 [INFO] 🔌 Connecting to contact@jakeberrimor.com@mail.hosting.reg.ru...
2026-02-07 03:33:15,258 [INFO] 📬 contact@luminesfox.com: Starting from UID 72
2026-02-07 03:33:15,288 [INFO] 🔌 Connecting to a.parmeev@jakeberrimor.com@mail.hosting.reg.ru...
2026-02-07 03:33:15,309 [INFO] ✅ contact@luminesfox.com: IDLE monitoring active
2026-02-07 03:33:16,707 [INFO] 🔄 dparmeev@luminesfox.com: Periodic reconnect
2026-02-07 03:33:16,707 [ERROR] ❌ dparmeev@luminesfox.com: Connection error: EOF occurred in violation of protocol (_ssl.c:2406)
2026-02-07 03:33:16,707 [INFO] 🔁 dparmeev@luminesfox.com: Reconnecting in 5s...
2026-02-07 03:33:17,315 [INFO] 🔌 Connecting to spam@jakeberrimor.com@mail.hosting.reg.ru...
2026-02-07 03:33:19,597 [INFO] 📬 contact@jakeberrimor.com: Starting from UID 422
2026-02-07 03:33:19,642 [INFO] ✅ contact@jakeberrimor.com: IDLE monitoring active
2026-02-07 03:33:21,708 [INFO] 🔌 Connecting to dparmeev@luminesfox.com@mail.hosting.reg.ru...
2026-02-07 03:33:22,340 [INFO] 📬 dparmeev@luminesfox.com: Starting from UID 2373
2026-02-07 03:33:22,386 [INFO] ✅ dparmeev@luminesfox.com: IDLE monitoring active
2026-02-07 03:33:27,452 [INFO] 📬 a.parmeev@jakeberrimor.com: Starting from UID 14
2026-02-07 03:33:27,499 [INFO] ✅ a.parmeev@jakeberrimor.com: IDLE monitoring active
2026-02-07 03:33:32,901 [INFO] 📬 spam@jakeberrimor.com: Starting from UID 488
2026-02-07 03:33:32,948 [INFO] ✅ spam@jakeberrimor.com: IDLE monitoring active
2026-02-07 03:34:09,434 [INFO] 📨 dparmeev@luminesfox.com: IDLE notification received
2026-02-07 03:34:09,539 [INFO] 📨 a.parmeev@jakeberrimor.com: IDLE notification received
2026-02-07 03:34:09,691 [INFO] 📨 contact@jakeberrimor.com: IDLE notification received
2026-02-07 03:34:16,265 [INFO] 📨 contact@luminesfox.com: IDLE notification received
2026-02-07 03:34:18,267 [INFO] 📨 spam@jakeberrimor.com: IDLE notification received
2026-02-07 03:36:09,806 [INFO] 📨 dparmeev@luminesfox.com: IDLE notification received
2026-02-07 03:36:09,891 [INFO] 📨 a.parmeev@jakeberrimor.com: IDLE notification received
2026-02-07 03:36:10,026 [INFO] 📨 contact@jakeberrimor.com: IDLE notification received
2026-02-07 03:36:18,343 [INFO] 📨 contact@luminesfox.com: IDLE notification received
2026-02-07 03:36:18,362 [INFO] 📨 spam@jakeberrimor.com: IDLE notification received
2026-02-07 03:38:09,201 [INFO] 📨 dparmeev@luminesfox.com: IDLE notification received
2026-02-07 03:38:09,239 [INFO] 📨 a.parmeev@jakeberrimor.com: IDLE notification received
2026-02-07 03:38:09,358 [INFO] 📨 contact@jakeberrimor.com: IDLE notification received
2026-02-07 03:38:15,139 [INFO] 📨 contact@luminesfox.com: IDLE notification received
2026-02-07 03:38:29,427 [INFO] 📨 spam@jakeberrimor.com: IDLE notification received
2026-02-07 03:40:09,596 [INFO] 📨 dparmeev@luminesfox.com: IDLE notification received
2026-02-07 03:40:11,383 [INFO] 📨 a.parmeev@jakeberrimor.com: IDLE notification received
2026-02-07 03:40:11,408 [INFO] 📨 contact@luminesfox.com: IDLE notification received
2026-02-07 03:40:12,453 [INFO] 📨 spam@jakeberrimor.com: IDLE notification received
2026-02-07 03:40:14,326 [INFO] 📨 contact@jakeberrimor.com: IDLE notification received
2026-02-07 03:42:09,762 [INFO] 📨 a.parmeev@jakeberrimor.com: IDLE notification received
2026-02-07 03:42:09,986 [INFO] 📨 dparmeev@luminesfox.com: IDLE notification received
2026-02-07 03:42:17,415 [INFO] 📨 contact@luminesfox.com: IDLE notification received
2026-02-07 03:42:18,229 [INFO] 📨 spam@jakeberrimor.com: IDLE notification received
2026-02-07 03:42:21,228 [INFO] 📨 contact@jakeberrimor.com: IDLE notification received
2026-02-07 03:44:09,362 [INFO] 📨 dparmeev@luminesfox.com: IDLE notification received
2026-02-07 03:44:09,529 [INFO] 📨 contact@jakeberrimor.com: IDLE notification received
2026-02-07 03:44:10,098 [INFO] 📨 a.parmeev@jakeberrimor.com: IDLE notification received
2026-02-07 03:44:26,442 [INFO] 📨 contact@luminesfox.com: IDLE notification received
2026-02-07 03:44:26,458 [INFO] 📨 spam@jakeberrimor.com: IDLE notification received
2026-02-07 03:46:09,420 [INFO] 📨 a.parmeev@jakeberrimor.com: IDLE notification received
2026-02-07 03:46:09,748 [INFO] 📨 dparmeev@luminesfox.com: IDLE notification received
2026-02-07 03:46:09,846 [INFO] 📨 contact@jakeberrimor.com: IDLE notification received
2026-02-07 03:46:11,469 [INFO] 📨 contact@luminesfox.com: IDLE notification received
2026-02-07 03:46:30,118 [INFO] 📨 spam@jakeberrimor.com: IDLE notification received
2026-02-07 03:48:09,146 [INFO] 📨 contact@jakeberrimor.com: IDLE notification received
2026-02-07 03:48:09,694 [INFO] 📨 a.parmeev@jakeberrimor.com: IDLE notification received
2026-02-07 03:48:10,131 [INFO] 📨 dparmeev@luminesfox.com: IDLE notification received
2026-02-07 03:48:12,713 [INFO] 📨 contact@luminesfox.com: IDLE notification received
2026-02-07 03:48:13,332 [INFO] 📨 spam@jakeberrimor.com: IDLE notification received
2026-02-07 03:50:09,460 [INFO] 📨 contact@jakeberrimor.com: IDLE notification received
2026-02-07 03:50:10,001 [INFO] 📨 a.parmeev@jakeberrimor.com: IDLE notification received
2026-02-07 03:50:10,406 [INFO] 📨 contact@luminesfox.com: IDLE notification received
2026-02-07 03:50:13,404 [INFO] 📨 dparmeev@luminesfox.com: IDLE notification received
2026-02-07 03:50:30,417 [INFO] 📨 spam@jakeberrimor.com: IDLE notification received
2026-02-07 03:52:09,327 [INFO] 📨 a.parmeev@jakeberrimor.com: IDLE notification received
2026-02-07 03:52:10,049 [INFO] 📨 dparmeev@luminesfox.com: IDLE notification received
2026-02-07 03:52:11,467 [INFO] 📨 spam@jakeberrimor.com: IDLE notification received
2026-02-07 03:52:15,539 [INFO] 📨 contact@luminesfox.com: IDLE notification received
2026-02-07 03:52:37,168 [INFO] 📨 contact@jakeberrimor.com: IDLE notification received
2026-02-07 03:54:09,249 [INFO] 📨 dparmeev@luminesfox.com: IDLE notification received
2026-02-07 03:54:09,693 [INFO] 📨 a.parmeev@jakeberrimor.com: IDLE notification received
2026-02-07 03:54:13,141 [INFO] 📨 contact@luminesfox.com: IDLE notification received
2026-02-07 03:54:15,143 [INFO] 📨 contact@jakeberrimor.com: IDLE notification received
2026-02-07 03:54:15,152 [INFO] 📨 spam@jakeberrimor.com: IDLE notification received
2026-02-07 03:56:09,458 [INFO] 📨 contact@jakeberrimor.com: IDLE notification received
2026-02-07 03:56:09,611 [INFO] 📨 dparmeev@luminesfox.com: IDLE notification received
2026-02-07 03:56:10,031 [INFO] 📨 a.parmeev@jakeberrimor.com: IDLE notification received
2026-02-07 03:56:10,247 [INFO] 📨 contact@luminesfox.com: IDLE notification received
2026-02-07 03:56:21,269 [INFO] 📨 spam@jakeberrimor.com: IDLE notification received
2026-02-07 03:58:09,350 [INFO] 📨 a.parmeev@jakeberrimor.com: IDLE notification received
2026-02-07 03:58:09,980 [INFO] 📨 dparmeev@luminesfox.com: IDLE notification received
2026-02-07 03:58:12,331 [INFO] 📨 contact@jakeberrimor.com: IDLE notification received
2026-02-07 03:58:15,934 [INFO] 📨 contact@luminesfox.com: IDLE notification received
2026-02-07 03:58:29,350 [INFO] 📨 spam@jakeberrimor.com: IDLE notification received
2026-02-07 04:00:09,339 [INFO] 📨 dparmeev@luminesfox.com: IDLE notification received
2026-02-07 04:00:09,674 [INFO] 📨 a.parmeev@jakeberrimor.com: IDLE notification received
2026-02-07 04:00:13,109 [INFO] 📨 spam@jakeberrimor.com: IDLE notification received
2026-02-07 04:00:15,090 [INFO] 📨 contact@jakeberrimor.com: IDLE notification received
2026-02-07 04:00:17,091 [INFO] 📨 contact@luminesfox.com: IDLE notification received
2026-02-07 04:02:09,722 [INFO] 📨 dparmeev@luminesfox.com: IDLE notification received
2026-02-07 04:02:10,011 [INFO] 📨 a.parmeev@jakeberrimor.com: IDLE notification received
2026-02-07 04:02:10,241 [INFO] 📨 spam@jakeberrimor.com: IDLE notification received
2026-02-07 04:02:13,906 [INFO] 📨 dparmeev@luminesfox.com: IDLE notification received
2026-02-07 04:02:13,906 [ERROR] ❌ dparmeev@luminesfox.com: Connection error: socket error: EOF
2026-02-07 04:02:13,906 [INFO] 🔁 dparmeev@luminesfox.com: Reconnecting in 5s...
2026-02-07 04:02:13,907 [INFO] 📨 a.parmeev@jakeberrimor.com: IDLE notification received
2026-02-07 04:02:13,907 [ERROR] ❌ a.parmeev@jakeberrimor.com: Connection error: socket error: EOF
2026-02-07 04:02:13,907 [INFO] 🔁 a.parmeev@jakeberrimor.com: Reconnecting in 5s...
2026-02-07 04:02:15,998 [INFO] 📨 spam@jakeberrimor.com: IDLE notification received
2026-02-07 04:02:15,998 [ERROR] ❌ spam@jakeberrimor.com: Connection error: socket error: EOF
2026-02-07 04:02:15,998 [INFO] 🔁 spam@jakeberrimor.com: Reconnecting in 5s...
2026-02-07 04:02:18,906 [INFO] 🔌 Connecting to dparmeev@luminesfox.com@mail.hosting.reg.ru...
2026-02-07 04:02:18,908 [INFO] 🔌 Connecting to a.parmeev@jakeberrimor.com@mail.hosting.reg.ru...
2026-02-07 04:02:20,998 [INFO] 🔌 Connecting to spam@jakeberrimor.com@mail.hosting.reg.ru...
2026-02-07 04:02:21,590 [INFO] 📬 spam@jakeberrimor.com: Starting from UID 488
2026-02-07 04:02:21,636 [INFO] ✅ spam@jakeberrimor.com: IDLE monitoring active
2026-02-07 04:02:23,555 [INFO] 📬 dparmeev@luminesfox.com: Starting from UID 2373
2026-02-07 04:02:23,602 [INFO] ✅ dparmeev@luminesfox.com: IDLE monitoring active
2026-02-07 04:02:33,304 [INFO] 📨 contact@luminesfox.com: IDLE notification received
2026-02-07 04:02:33,304 [ERROR] ❌ contact@luminesfox.com: Connection error: socket error: EOF
2026-02-07 04:02:33,305 [INFO] 🔁 contact@luminesfox.com: Reconnecting in 5s...
2026-02-07 04:02:35,301 [INFO] 📨 contact@jakeberrimor.com: IDLE notification received
2026-02-07 04:02:35,302 [ERROR] ❌ contact@jakeberrimor.com: Connection error: socket error: EOF
2026-02-07 04:02:35,302 [INFO] 🔁 contact@jakeberrimor.com: Reconnecting in 5s...
2026-02-07 04:02:38,305 [INFO] 🔌 Connecting to contact@luminesfox.com@mail.hosting.reg.ru...
2026-02-07 04:02:38,551 [INFO] 📬 a.parmeev@jakeberrimor.com: Starting from UID 14
2026-02-07 04:02:38,597 [INFO] ✅ a.parmeev@jakeberrimor.com: IDLE monitoring active
2026-02-07 04:02:38,901 [INFO] 📬 contact@luminesfox.com: Starting from UID 72
2026-02-07 04:02:38,948 [INFO] ✅ contact@luminesfox.com: IDLE monitoring active
2026-02-07 04:02:40,302 [INFO] 🔌 Connecting to contact@jakeberrimor.com@mail.hosting.reg.ru...
2026-02-07 04:02:40,898 [INFO] 📬 contact@jakeberrimor.com: Starting from UID 422
2026-02-07 04:02:40,944 [INFO] ✅ contact@jakeberrimor.com: IDLE monitoring active
2026-02-07 04:04:09,707 [INFO] 📨 dparmeev@luminesfox.com: IDLE notification received
2026-02-07 04:04:09,717 [INFO] 📨 spam@jakeberrimor.com: IDLE notification received
2026-02-07 04:04:17,489 [INFO] 📨 contact@luminesfox.com: IDLE notification received
2026-02-07 04:04:24,419 [INFO] 📨 a.parmeev@jakeberrimor.com: IDLE notification received
2026-02-07 04:04:39,422 [INFO] 📨 contact@jakeberrimor.com: IDLE notification received
2026-02-07 04:06:09,737 [INFO] 📨 a.parmeev@jakeberrimor.com: IDLE notification received
2026-02-07 04:06:09,795 [INFO] 📨 contact@luminesfox.com: IDLE notification received
2026-02-07 04:06:10,078 [INFO] 📨 spam@jakeberrimor.com: IDLE notification received
2026-02-07 04:06:10,108 [INFO] 📨 dparmeev@luminesfox.com: IDLE notification received
2026-02-07 04:06:25,240 [INFO] 📨 contact@jakeberrimor.com: IDLE notification received
2026-02-07 04:08:09,426 [INFO] 📨 spam@jakeberrimor.com: IDLE notification received
2026-02-07 04:08:09,473 [INFO] 📨 dparmeev@luminesfox.com: IDLE notification received
2026-02-07 04:08:10,142 [INFO] 📨 contact@luminesfox.com: IDLE notification received
2026-02-07 04:08:12,161 [INFO] 📨 contact@jakeberrimor.com: IDLE notification received
2026-02-07 04:08:12,435 [INFO] 📨 a.parmeev@jakeberrimor.com: IDLE notification received
2026-02-07 04:10:09,468 [INFO] 📨 contact@luminesfox.com: IDLE notification received
2026-02-07 04:10:10,374 [INFO] 📨 dparmeev@luminesfox.com: IDLE notification received
2026-02-07 04:10:10,375 [INFO] 📨 spam@jakeberrimor.com: IDLE notification received
2026-02-07 04:10:17,289 [INFO] 📨 contact@jakeberrimor.com: IDLE notification received
2026-02-07 04:10:21,299 [INFO] 📨 a.parmeev@jakeberrimor.com: IDLE notification received
2026-02-07 04:12:09,482 [INFO] 📨 contact@jakeberrimor.com: IDLE notification received
2026-02-07 04:12:09,609 [INFO] 📨 a.parmeev@jakeberrimor.com: IDLE notification received
2026-02-07 04:12:09,801 [INFO] 📨 contact@luminesfox.com: IDLE notification received
2026-02-07 04:12:09,843 [INFO] 📨 spam@jakeberrimor.com: IDLE notification received
2026-02-07 04:12:09,938 [INFO] 📨 dparmeev@luminesfox.com: IDLE notification received
2026-02-07 04:14:09,130 [INFO] 📨 contact@luminesfox.com: IDLE notification received
2026-02-07 04:14:09,188 [INFO] 📨 spam@jakeberrimor.com: IDLE notification received
2026-02-07 04:14:09,322 [INFO] 📨 dparmeev@luminesfox.com: IDLE notification received
2026-02-07 04:14:09,972 [INFO] 📨 a.parmeev@jakeberrimor.com: IDLE notification received
2026-02-07 04:14:16,183 [INFO] 📨 contact@jakeberrimor.com: IDLE notification received
2026-02-07 04:16:09,475 [INFO] 📨 contact@luminesfox.com: IDLE notification received
2026-02-07 04:16:09,536 [INFO] 📨 spam@jakeberrimor.com: IDLE notification received
2026-02-07 04:16:09,687 [INFO] 📨 dparmeev@luminesfox.com: IDLE notification received
2026-02-07 04:16:16,220 [INFO] 📨 a.parmeev@jakeberrimor.com: IDLE notification received
2026-02-07 04:16:21,225 [INFO] 📨 contact@jakeberrimor.com: IDLE notification received
2026-02-07 04:18:09,516 [INFO] 📨 a.parmeev@jakeberrimor.com: IDLE notification received
2026-02-07 04:18:09,822 [INFO] 📨 contact@luminesfox.com: IDLE notification received
2026-02-07 04:18:09,875 [INFO] 📨 spam@jakeberrimor.com: IDLE notification received
2026-02-07 04:18:10,075 [INFO] 📨 dparmeev@luminesfox.com: IDLE notification received
2026-02-07 04:18:11,206 [INFO] 📨 contact@jakeberrimor.com: IDLE notification received
2026-02-07 04:20:09,173 [INFO] 📨 contact@luminesfox.com: IDLE notification received
2026-02-07 04:20:09,224 [INFO] 📨 spam@jakeberrimor.com: IDLE notification received
2026-02-07 04:20:09,441 [INFO] 📨 dparmeev@luminesfox.com: IDLE notification received
2026-02-07 04:20:21,401 [INFO] 📨 a.parmeev@jakeberrimor.com: IDLE notification received
2026-02-07 04:20:21,402 [INFO] 📨 contact@jakeberrimor.com: IDLE notification received
2026-02-07 04:22:09,513 [INFO] 📨 contact@luminesfox.com: IDLE notification received
2026-02-07 04:22:09,549 [INFO] 📨 spam@jakeberrimor.com: IDLE notification received
2026-02-07 04:22:09,741 [INFO] 📨 a.parmeev@jakeberrimor.com: IDLE notification received
2026-02-07 04:22:09,783 [INFO] 📨 dparmeev@luminesfox.com: IDLE notification received
2026-02-07 04:22:19,288 [INFO] 📨 contact@jakeberrimor.com: IDLE notification received
2026-02-07 04:24:09,155 [INFO] 📨 dparmeev@luminesfox.com: IDLE notification received
2026-02-07 04:24:10,010 [INFO] 📨 spam@jakeberrimor.com: IDLE notification received
2026-02-07 04:24:10,144 [INFO] 📨 contact@luminesfox.com: IDLE notification received
2026-02-07 04:24:12,139 [INFO] 📨 a.parmeev@jakeberrimor.com: IDLE notification received
2026-02-07 04:24:28,294 [INFO] 📨 contact@jakeberrimor.com: IDLE notification received
2026-02-07 04:26:09,526 [INFO] 📨 dparmeev@luminesfox.com: IDLE notification received
2026-02-07 04:26:09,596 [INFO] 📨 contact@luminesfox.com: IDLE notification received
2026-02-07 04:26:09,830 [INFO] 📨 spam@jakeberrimor.com: IDLE notification received
2026-02-07 04:26:09,956 [INFO] 📨 a.parmeev@jakeberrimor.com: IDLE notification received
2026-02-07 04:26:16,546 [INFO] 📨 contact@jakeberrimor.com: IDLE notification received
2026-02-07 04:28:09,269 [INFO] 📨 a.parmeev@jakeberrimor.com: IDLE notification received
2026-02-07 04:28:17,120 [INFO] 📨 contact@luminesfox.com: IDLE notification received
2026-02-07 04:28:17,122 [INFO] 📨 spam@jakeberrimor.com: IDLE notification received
2026-02-07 04:28:17,123 [INFO] 📨 dparmeev@luminesfox.com: IDLE notification received
2026-02-07 04:28:28,165 [INFO] 📨 contact@jakeberrimor.com: IDLE notification received
2026-02-07 04:30:09,451 [INFO] 📨 spam@jakeberrimor.com: IDLE notification received
2026-02-07 04:30:09,475 [INFO] 📨 contact@luminesfox.com: IDLE notification received
2026-02-07 04:30:09,505 [INFO] 📨 dparmeev@luminesfox.com: IDLE notification received
2026-02-07 04:30:24,510 [INFO] 📨 contact@jakeberrimor.com: IDLE notification received
2026-02-07 04:30:42,388 [INFO] 📨 a.parmeev@jakeberrimor.com: IDLE notification received
2026-02-07 04:32:09,684 [INFO] 📨 a.parmeev@jakeberrimor.com: IDLE notification received
2026-02-07 04:32:09,775 [INFO] 📨 spam@jakeberrimor.com: IDLE notification received
2026-02-07 04:32:09,779 [INFO] 📨 contact@luminesfox.com: IDLE notification received
2026-02-07 04:32:09,890 [INFO] 📨 dparmeev@luminesfox.com: IDLE notification received
2026-02-07 04:32:23,114 [INFO] 📨 contact@jakeberrimor.com: IDLE notification received
2026-02-07 04:34:09,240 [INFO] 📨 dparmeev@luminesfox.com: IDLE notification received
2026-02-07 04:34:10,035 [INFO] 📨 a.parmeev@jakeberrimor.com: IDLE notification received
2026-02-07 04:34:10,091 [INFO] 📨 spam@jakeberrimor.com: IDLE notification received
2026-02-07 04:34:10,108 [INFO] 📨 contact@luminesfox.com: IDLE notification received
2026-02-07 04:34:10,194 [INFO] 📨 contact@jakeberrimor.com: IDLE notification received
2026-02-07 04:36:09,420 [INFO] 📨 spam@jakeberrimor.com: IDLE notification received
2026-02-07 04:36:09,432 [INFO] 📨 contact@luminesfox.com: IDLE notification received
2026-02-07 04:36:09,592 [INFO] 📨 dparmeev@luminesfox.com: IDLE notification received
2026-02-07 04:36:11,843 [INFO] 📨 contact@jakeberrimor.com: IDLE notification received
2026-02-07 04:36:19,269 [INFO] 📨 a.parmeev@jakeberrimor.com: IDLE notification received
2026-02-07 04:38:09,723 [INFO] 📨 contact@luminesfox.com: IDLE notification received
2026-02-07 04:38:09,765 [INFO] 📨 spam@jakeberrimor.com: IDLE notification received
2026-02-07 04:38:09,997 [INFO] 📨 dparmeev@luminesfox.com: IDLE notification received
2026-02-07 04:38:11,436 [INFO] 📨 contact@jakeberrimor.com: IDLE notification received
2026-02-07 04:38:25,384 [INFO] 📨 a.parmeev@jakeberrimor.com: IDLE notification received
2026-02-07 04:40:09,359 [INFO] 📨 dparmeev@luminesfox.com: IDLE notification received
2026-02-07 04:40:10,071 [INFO] 📨 contact@luminesfox.com: IDLE notification received
2026-02-07 04:40:10,099 [INFO] 📨 spam@jakeberrimor.com: IDLE notification received
2026-02-07 04:40:11,683 [INFO] 📨 contact@jakeberrimor.com: IDLE notification received
2026-02-07 04:40:13,348 [INFO] 📨 a.parmeev@jakeberrimor.com: IDLE notification received
2026-02-07 04:42:09,418 [INFO] 📨 contact@luminesfox.com: IDLE notification received
2026-02-07 04:42:09,419 [INFO] 📨 spam@jakeberrimor.com: IDLE notification received
2026-02-07 04:42:09,692 [INFO] 📨 a.parmeev@jakeberrimor.com: IDLE notification received
2026-02-07 04:42:09,766 [INFO] 📨 dparmeev@luminesfox.com: IDLE notification received
2026-02-07 04:42:10,132 [INFO] 📨 contact@jakeberrimor.com: IDLE notification received
2026-02-07 04:44:09,140 [INFO] 📨 a.parmeev@jakeberrimor.com: IDLE notification received
2026-02-07 04:44:09,537 [INFO] 📨 dparmeev@luminesfox.com: IDLE notification received
2026-02-07 04:44:09,766 [INFO] 📨 contact@luminesfox.com: IDLE notification received
2026-02-07 04:44:09,792 [INFO] 📨 spam@jakeberrimor.com: IDLE notification received
2026-02-07 04:44:11,193 [INFO] 📨 contact@jakeberrimor.com: IDLE notification received
2026-02-07 04:46:09,460 [INFO] 📨 a.parmeev@jakeberrimor.com: IDLE notification received
2026-02-07 04:46:09,934 [INFO] 📨 dparmeev@luminesfox.com: IDLE notification received
2026-02-07 04:46:10,103 [INFO] 📨 contact@luminesfox.com: IDLE notification received
2026-02-07 04:46:10,134 [INFO] 📨 spam@jakeberrimor.com: IDLE notification received
2026-02-07 04:46:11,305 [INFO] 📨 contact@jakeberrimor.com: IDLE notification received
2026-02-07 04:48:09,283 [INFO] 📨 dparmeev@luminesfox.com: IDLE notification received
2026-02-07 04:48:09,442 [INFO] 📨 spam@jakeberrimor.com: IDLE notification received
2026-02-07 04:48:09,748 [INFO] 📨 a.parmeev@jakeberrimor.com: IDLE notification received
2026-02-07 04:48:14,393 [INFO] 📨 contact@luminesfox.com: IDLE notification received
2026-02-07 04:48:19,404 [INFO] 📨 contact@jakeberrimor.com: IDLE notification received
2026-02-07 04:50:09,694 [INFO] 📨 contact@luminesfox.com: IDLE notification received
2026-02-07 04:50:10,016 [INFO] 📨 a.parmeev@jakeberrimor.com: IDLE notification received
2026-02-07 04:50:10,449 [INFO] 📨 spam@jakeberrimor.com: IDLE notification received
2026-02-07 04:50:10,449 [INFO] 📨 dparmeev@luminesfox.com: IDLE notification received
2026-02-07 04:50:16,388 [INFO] 📨 contact@jakeberrimor.com: IDLE notification received
2026-02-07 04:52:09,301 [INFO] 📨 a.parmeev@jakeberrimor.com: IDLE notification received
2026-02-07 04:52:10,033 [INFO] 📨 contact@luminesfox.com: IDLE notification received
2026-02-07 04:52:22,113 [INFO] 📨 dparmeev@luminesfox.com: IDLE notification received
2026-02-07 04:52:22,114 [INFO] 📨 spam@jakeberrimor.com: IDLE notification received
2026-02-07 04:52:22,121 [INFO] 📨 contact@jakeberrimor.com: IDLE notification received
2026-02-07 04:54:09,333 [INFO] 📨 contact@luminesfox.com: IDLE notification received
2026-02-07 04:54:09,434 [INFO] 📨 spam@jakeberrimor.com: IDLE notification received
2026-02-07 04:54:09,451 [INFO] 📨 dparmeev@luminesfox.com: IDLE notification received
2026-02-07 04:54:10,374 [INFO] 📨 a.parmeev@jakeberrimor.com: IDLE notification received
2026-02-07 04:54:29,474 [INFO] 📨 contact@jakeberrimor.com: IDLE notification received
2026-02-07 04:56:09,491 [INFO] 📨 a.parmeev@jakeberrimor.com: IDLE notification received
2026-02-07 04:56:09,668 [INFO] 📨 contact@luminesfox.com: IDLE notification received
2026-02-07 04:56:09,741 [INFO] 📨 spam@jakeberrimor.com: IDLE notification received
2026-02-07 04:56:09,821 [INFO] 📨 dparmeev@luminesfox.com: IDLE notification received
2026-02-07 04:56:12,251 [INFO] 📨 contact@jakeberrimor.com: IDLE notification received
2026-02-07 04:58:09,379 [INFO] 📨 dparmeev@luminesfox.com: IDLE notification received
2026-02-07 04:58:10,118 [INFO] 📨 spam@jakeberrimor.com: IDLE notification received
2026-02-07 04:58:11,470 [INFO] 📨 a.parmeev@jakeberrimor.com: IDLE notification received
2026-02-07 04:58:20,473 [INFO] 📨 contact@luminesfox.com: IDLE notification received
2026-02-07 04:58:29,493 [INFO] 📨 contact@jakeberrimor.com: IDLE notification received
2026-02-07 05:00:09,452 [INFO] 📨 spam@jakeberrimor.com: IDLE notification received
2026-02-07 05:00:09,728 [INFO] 📨 a.parmeev@jakeberrimor.com: IDLE notification received
2026-02-07 05:00:09,757 [INFO] 📨 dparmeev@luminesfox.com: IDLE notification received
2026-02-07 05:00:09,762 [INFO] 📨 contact@luminesfox.com: IDLE notification received
2026-02-07 05:00:15,274 [INFO] 📨 contact@jakeberrimor.com: IDLE notification received
2026-02-07 05:02:09,125 [INFO] 📨 dparmeev@luminesfox.com: IDLE notification received
2026-02-07 05:02:09,764 [INFO] 📨 spam@jakeberrimor.com: IDLE notification received
2026-02-07 05:02:10,080 [INFO] 📨 contact@luminesfox.com: IDLE notification received
2026-02-07 05:02:16,374 [INFO] 📨 contact@jakeberrimor.com: IDLE notification received
2026-02-07 05:02:16,375 [INFO] 📨 a.parmeev@jakeberrimor.com: IDLE notification received
2026-02-07 05:04:09,392 [INFO] 📨 contact@luminesfox.com: IDLE notification received
2026-02-07 05:04:09,487 [INFO] 📨 dparmeev@luminesfox.com: IDLE notification received
2026-02-07 05:04:09,666 [INFO] 📨 a.parmeev@jakeberrimor.com: IDLE notification received
2026-02-07 05:04:10,096 [INFO] 📨 spam@jakeberrimor.com: IDLE notification received
2026-02-07 05:04:19,462 [INFO] 📨 contact@jakeberrimor.com: IDLE notification received
2026-02-07 05:06:09,426 [INFO] 📨 spam@jakeberrimor.com: IDLE notification received
2026-02-07 05:06:09,728 [INFO] 📨 contact@luminesfox.com: IDLE notification received
2026-02-07 05:06:09,769 [INFO] 📨 dparmeev@luminesfox.com: IDLE notification received
2026-02-07 05:06:10,035 [INFO] 📨 a.parmeev@jakeberrimor.com: IDLE notification received
2026-02-07 05:06:12,996 [INFO] 📨 contact@jakeberrimor.com: IDLE notification received
2026-02-07 05:08:09,123 [INFO] 📨 dparmeev@luminesfox.com: IDLE notification received
2026-02-07 05:08:09,764 [INFO] 📨 spam@jakeberrimor.com: IDLE notification received
2026-02-07 05:08:10,049 [INFO] 📨 contact@luminesfox.com: IDLE notification received
2026-02-07 05:08:26,104 [INFO] 📨 a.parmeev@jakeberrimor.com: IDLE notification received
2026-02-07 05:08:26,110 [INFO] 📨 contact@jakeberrimor.com: IDLE notification received
2026-02-07 05:10:09,397 [INFO] 📨 contact@luminesfox.com: IDLE notification received
2026-02-07 05:10:09,414 [INFO] 📨 contact@jakeberrimor.com: IDLE notification received
2026-02-07 05:10:12,090 [INFO] 📨 dparmeev@luminesfox.com: IDLE notification received
2026-02-07 05:10:12,090 [INFO] 📨 spam@jakeberrimor.com: IDLE notification received
2026-02-07 05:10:16,621 [INFO] 📨 a.parmeev@jakeberrimor.com: IDLE notification received
2026-02-07 05:12:09,421 [INFO] 📨 spam@jakeberrimor.com: IDLE notification received
2026-02-07 05:12:09,446 [INFO] 📨 dparmeev@luminesfox.com: IDLE notification received
2026-02-07 05:12:17,502 [INFO] 📨 a.parmeev@jakeberrimor.com: IDLE notification received
2026-02-07 05:12:22,265 [INFO] 📨 contact@jakeberrimor.com: IDLE notification received
2026-02-07 05:12:23,279 [INFO] 📨 contact@luminesfox.com: IDLE notification received
2026-02-07 05:12:51,738 [ERROR] ❌ a.parmeev@jakeberrimor.com: Connection error: The read operation timed out
2026-02-07 05:12:51,739 [INFO] 🔁 a.parmeev@jakeberrimor.com: Reconnecting in 5s...
2026-02-07 05:12:56,739 [INFO] 🔌 Connecting to a.parmeev@jakeberrimor.com@mail.hosting.reg.ru...
2026-02-07 05:12:57,306 [INFO] 📬 a.parmeev@jakeberrimor.com: Starting from UID 14
2026-02-07 05:12:57,350 [INFO] ✅ a.parmeev@jakeberrimor.com: IDLE monitoring active
2026-02-07 05:14:09,418 [INFO] 📨 a.parmeev@jakeberrimor.com: IDLE notification received
2026-02-07 05:14:09,598 [INFO] 📨 contact@luminesfox.com: IDLE notification received
2026-02-07 05:14:14,375 [INFO] 📨 contact@jakeberrimor.com: IDLE notification received
2026-02-07 05:14:31,283 [INFO] 📨 spam@jakeberrimor.com: IDLE notification received
2026-02-07 05:14:31,284 [INFO] 📨 dparmeev@luminesfox.com: IDLE notification received
2026-02-07 05:16:09,594 [INFO] 📨 spam@jakeberrimor.com: IDLE notification received
2026-02-07 05:16:09,601 [INFO] 📨 dparmeev@luminesfox.com: IDLE notification received
2026-02-07 05:16:09,755 [INFO] 📨 a.parmeev@jakeberrimor.com: IDLE notification received
2026-02-07 05:16:09,932 [INFO] 📨 contact@luminesfox.com: IDLE notification received
2026-02-07 05:16:16,351 [INFO] 📨 contact@jakeberrimor.com: IDLE notification received
2026-02-07 05:18:09,903 [INFO] 📨 spam@jakeberrimor.com: IDLE notification received
2026-02-07 05:18:09,938 [INFO] 📨 dparmeev@luminesfox.com: IDLE notification received
2026-02-07 05:18:10,083 [INFO] 📨 a.parmeev@jakeberrimor.com: IDLE notification received
2026-02-07 05:18:10,354 [INFO] 📨 contact@luminesfox.com: IDLE notification received
2026-02-07 05:18:17,363 [INFO] 📨 contact@jakeberrimor.com: IDLE notification received
2026-02-07 05:33:10,123 [INFO] 🔄 spam@jakeberrimor.com: Periodic reconnect
2026-02-07 05:33:10,123 [ERROR] ❌ spam@jakeberrimor.com: Connection error: EOF occurred in violation of protocol (_ssl.c:2406)
2026-02-07 05:33:10,123 [INFO] 🔁 spam@jakeberrimor.com: Reconnecting in 5s...
2026-02-07 05:33:10,210 [INFO] 🔄 dparmeev@luminesfox.com: Periodic reconnect
2026-02-07 05:33:10,211 [ERROR] ❌ dparmeev@luminesfox.com: Connection error: EOF occurred in violation of protocol (_ssl.c:2406)
2026-02-07 05:33:10,211 [INFO] 🔁 dparmeev@luminesfox.com: Reconnecting in 5s...
2026-02-07 05:33:10,301 [INFO] 🔄 a.parmeev@jakeberrimor.com: Periodic reconnect
2026-02-07 05:33:10,302 [ERROR] ❌ a.parmeev@jakeberrimor.com: Connection error: EOF occurred in violation of protocol (_ssl.c:2406)
2026-02-07 05:33:10,302 [INFO] 🔁 a.parmeev@jakeberrimor.com: Reconnecting in 5s...
2026-02-07 05:33:10,571 [INFO] 🔄 contact@luminesfox.com: Periodic reconnect
2026-02-07 05:33:10,571 [ERROR] ❌ contact@luminesfox.com: Connection error: EOF occurred in violation of protocol (_ssl.c:2406)
2026-02-07 05:33:10,571 [INFO] 🔁 contact@luminesfox.com: Reconnecting in 5s...
2026-02-07 05:33:15,123 [INFO] 🔌 Connecting to spam@jakeberrimor.com@mail.hosting.reg.ru...
2026-02-07 05:33:15,212 [INFO] 🔌 Connecting to dparmeev@luminesfox.com@mail.hosting.reg.ru...
2026-02-07 05:33:15,302 [INFO] 🔌 Connecting to a.parmeev@jakeberrimor.com@mail.hosting.reg.ru...
2026-02-07 05:33:15,571 [INFO] 🔌 Connecting to contact@luminesfox.com@mail.hosting.reg.ru...
2026-02-07 05:33:15,858 [INFO] 📬 a.parmeev@jakeberrimor.com: Starting from UID 14
2026-02-07 05:33:15,901 [INFO] ✅ a.parmeev@jakeberrimor.com: IDLE monitoring active
2026-02-07 05:33:16,147 [INFO] 📬 contact@luminesfox.com: Starting from UID 72
2026-02-07 05:33:16,190 [INFO] ✅ contact@luminesfox.com: IDLE monitoring active
2026-02-07 05:33:29,417 [INFO] 🔄 contact@jakeberrimor.com: Periodic reconnect
2026-02-07 05:33:29,417 [ERROR] ❌ contact@jakeberrimor.com: Connection error: EOF occurred in violation of protocol (_ssl.c:2406)
2026-02-07 05:33:29,417 [INFO] 🔁 contact@jakeberrimor.com: Reconnecting in 5s...
2026-02-07 05:33:30,708 [INFO] 📬 spam@jakeberrimor.com: Starting from UID 488
2026-02-07 05:33:34,417 [INFO] 🔌 Connecting to contact@jakeberrimor.com@mail.hosting.reg.ru...
2026-02-07 05:33:34,992 [INFO] 📬 contact@jakeberrimor.com: Starting from UID 422
2026-02-07 05:33:35,036 [INFO] ✅ contact@jakeberrimor.com: IDLE monitoring active
2026-02-07 05:33:35,553 [INFO] 📬 dparmeev@luminesfox.com: Starting from UID 2373
2026-02-07 05:33:35,596 [INFO] ✅ dparmeev@luminesfox.com: IDLE monitoring active
2026-02-07 05:33:42,510 [INFO] ✅ spam@jakeberrimor.com: IDLE monitoring active
2026-02-07 05:34:09,073 [INFO] 📨 contact@jakeberrimor.com: IDLE notification received
2026-02-07 05:34:09,537 [INFO] 📨 spam@jakeberrimor.com: IDLE notification received
2026-02-07 05:34:09,936 [INFO] 📨 a.parmeev@jakeberrimor.com: IDLE notification received
2026-02-07 05:34:10,029 [INFO] 📨 contact@luminesfox.com: IDLE notification received
2026-02-07 05:34:13,035 [INFO] 📨 dparmeev@luminesfox.com: IDLE notification received
2026-02-07 05:36:09,857 [INFO] 📨 spam@jakeberrimor.com: IDLE notification received
2026-02-07 05:36:14,430 [INFO] 📨 a.parmeev@jakeberrimor.com: IDLE notification received
2026-02-07 05:36:15,429 [INFO] 📨 contact@luminesfox.com: IDLE notification received
2026-02-07 05:36:16,438 [INFO] 📨 contact@jakeberrimor.com: IDLE notification received
2026-02-07 05:36:21,130 [INFO] 📨 dparmeev@luminesfox.com: IDLE notification received
2026-02-07 05:38:09,728 [INFO] 📨 contact@jakeberrimor.com: IDLE notification received
2026-02-07 05:38:09,751 [INFO] 📨 a.parmeev@jakeberrimor.com: IDLE notification received
2026-02-07 05:38:20,056 [INFO] 📨 spam@jakeberrimor.com: IDLE notification received
2026-02-07 05:38:24,343 [INFO] 📨 contact@luminesfox.com: IDLE notification received
2026-02-07 05:38:28,356 [INFO] 📨 dparmeev@luminesfox.com: IDLE notification received
2026-02-07 05:40:09,698 [INFO] 📨 contact@luminesfox.com: IDLE notification received
2026-02-07 05:40:10,031 [INFO] 📨 a.parmeev@jakeberrimor.com: IDLE notification received
2026-02-07 05:40:12,181 [INFO] 📨 dparmeev@luminesfox.com: IDLE notification received
2026-02-07 05:40:13,507 [INFO] 📨 spam@jakeberrimor.com: IDLE notification received
2026-02-07 05:40:32,257 [INFO] 📨 contact@jakeberrimor.com: IDLE notification received
2026-02-07 05:42:09,351 [INFO] 📨 a.parmeev@jakeberrimor.com: IDLE notification received
2026-02-07 05:42:10,512 [INFO] 📨 spam@jakeberrimor.com: IDLE notification received
2026-02-07 05:42:11,363 [INFO] 📨 contact@jakeberrimor.com: IDLE notification received
2026-02-07 05:42:15,220 [INFO] 📨 dparmeev@luminesfox.com: IDLE notification received
2026-02-07 05:42:31,226 [INFO] 📨 contact@luminesfox.com: IDLE notification received
2026-02-07 05:44:09,687 [INFO] 📨 a.parmeev@jakeberrimor.com: IDLE notification received
2026-02-07 05:44:11,191 [INFO] 📨 contact@jakeberrimor.com: IDLE notification received
2026-02-07 05:44:11,434 [INFO] 📨 spam@jakeberrimor.com: IDLE notification received
2026-02-07 05:44:12,447 [INFO] 📨 dparmeev@luminesfox.com: IDLE notification received
2026-02-07 05:44:21,441 [INFO] 📨 contact@luminesfox.com: IDLE notification received
2026-02-07 05:46:10,032 [INFO] 📨 a.parmeev@jakeberrimor.com: IDLE notification received
2026-02-07 05:46:12,517 [INFO] 📨 contact@jakeberrimor.com: IDLE notification received
2026-02-07 05:46:12,532 [INFO] 📨 dparmeev@luminesfox.com: IDLE notification received
2026-02-07 05:46:17,516 [INFO] 📨 spam@jakeberrimor.com: IDLE notification received
2026-02-07 05:46:22,517 [INFO] 📨 contact@luminesfox.com: IDLE notification received
2026-02-07 05:48:09,815 [INFO] 📨 contact@jakeberrimor.com: IDLE notification received
2026-02-07 05:48:09,903 [INFO] 📨 dparmeev@luminesfox.com: IDLE notification received
2026-02-07 05:48:13,251 [INFO] 📨 contact@luminesfox.com: IDLE notification received
2026-02-07 05:48:13,261 [INFO] 📨 a.parmeev@jakeberrimor.com: IDLE notification received
2026-02-07 05:48:15,253 [INFO] 📨 spam@jakeberrimor.com: IDLE notification received
2026-02-07 05:50:09,346 [INFO] 📨 contact@jakeberrimor.com: IDLE notification received
2026-02-07 05:50:09,599 [INFO] 📨 a.parmeev@jakeberrimor.com: IDLE notification received
2026-02-07 05:50:12,357 [INFO] 📨 dparmeev@luminesfox.com: IDLE notification received
2026-02-07 05:50:19,274 [INFO] 📨 contact@luminesfox.com: IDLE notification received
2026-02-07 05:50:26,349 [INFO] 📨 spam@jakeberrimor.com: IDLE notification received
2026-02-07 05:52:10,034 [INFO] 📨 a.parmeev@jakeberrimor.com: IDLE notification received
2026-02-07 05:52:12,278 [INFO] 📨 spam@jakeberrimor.com: IDLE notification received
2026-02-07 05:52:16,281 [INFO] 📨 dparmeev@luminesfox.com: IDLE notification received
2026-02-07 05:52:16,444 [INFO] 📨 contact@luminesfox.com: IDLE notification received
2026-02-07 05:52:21,288 [INFO] 📨 contact@jakeberrimor.com: IDLE notification received
2026-02-07 05:54:13,382 [INFO] 📨 contact@luminesfox.com: IDLE notification received
2026-02-07 05:54:18,386 [INFO] 📨 dparmeev@luminesfox.com: IDLE notification received
2026-02-07 05:54:19,399 [INFO] 📨 contact@jakeberrimor.com: IDLE notification received
2026-02-07 05:54:19,403 [INFO] 📨 spam@jakeberrimor.com: IDLE notification received
2026-02-07 05:54:28,390 [INFO] 📨 a.parmeev@jakeberrimor.com: IDLE notification received
2026-02-07 05:56:09,674 [INFO] 📨 a.parmeev@jakeberrimor.com: IDLE notification received
2026-02-07 05:56:11,482 [INFO] 📨 contact@luminesfox.com: IDLE notification received
2026-02-07 05:56:19,501 [INFO] 📨 dparmeev@luminesfox.com: IDLE notification received
2026-02-07 05:56:19,518 [INFO] 📨 spam@jakeberrimor.com: IDLE notification received
2026-02-07 05:56:21,502 [INFO] 📨 contact@jakeberrimor.com: IDLE notification received
2026-02-07 05:58:09,783 [INFO] 📨 contact@jakeberrimor.com: IDLE notification received
2026-02-07 05:58:09,838 [INFO] 📨 spam@jakeberrimor.com: IDLE notification received
2026-02-07 05:58:10,010 [INFO] 📨 a.parmeev@jakeberrimor.com: IDLE notification received
2026-02-07 05:58:15,093 [INFO] 📨 dparmeev@luminesfox.com: IDLE notification received
2026-02-07 05:58:17,094 [INFO] 📨 contact@luminesfox.com: IDLE notification received
2026-02-07 06:00:09,174 [INFO] 📨 spam@jakeberrimor.com: IDLE notification received
2026-02-07 06:00:09,314 [INFO] 📨 a.parmeev@jakeberrimor.com: IDLE notification received
2026-02-07 06:00:14,528 [INFO] 📨 dparmeev@luminesfox.com: IDLE notification received
2026-02-07 06:00:15,190 [INFO] 📨 contact@jakeberrimor.com: IDLE notification received
2026-02-07 06:02:09,526 [INFO] 📨 contact@jakeberrimor.com: IDLE notification received
2026-02-07 06:02:09,606 [INFO] 📨 a.parmeev@jakeberrimor.com: IDLE notification received
2026-02-07 06:02:12,121 [INFO] 📨 dparmeev@luminesfox.com: IDLE notification received
2026-02-07 06:02:15,126 [INFO] 📨 spam@jakeberrimor.com: IDLE notification received
2026-02-07 06:03:46,908 [INFO] 📨 contact@luminesfox.com: IDLE notification received
2026-02-07 06:04:09,909 [INFO] 📨 a.parmeev@jakeberrimor.com: IDLE notification received
2026-02-07 06:04:10,048 [INFO] 📨 dparmeev@luminesfox.com: IDLE notification received
2026-02-07 06:04:15,126 [INFO] 📨 contact@luminesfox.com: IDLE notification received
2026-02-07 06:04:22,063 [INFO] 📨 contact@jakeberrimor.com: IDLE notification received
2026-02-07 06:04:22,085 [INFO] 📨 spam@jakeberrimor.com: IDLE notification received
2026-02-07 06:06:09,225 [INFO] 📨 a.parmeev@jakeberrimor.com: IDLE notification received
2026-02-07 06:06:09,371 [INFO] 📨 contact@jakeberrimor.com: IDLE notification received
2026-02-07 06:06:09,431 [INFO] 📨 spam@jakeberrimor.com: IDLE notification received
2026-02-07 06:06:11,598 [INFO] 📨 dparmeev@luminesfox.com: IDLE notification received
2026-02-07 06:06:41,214 [INFO] 📨 contact@luminesfox.com: IDLE notification received
2026-02-07 06:08:09,519 [INFO] 📨 a.parmeev@jakeberrimor.com: IDLE notification received
2026-02-07 06:08:11,164 [INFO] 📨 dparmeev@luminesfox.com: IDLE notification received
2026-02-07 06:08:12,163 [INFO] 📨 contact@luminesfox.com: IDLE notification received
2026-02-07 06:08:16,179 [INFO] 📨 spam@jakeberrimor.com: IDLE notification received
2026-02-07 06:08:22,174 [INFO] 📨 contact@jakeberrimor.com: IDLE notification received
2026-02-07 06:10:09,410 [INFO] 📨 contact@jakeberrimor.com: IDLE notification received
2026-02-07 06:10:09,478 [INFO] 📨 spam@jakeberrimor.com: IDLE notification received
2026-02-07 06:10:09,783 [INFO] 📨 a.parmeev@jakeberrimor.com: IDLE notification received
2026-02-07 06:10:12,272 [INFO] 📨 dparmeev@luminesfox.com: IDLE notification received
2026-02-07 06:10:14,271 [INFO] 📨 contact@luminesfox.com: IDLE notification received
2026-02-07 06:12:10,086 [INFO] 📨 a.parmeev@jakeberrimor.com: IDLE notification received
2026-02-07 06:12:12,219 [INFO] 📨 spam@jakeberrimor.com: IDLE notification received
2026-02-07 06:12:13,355 [INFO] 📨 contact@jakeberrimor.com: IDLE notification received
2026-02-07 06:12:19,357 [INFO] 📨 contact@luminesfox.com: IDLE notification received
2026-02-07 06:12:20,363 [INFO] 📨 dparmeev@luminesfox.com: IDLE notification received
2026-02-07 06:14:09,420 [INFO] 📨 a.parmeev@jakeberrimor.com: IDLE notification received
2026-02-07 06:14:09,551 [INFO] 📨 spam@jakeberrimor.com: IDLE notification received
2026-02-07 06:14:09,683 [INFO] 📨 contact@jakeberrimor.com: IDLE notification received
2026-02-07 06:14:11,179 [INFO] 📨 contact@luminesfox.com: IDLE notification received
2026-02-07 06:14:12,454 [INFO] 📨 dparmeev@luminesfox.com: IDLE notification received
2026-02-07 06:16:09,754 [INFO] 📨 a.parmeev@jakeberrimor.com: IDLE notification received
2026-02-07 06:16:09,902 [INFO] 📨 spam@jakeberrimor.com: IDLE notification received
2026-02-07 06:16:10,007 [INFO] 📨 contact@jakeberrimor.com: IDLE notification received
2026-02-07 06:16:18,493 [INFO] 📨 contact@luminesfox.com: IDLE notification received
2026-02-07 06:16:35,440 [INFO] 📨 dparmeev@luminesfox.com: IDLE notification received
2026-02-07 06:18:09,775 [INFO] 📨 dparmeev@luminesfox.com: IDLE notification received
2026-02-07 06:18:10,039 [INFO] 📨 a.parmeev@jakeberrimor.com: IDLE notification received
2026-02-07 06:18:11,144 [INFO] 📨 contact@jakeberrimor.com: IDLE notification received
2026-02-07 06:18:11,144 [INFO] 📨 spam@jakeberrimor.com: IDLE notification received
2026-02-07 06:18:12,717 [INFO] 📨 contact@luminesfox.com: IDLE notification received
2026-02-07 06:20:09,343 [INFO] 📨 a.parmeev@jakeberrimor.com: IDLE notification received
2026-02-07 06:20:09,819 [INFO] 📨 contact@jakeberrimor.com: IDLE notification received
2026-02-07 06:20:09,873 [INFO] 📨 spam@jakeberrimor.com: IDLE notification received
2026-02-07 06:20:20,234 [INFO] 📨 contact@luminesfox.com: IDLE notification received
2026-02-07 06:20:24,236 [INFO] 📨 dparmeev@luminesfox.com: IDLE notification received
2026-02-07 06:22:09,196 [INFO] 📨 spam@jakeberrimor.com: IDLE notification received
2026-02-07 06:22:09,648 [INFO] 📨 a.parmeev@jakeberrimor.com: IDLE notification received
2026-02-07 06:22:13,314 [INFO] 📨 contact@luminesfox.com: IDLE notification received
2026-02-07 06:22:14,151 [INFO] 📨 contact@jakeberrimor.com: IDLE notification received
2026-02-07 06:22:22,326 [INFO] 📨 dparmeev@luminesfox.com: IDLE notification received
2026-02-07 06:24:10,306 [INFO] 📨 a.parmeev@jakeberrimor.com: IDLE notification received
2026-02-07 06:24:18,410 [INFO] 📨 contact@jakeberrimor.com: IDLE notification received
2026-02-07 06:24:18,417 [INFO] 📨 contact@luminesfox.com: IDLE notification received
2026-02-07 06:24:24,414 [INFO] 📨 dparmeev@luminesfox.com: IDLE notification received
2026-02-07 06:24:30,412 [INFO] 📨 spam@jakeberrimor.com: IDLE notification received
2026-02-07 06:26:09,648 [INFO] 📨 a.parmeev@jakeberrimor.com: IDLE notification received
2026-02-07 06:26:13,424 [INFO] 📨 dparmeev@luminesfox.com: IDLE notification received
2026-02-07 06:26:17,264 [INFO] 📨 spam@jakeberrimor.com: IDLE notification received
2026-02-07 06:26:28,363 [INFO] 📨 contact@jakeberrimor.com: IDLE notification received
2026-02-07 06:26:33,113 [INFO] 📨 contact@luminesfox.com: IDLE notification received
2026-02-07 06:28:09,951 [INFO] 📨 a.parmeev@jakeberrimor.com: IDLE notification received
2026-02-07 06:28:10,049 [INFO] 📨 contact@luminesfox.com: IDLE notification received
2026-02-07 06:28:10,050 [INFO] 📨 contact@jakeberrimor.com: IDLE notification received
2026-02-07 06:28:18,169 [INFO] 📨 spam@jakeberrimor.com: IDLE notification received
2026-02-07 06:30:09,250 [INFO] 📨 a.parmeev@jakeberrimor.com: IDLE notification received
2026-02-07 06:30:16,154 [INFO] 📨 spam@jakeberrimor.com: IDLE notification received
2026-02-07 06:30:19,258 [INFO] 📨 contact@jakeberrimor.com: IDLE notification received
2026-02-07 06:30:38,061 [INFO] 📨 contact@luminesfox.com: IDLE notification received
2026-02-07 06:31:19,309 [INFO] 📨 dparmeev@luminesfox.com: IDLE notification received
2026-02-07 06:32:09,505 [INFO] 📨 a.parmeev@jakeberrimor.com: IDLE notification received
2026-02-07 06:32:10,054 [INFO] 📨 spam@jakeberrimor.com: IDLE notification received
2026-02-07 06:32:13,358 [INFO] 📨 dparmeev@luminesfox.com: IDLE notification received
2026-02-07 06:32:18,367 [INFO] 📨 contact@luminesfox.com: IDLE notification received
2026-02-07 06:32:22,249 [INFO] 📨 contact@jakeberrimor.com: IDLE notification received
2026-02-07 06:34:09,592 [INFO] 📨 contact@jakeberrimor.com: IDLE notification received
2026-02-07 06:34:09,784 [INFO] 📨 a.parmeev@jakeberrimor.com: IDLE notification received
2026-02-07 06:34:13,452 [INFO] 📨 spam@jakeberrimor.com: IDLE notification received
2026-02-07 06:34:13,467 [INFO] 📨 dparmeev@luminesfox.com: IDLE notification received
2026-02-07 06:34:15,388 [INFO] 📨 contact@luminesfox.com: IDLE notification received
2026-02-07 06:36:10,121 [INFO] 📨 a.parmeev@jakeberrimor.com: IDLE notification received
2026-02-07 06:36:11,229 [INFO] 📨 contact@jakeberrimor.com: IDLE notification received
2026-02-07 06:36:12,062 [INFO] 📨 spam@jakeberrimor.com: IDLE notification received
2026-02-07 06:36:18,062 [INFO] 📨 contact@luminesfox.com: IDLE notification received
2026-02-07 06:36:26,329 [INFO] 📨 dparmeev@luminesfox.com: IDLE notification received
2026-02-07 06:38:09,426 [INFO] 📨 a.parmeev@jakeberrimor.com: IDLE notification received
2026-02-07 06:38:09,569 [INFO] 📨 contact@jakeberrimor.com: IDLE notification received
2026-02-07 06:38:11,103 [INFO] 📨 contact@luminesfox.com: IDLE notification received
2026-02-07 06:38:15,141 [INFO] 📨 dparmeev@luminesfox.com: IDLE notification received
2026-02-07 06:38:17,155 [INFO] 📨 spam@jakeberrimor.com: IDLE notification received
2026-02-07 06:40:09,295 [INFO] 📨 spam@jakeberrimor.com: IDLE notification received
2026-02-07 06:40:09,491 [INFO] 📨 dparmeev@luminesfox.com: IDLE notification received
2026-02-07 06:40:09,712 [INFO] 📨 a.parmeev@jakeberrimor.com: IDLE notification received
2026-02-07 06:40:09,868 [INFO] 📨 contact@jakeberrimor.com: IDLE notification received
2026-02-07 06:40:16,254 [INFO] 📨 contact@luminesfox.com: IDLE notification received
2026-02-07 06:42:10,016 [INFO] 📨 a.parmeev@jakeberrimor.com: IDLE notification received
2026-02-07 06:42:10,325 [INFO] 📨 spam@jakeberrimor.com: IDLE notification received
2026-02-07 06:42:18,315 [INFO] 📨 contact@luminesfox.com: IDLE notification received
2026-02-07 06:42:18,321 [INFO] 📨 dparmeev@luminesfox.com: IDLE notification received
2026-02-07 06:42:20,314 [INFO] 📨 contact@jakeberrimor.com: IDLE notification received
2026-02-07 06:44:09,336 [INFO] 📨 a.parmeev@jakeberrimor.com: IDLE notification received
2026-02-07 06:44:09,617 [INFO] 📨 spam@jakeberrimor.com: IDLE notification received
2026-02-07 06:44:11,075 [INFO] 📨 contact@jakeberrimor.com: IDLE notification received
2026-02-07 06:44:11,081 [INFO] 📨 contact@luminesfox.com: IDLE notification received
2026-02-07 06:44:11,095 [INFO] 📨 dparmeev@luminesfox.com: IDLE notification received
2026-02-07 06:46:09,468 [INFO] 📨 dparmeev@luminesfox.com: IDLE notification received
2026-02-07 06:46:09,666 [INFO] 📨 a.parmeev@jakeberrimor.com: IDLE notification received
2026-02-07 06:46:11,097 [INFO] 📨 contact@jakeberrimor.com: IDLE notification received
2026-02-07 06:46:19,103 [INFO] 📨 spam@jakeberrimor.com: IDLE notification received
2026-02-07 06:46:26,119 [INFO] 📨 contact@luminesfox.com: IDLE notification received
2026-02-07 06:46:39,713 [ERROR] ❌ dparmeev@luminesfox.com: Connection error: The read operation timed out
2026-02-07 06:46:39,713 [INFO] 🔁 dparmeev@luminesfox.com: Reconnecting in 5s...
2026-02-07 06:46:44,714 [INFO] 🔌 Connecting to dparmeev@luminesfox.com@mail.hosting.reg.ru...
2026-02-07 06:46:45,943 [INFO] 📬 dparmeev@luminesfox.com: Starting from UID 2373
2026-02-07 06:46:45,986 [INFO] ✅ dparmeev@luminesfox.com: IDLE monitoring active
2026-02-07 06:48:09,412 [INFO] 📨 spam@jakeberrimor.com: IDLE notification received
2026-02-07 06:48:09,960 [INFO] 📨 a.parmeev@jakeberrimor.com: IDLE notification received
2026-02-07 06:48:12,498 [INFO] 📨 dparmeev@luminesfox.com: IDLE notification received
2026-02-07 06:48:14,502 [INFO] 📨 contact@luminesfox.com: IDLE notification received
2026-02-07 06:48:14,508 [INFO] 📨 contact@jakeberrimor.com: IDLE notification received
2026-02-07 06:50:09,244 [INFO] 📨 a.parmeev@jakeberrimor.com: IDLE notification received
2026-02-07 06:50:09,766 [INFO] 📨 spam@jakeberrimor.com: IDLE notification received
2026-02-07 06:50:09,841 [INFO] 📨 contact@jakeberrimor.com: IDLE notification received
2026-02-07 06:50:14,073 [INFO] 📨 dparmeev@luminesfox.com: IDLE notification received
2026-02-07 06:50:19,092 [INFO] 📨 contact@luminesfox.com: IDLE notification received
2026-02-07 06:52:09,153 [INFO] 📨 contact@jakeberrimor.com: IDLE notification received
2026-02-07 06:52:09,541 [INFO] 📨 a.parmeev@jakeberrimor.com: IDLE notification received
2026-02-07 06:52:10,105 [INFO] 📨 spam@jakeberrimor.com: IDLE notification received
2026-02-07 06:52:10,181 [INFO] 📨 dparmeev@luminesfox.com: IDLE notification received
2026-02-07 06:52:21,188 [INFO] 📨 contact@luminesfox.com: IDLE notification received
2026-02-07 06:54:09,863 [INFO] 📨 a.parmeev@jakeberrimor.com: IDLE notification received
2026-02-07 06:54:10,145 [INFO] 📨 spam@jakeberrimor.com: IDLE notification received
2026-02-07 06:54:12,286 [INFO] 📨 dparmeev@luminesfox.com: IDLE notification received
2026-02-07 06:54:20,271 [INFO] 📨 contact@jakeberrimor.com: IDLE notification received
2026-02-07 06:54:33,147 [INFO] 📨 contact@luminesfox.com: IDLE notification received
2026-02-07 06:56:09,195 [INFO] 📨 a.parmeev@jakeberrimor.com: IDLE notification received
2026-02-07 06:56:09,529 [INFO] 📨 contact@jakeberrimor.com: IDLE notification received
2026-02-07 06:56:10,362 [INFO] 📨 dparmeev@luminesfox.com: IDLE notification received
2026-02-07 06:56:18,367 [INFO] 📨 spam@jakeberrimor.com: IDLE notification received
2026-02-07 06:56:19,368 [INFO] 📨 contact@luminesfox.com: IDLE notification received
2026-02-07 06:58:09,496 [INFO] 📨 a.parmeev@jakeberrimor.com: IDLE notification received
2026-02-07 06:58:09,654 [INFO] 📨 spam@jakeberrimor.com: IDLE notification received
2026-02-07 06:58:09,820 [INFO] 📨 contact@jakeberrimor.com: IDLE notification received
2026-02-07 06:58:10,503 [INFO] 📨 dparmeev@luminesfox.com: IDLE notification received
2026-02-07 06:58:23,459 [INFO] 📨 contact@luminesfox.com: IDLE notification received
2026-02-07 07:00:10,008 [INFO] 📨 a.parmeev@jakeberrimor.com: IDLE notification received
2026-02-07 07:00:11,902 [INFO] 📨 contact@luminesfox.com: IDLE notification received
2026-02-07 07:00:13,568 [INFO] 📨 spam@jakeberrimor.com: IDLE notification received
2026-02-07 07:00:14,553 [INFO] 📨 contact@jakeberrimor.com: IDLE notification received
2026-02-07 07:00:16,035 [INFO] 📨 dparmeev@luminesfox.com: IDLE notification received
2026-02-07 07:02:09,347 [INFO] 📨 a.parmeev@jakeberrimor.com: IDLE notification received
2026-02-07 07:02:09,908 [INFO] 📨 spam@jakeberrimor.com: IDLE notification received
2026-02-07 07:02:10,063 [INFO] 📨 contact@jakeberrimor.com: IDLE notification received
2026-02-07 07:02:18,091 [INFO] 📨 contact@luminesfox.com: IDLE notification received
2026-02-07 07:02:18,107 [INFO] 📨 dparmeev@luminesfox.com: IDLE notification received
2026-02-07 07:04:09,531 [INFO] 📨 contact@luminesfox.com: IDLE notification received
2026-02-07 07:04:09,652 [INFO] 📨 a.parmeev@jakeberrimor.com: IDLE notification received
2026-02-07 07:04:23,523 [INFO] 📨 contact@jakeberrimor.com: IDLE notification received
2026-02-07 07:04:27,384 [INFO] 📨 dparmeev@luminesfox.com: IDLE notification received
2026-02-07 07:04:38,527 [INFO] 📨 spam@jakeberrimor.com: IDLE notification received
2026-02-07 07:04:57,442 [ERROR] ❌ dparmeev@luminesfox.com: Connection error: The read operation timed out
2026-02-07 07:04:57,443 [INFO] 🔁 dparmeev@luminesfox.com: Reconnecting in 5s...
2026-02-07 07:05:02,443 [INFO] 🔌 Connecting to dparmeev@luminesfox.com@mail.hosting.reg.ru...
2026-02-07 07:05:10,183 [INFO] 📬 dparmeev@luminesfox.com: Starting from UID 2373
2026-02-07 07:05:10,226 [INFO] ✅ dparmeev@luminesfox.com: IDLE monitoring active
2026-02-07 07:06:09,290 [INFO] 📨 dparmeev@luminesfox.com: IDLE notification received
2026-02-07 07:06:09,812 [INFO] 📨 spam@jakeberrimor.com: IDLE notification received
2026-02-07 07:06:09,862 [INFO] 📨 contact@jakeberrimor.com: IDLE notification received
2026-02-07 07:06:09,956 [INFO] 📨 a.parmeev@jakeberrimor.com: IDLE notification received
2026-02-07 07:06:15,508 [INFO] 📨 contact@luminesfox.com: IDLE notification received
2026-02-07 07:08:09,264 [INFO] 📨 a.parmeev@jakeberrimor.com: IDLE notification received
2026-02-07 07:08:09,642 [INFO] 📨 dparmeev@luminesfox.com: IDLE notification received
2026-02-07 07:08:14,336 [INFO] 📨 contact@jakeberrimor.com: IDLE notification received
2026-02-07 07:08:17,322 [INFO] 📨 contact@luminesfox.com: IDLE notification received
2026-02-07 07:08:18,320 [INFO] 📨 spam@jakeberrimor.com: IDLE notification received
2026-02-07 07:10:09,601 [INFO] 📨 a.parmeev@jakeberrimor.com: IDLE notification received
2026-02-07 07:10:09,639 [INFO] 📨 spam@jakeberrimor.com: IDLE notification received
2026-02-07 07:10:09,675 [INFO] 📨 contact@jakeberrimor.com: IDLE notification received
2026-02-07 07:10:10,028 [INFO] 📨 dparmeev@luminesfox.com: IDLE notification received
2026-02-07 07:10:12,190 [INFO] 📨 contact@luminesfox.com: IDLE notification received
2026-02-07 07:12:09,918 [INFO] 📨 a.parmeev@jakeberrimor.com: IDLE notification received
2026-02-07 07:12:14,083 [INFO] 📨 dparmeev@luminesfox.com: IDLE notification received
2026-02-07 07:12:14,089 [INFO] 📨 spam@jakeberrimor.com: IDLE notification received
2026-02-07 07:12:14,090 [INFO] 📨 contact@jakeberrimor.com: IDLE notification received
2026-02-07 07:12:15,085 [INFO] 📨 contact@luminesfox.com: IDLE notification received
2026-02-07 07:14:09,251 [INFO] 📨 a.parmeev@jakeberrimor.com: IDLE notification received
2026-02-07 07:14:09,423 [INFO] 📨 contact@jakeberrimor.com: IDLE notification received
2026-02-07 07:14:09,433 [INFO] 📨 spam@jakeberrimor.com: IDLE notification received
2026-02-07 07:14:09,443 [INFO] 📨 dparmeev@luminesfox.com: IDLE notification received
2026-02-07 07:14:23,233 [INFO] 📨 contact@luminesfox.com: IDLE notification received
2026-02-07 07:16:09,552 [INFO] 📨 a.parmeev@jakeberrimor.com: IDLE notification received
2026-02-07 07:16:10,178 [INFO] 📨 spam@jakeberrimor.com: IDLE notification received
2026-02-07 07:16:22,295 [INFO] 📨 contact@jakeberrimor.com: IDLE notification received
2026-02-07 07:16:32,288 [INFO] 📨 dparmeev@luminesfox.com: IDLE notification received
2026-02-07 07:16:38,077 [INFO] 📨 contact@luminesfox.com: IDLE notification received
2026-02-07 07:18:09,506 [INFO] 📨 contact@luminesfox.com: IDLE notification received
2026-02-07 07:18:09,647 [INFO] 📨 dparmeev@luminesfox.com: IDLE notification received
2026-02-07 07:18:09,863 [INFO] 📨 a.parmeev@jakeberrimor.com: IDLE notification received
2026-02-07 07:18:19,374 [INFO] 📨 contact@jakeberrimor.com: IDLE notification received
2026-02-07 07:18:21,352 [INFO] 📨 spam@jakeberrimor.com: IDLE notification received
2026-02-07 07:20:09,164 [INFO] 📨 a.parmeev@jakeberrimor.com: IDLE notification received
2026-02-07 07:20:10,009 [INFO] 📨 dparmeev@luminesfox.com: IDLE notification received
2026-02-07 07:20:10,613 [INFO] 📨 contact@luminesfox.com: IDLE notification received
2026-02-07 07:20:19,918 [INFO] 📨 dparmeev@luminesfox.com: IDLE notification received
2026-02-07 07:20:20,271 [INFO] 📥 Queued: dparmeev@luminesfox.com from Google Business Profile <businessprofile-noreply@g (buffer: 1)
2026-02-07 07:20:25,466 [INFO] 📨 spam@jakeberrimor.com: IDLE notification received
2026-02-07 07:20:30,280 [INFO] ✅ Webhook sent: 1 event(s)
2026-02-07 07:20:40,170 [INFO] 📨 contact@jakeberrimor.com: IDLE notification received
2026-02-07 07:22:09,424 [INFO] 📨 dparmeev@luminesfox.com: IDLE notification received
2026-02-07 07:22:16,074 [INFO] 📨 contact@luminesfox.com: IDLE notification received
2026-02-07 07:22:17,074 [INFO] 📨 a.parmeev@jakeberrimor.com: IDLE notification received
2026-02-07 07:22:22,210 [INFO] 📨 spam@jakeberrimor.com: IDLE notification received
2026-02-07 07:22:24,434 [INFO] 📨 contact@jakeberrimor.com: IDLE notification received
2026-02-07 07:24:09,368 [INFO] 📨 a.parmeev@jakeberrimor.com: IDLE notification received
2026-02-07 07:24:17,084 [INFO] 📨 contact@jakeberrimor.com: IDLE notification received
2026-02-07 07:24:21,309 [INFO] 📨 spam@jakeberrimor.com: IDLE notification received
2026-02-07 07:24:24,314 [INFO] 📨 contact@luminesfox.com: IDLE notification received
2026-02-07 07:24:24,318 [INFO] 📨 dparmeev@luminesfox.com: IDLE notification received
2026-02-07 07:26:09,618 [INFO] 📨 spam@jakeberrimor.com: IDLE notification received
2026-02-07 07:26:09,670 [INFO] 📨 dparmeev@luminesfox.com: IDLE notification received
2026-02-07 07:26:09,711 [INFO] 📨 a.parmeev@jakeberrimor.com: IDLE notification received
2026-02-07 07:26:11,416 [INFO] 📨 contact@jakeberrimor.com: IDLE notification received
2026-02-07 07:26:11,419 [INFO] 📨 contact@luminesfox.com: IDLE notification received
2026-02-07 07:28:09,303 [INFO] 📨 dparmeev@luminesfox.com: IDLE notification received
2026-02-07 07:28:10,048 [INFO] 📨 spam@jakeberrimor.com: IDLE notification received
2026-02-07 07:28:10,052 [INFO] 📨 a.parmeev@jakeberrimor.com: IDLE notification received
2026-02-07 07:28:10,526 [INFO] 📨 contact@jakeberrimor.com: IDLE notification received
2026-02-07 07:28:13,521 [INFO] 📨 contact@luminesfox.com: IDLE notification received
2026-02-07 07:30:09,341 [INFO] 📨 a.parmeev@jakeberrimor.com: IDLE notification received
2026-02-07 07:30:09,416 [INFO] 📨 spam@jakeberrimor.com: IDLE notification received
2026-02-07 07:30:09,674 [INFO] 📨 dparmeev@luminesfox.com: IDLE notification received
2026-02-07 07:30:17,761 [INFO] 📨 contact@jakeberrimor.com: IDLE notification received
2026-02-07 07:30:20,121 [INFO] 📨 contact@luminesfox.com: IDLE notification received
2026-02-07 07:32:09,684 [INFO] 📨 a.parmeev@jakeberrimor.com: IDLE notification received
2026-02-07 07:32:10,128 [INFO] 📨 dparmeev@luminesfox.com: IDLE notification received
2026-02-07 07:32:10,141 [INFO] 📨 contact@jakeberrimor.com: IDLE notification received
2026-02-07 07:32:17,194 [INFO] 📨 spam@jakeberrimor.com: IDLE notification received
2026-02-07 07:32:21,198 [INFO] 📨 contact@luminesfox.com: IDLE notification received
2026-02-07 07:34:09,523 [INFO] 📨 spam@jakeberrimor.com: IDLE notification received
2026-02-07 07:34:09,524 [INFO] 📨 dparmeev@luminesfox.com: IDLE notification received
2026-02-07 07:34:10,020 [INFO] 📨 a.parmeev@jakeberrimor.com: IDLE notification received
2026-02-07 07:34:10,272 [INFO] 📨 contact@luminesfox.com: IDLE notification received
2026-02-07 07:34:35,459 [INFO] 📨 contact@jakeberrimor.com: IDLE notification received
2026-02-07 07:36:09,344 [INFO] 📨 a.parmeev@jakeberrimor.com: IDLE notification received
2026-02-07 07:36:09,582 [INFO] 📨 contact@luminesfox.com: IDLE notification received
2026-02-07 07:36:09,744 [INFO] 📨 contact@jakeberrimor.com: IDLE notification received
2026-02-07 07:36:20,267 [INFO] 📨 spam@jakeberrimor.com: IDLE notification received
2026-02-07 07:36:24,266 [INFO] 📨 dparmeev@luminesfox.com: IDLE notification received
2026-02-07 07:38:09,586 [INFO] 📨 spam@jakeberrimor.com: IDLE notification received
2026-02-07 07:38:09,637 [INFO] 📨 dparmeev@luminesfox.com: IDLE notification received
2026-02-07 07:38:09,672 [INFO] 📨 a.parmeev@jakeberrimor.com: IDLE notification received
2026-02-07 07:38:10,090 [INFO] 📨 contact@jakeberrimor.com: IDLE notification received
2026-02-07 07:38:39,046 [INFO] 📨 contact@luminesfox.com: IDLE notification received
2026-02-07 07:40:09,627 [INFO] 📨 contact@luminesfox.com: IDLE notification received
2026-02-07 07:40:09,737 [INFO] 📨 contact@jakeberrimor.com: IDLE notification received
2026-02-07 07:40:10,003 [INFO] 📨 dparmeev@luminesfox.com: IDLE notification received
2026-02-07 07:40:10,015 [INFO] 📨 a.parmeev@jakeberrimor.com: IDLE notification received
2026-02-07 07:40:10,112 [INFO] 📨 spam@jakeberrimor.com: IDLE notification received
2026-02-07 07:42:09,286 [INFO] 📨 dparmeev@luminesfox.com: IDLE notification received
2026-02-07 07:42:09,340 [INFO] 📨 a.parmeev@jakeberrimor.com: IDLE notification received
2026-02-07 07:42:23,515 [INFO] 📨 contact@luminesfox.com: IDLE notification received
2026-02-07 07:42:26,504 [INFO] 📨 spam@jakeberrimor.com: IDLE notification received
2026-02-07 07:42:32,505 [INFO] 📨 contact@jakeberrimor.com: IDLE notification received
2026-02-07 07:44:09,639 [INFO] 📨 a.parmeev@jakeberrimor.com: IDLE notification received
2026-02-07 07:44:09,663 [INFO] 📨 dparmeev@luminesfox.com: IDLE notification received
2026-02-07 07:44:10,331 [INFO] 📨 spam@jakeberrimor.com: IDLE notification received
2026-02-07 07:44:18,697 [INFO] 📨 contact@luminesfox.com: IDLE notification received
2026-02-07 07:44:26,168 [INFO] 📨 contact@jakeberrimor.com: IDLE notification received
2026-02-07 07:46:09,958 [INFO] 📨 a.parmeev@jakeberrimor.com: IDLE notification received
2026-02-07 07:46:10,040 [INFO] 📨 dparmeev@luminesfox.com: IDLE notification received
2026-02-07 07:46:11,357 [INFO] 📨 contact@jakeberrimor.com: IDLE notification received
2026-02-07 07:46:11,360 [INFO] 📨 spam@jakeberrimor.com: IDLE notification received
2026-02-07 07:46:13,358 [INFO] 📨 contact@luminesfox.com: IDLE notification received
2026-02-07 07:48:09,253 [INFO] 📨 a.parmeev@jakeberrimor.com: IDLE notification received
2026-02-07 07:48:09,391 [INFO] 📨 dparmeev@luminesfox.com: IDLE notification received
2026-02-07 07:48:09,656 [INFO] 📨 contact@jakeberrimor.com: IDLE notification received
2026-02-07 07:48:17,466 [INFO] 📨 contact@luminesfox.com: IDLE notification received
2026-02-07 07:48:19,249 [INFO] 📨 spam@jakeberrimor.com: IDLE notification received
2026-02-07 07:50:09,556 [INFO] 📨 a.parmeev@jakeberrimor.com: IDLE notification received
2026-02-07 07:50:09,756 [INFO] 📨 dparmeev@luminesfox.com: IDLE notification received
2026-02-07 07:50:10,275 [INFO] 📨 contact@luminesfox.com: IDLE notification received
2026-02-07 07:50:14,422 [INFO] 📨 spam@jakeberrimor.com: IDLE notification received
2026-02-07 07:50:16,318 [INFO] 📨 contact@jakeberrimor.com: IDLE notification received
2026-02-07 07:52:09,101 [INFO] 📨 dparmeev@luminesfox.com: IDLE notification received
2026-02-07 07:52:09,748 [INFO] 📨 spam@jakeberrimor.com: IDLE notification received
2026-02-07 07:52:09,871 [INFO] 📨 a.parmeev@jakeberrimor.com: IDLE notification received
2026-02-07 07:52:11,360 [INFO] 📨 contact@luminesfox.com: IDLE notification received
2026-02-07 07:52:15,320 [INFO] 📨 contact@jakeberrimor.com: IDLE notification received
2026-02-07 07:54:09,225 [INFO] 📨 a.parmeev@jakeberrimor.com: IDLE notification received
2026-02-07 07:54:09,481 [INFO] 📨 dparmeev@luminesfox.com: IDLE notification received
2026-02-07 07:54:10,036 [INFO] 📨 spam@jakeberrimor.com: IDLE notification received
2026-02-07 07:54:22,098 [INFO] 📨 contact@luminesfox.com: IDLE notification received
2026-02-07 07:54:25,111 [INFO] 📨 contact@jakeberrimor.com: IDLE notification received
2026-02-07 07:56:09,794 [INFO] 📨 dparmeev@luminesfox.com: IDLE notification received
2026-02-07 07:56:10,188 [INFO] 📨 contact@luminesfox.com: IDLE notification received
2026-02-07 07:56:19,196 [INFO] 📨 spam@jakeberrimor.com: IDLE notification received
2026-02-07 07:56:19,197 [INFO] 📨 contact@jakeberrimor.com: IDLE notification received
2026-02-07 07:56:20,201 [INFO] 📨 a.parmeev@jakeberrimor.com: IDLE notification received
2026-02-07 07:58:09,159 [INFO] 📨 dparmeev@luminesfox.com: IDLE notification received
2026-02-07 07:58:09,463 [INFO] 📨 a.parmeev@jakeberrimor.com: IDLE notification received
2026-02-07 07:58:10,447 [INFO] 📨 spam@jakeberrimor.com: IDLE notification received
2026-02-07 07:58:12,288 [INFO] 📨 contact@jakeberrimor.com: IDLE notification received
2026-02-07 07:58:12,299 [INFO] 📨 contact@luminesfox.com: IDLE notification received
2026-02-07 08:00:09,426 [INFO] 📨 spam@jakeberrimor.com: IDLE notification received
2026-02-07 08:00:09,573 [INFO] 📨 contact@jakeberrimor.com: IDLE notification received
2026-02-07 08:00:09,732 [INFO] 📨 contact@luminesfox.com: IDLE notification received
2026-02-07 08:00:09,780 [INFO] 📨 a.parmeev@jakeberrimor.com: IDLE notification received
2026-02-07 08:00:17,328 [INFO] 📨 dparmeev@luminesfox.com: IDLE notification received
2026-02-07 08:02:09,483 [INFO] 📨 spam@jakeberrimor.com: IDLE notification received
2026-02-07 08:02:09,648 [INFO] 📨 dparmeev@luminesfox.com: IDLE notification received
2026-02-07 08:02:09,986 [INFO] 📨 contact@jakeberrimor.com: IDLE notification received
2026-02-07 08:02:10,085 [INFO] 📨 a.parmeev@jakeberrimor.com: IDLE notification received
2026-02-07 08:02:17,422 [INFO] 📨 contact@luminesfox.com: IDLE notification received
2026-02-07 08:04:09,416 [INFO] 📨 a.parmeev@jakeberrimor.com: IDLE notification received
2026-02-07 08:04:10,076 [INFO] 📨 contact@luminesfox.com: IDLE notification received
2026-02-07 08:04:10,080 [INFO] 📨 dparmeev@luminesfox.com: IDLE notification received
2026-02-07 08:04:14,075 [INFO] 📨 contact@jakeberrimor.com: IDLE notification received
2026-02-07 08:04:38,035 [INFO] 📨 spam@jakeberrimor.com: IDLE notification received
2026-02-07 08:06:09,329 [INFO] 📨 spam@jakeberrimor.com: IDLE notification received
2026-02-07 08:06:09,585 [INFO] 📨 dparmeev@luminesfox.com: IDLE notification received
2026-02-07 08:06:09,720 [INFO] 📨 a.parmeev@jakeberrimor.com: IDLE notification received
2026-02-07 08:06:11,523 [INFO] 📨 contact@jakeberrimor.com: IDLE notification received
2026-02-07 08:06:14,261 [INFO] 📨 contact@luminesfox.com: IDLE notification received
2026-02-07 08:08:09,623 [INFO] 📨 spam@jakeberrimor.com: IDLE notification received
2026-02-07 08:08:10,000 [INFO] 📨 a.parmeev@jakeberrimor.com: IDLE notification received
2026-02-07 08:08:10,006 [INFO] 📨 dparmeev@luminesfox.com: IDLE notification received
2026-02-07 08:08:12,342 [INFO] 📨 contact@luminesfox.com: IDLE notification received
2026-02-07 08:08:13,515 [INFO] 📨 contact@jakeberrimor.com: IDLE notification received
2026-02-07 08:10:09,338 [INFO] 📨 a.parmeev@jakeberrimor.com: IDLE notification received
2026-02-07 08:10:09,376 [INFO] 📨 dparmeev@luminesfox.com: IDLE notification received
2026-02-07 08:10:09,837 [INFO] 📨 contact@jakeberrimor.com: IDLE notification received
2026-02-07 08:10:18,424 [INFO] 📨 contact@luminesfox.com: IDLE notification received
2026-02-07 08:10:25,435 [INFO] 📨 spam@jakeberrimor.com: IDLE notification received
2026-02-07 08:12:09,113 [INFO] 📨 contact@jakeberrimor.com: IDLE notification received
2026-02-07 08:12:09,659 [INFO] 📨 spam@jakeberrimor.com: IDLE notification received
2026-02-07 08:12:09,681 [INFO] 📨 a.parmeev@jakeberrimor.com: IDLE notification received
2026-02-07 08:12:09,737 [INFO] 📨 dparmeev@luminesfox.com: IDLE notification received
2026-02-07 08:12:14,388 [INFO] 📨 contact@luminesfox.com: IDLE notification received
2026-02-07 08:14:09,504 [INFO] 📨 spam@jakeberrimor.com: IDLE notification received
2026-02-07 08:14:09,623 [INFO] 📨 contact@jakeberrimor.com: IDLE notification received
2026-02-07 08:14:10,117 [INFO] 📨 dparmeev@luminesfox.com: IDLE notification received
2026-02-07 08:14:12,443 [INFO] 📨 a.parmeev@jakeberrimor.com: IDLE notification received
2026-02-07 08:14:20,454 [INFO] 📨 contact@luminesfox.com: IDLE notification received
2026-02-07 08:16:09,431 [INFO] 📨 dparmeev@luminesfox.com: IDLE notification received
2026-02-07 08:16:09,775 [INFO] 📨 a.parmeev@jakeberrimor.com: IDLE notification received
2026-02-07 08:16:11,692 [INFO] 📨 contact@jakeberrimor.com: IDLE notification received
2026-02-07 08:16:22,257 [INFO] 📨 contact@luminesfox.com: IDLE notification received
2026-02-07 08:16:26,263 [INFO] 📨 spam@jakeberrimor.com: IDLE notification received
2026-02-07 08:18:09,665 [INFO] 📨 contact@luminesfox.com: IDLE notification received
2026-02-07 08:18:09,767 [INFO] 📨 dparmeev@luminesfox.com: IDLE notification received
2026-02-07 08:18:10,015 [INFO] 📨 contact@jakeberrimor.com: IDLE notification received
2026-02-07 08:18:17,357 [INFO] 📨 a.parmeev@jakeberrimor.com: IDLE notification received
2026-02-07 08:18:30,329 [INFO] 📨 spam@jakeberrimor.com: IDLE notification received
2026-02-07 08:20:09,288 [INFO] 📨 contact@jakeberrimor.com: IDLE notification received
2026-02-07 08:20:09,604 [INFO] 📨 a.parmeev@jakeberrimor.com: IDLE notification received
2026-02-07 08:20:14,321 [INFO] 📨 dparmeev@luminesfox.com: IDLE notification received
2026-02-07 08:20:15,339 [INFO] 📨 spam@jakeberrimor.com: IDLE notification received
2026-02-07 08:20:32,347 [INFO] 📨 contact@luminesfox.com: IDLE notification received
2026-02-07 08:22:09,652 [INFO] 📨 contact@luminesfox.com: IDLE notification received
2026-02-07 08:22:09,676 [INFO] 📨 dparmeev@luminesfox.com: IDLE notification received
2026-02-07 08:22:09,984 [INFO] 📨 a.parmeev@jakeberrimor.com: IDLE notification received
2026-02-07 08:22:16,039 [INFO] 📨 contact@jakeberrimor.com: IDLE notification received
2026-02-07 08:22:17,443 [INFO] 📨 spam@jakeberrimor.com: IDLE notification received
2026-02-07 08:24:09,312 [INFO] 📨 a.parmeev@jakeberrimor.com: IDLE notification received
2026-02-07 08:24:09,751 [INFO] 📨 spam@jakeberrimor.com: IDLE notification received
2026-02-07 08:24:10,044 [INFO] 📨 dparmeev@luminesfox.com: IDLE notification received
2026-02-07 08:24:10,441 [INFO] 📨 contact@jakeberrimor.com: IDLE notification received
2026-02-07 08:24:14,426 [INFO] 📨 contact@luminesfox.com: IDLE notification received
2026-02-07 08:26:09,368 [INFO] 📨 dparmeev@luminesfox.com: IDLE notification received
2026-02-07 08:26:09,600 [INFO] 📨 a.parmeev@jakeberrimor.com: IDLE notification received
2026-02-07 08:26:10,090 [INFO] 📨 spam@jakeberrimor.com: IDLE notification received
2026-02-07 08:26:12,518 [INFO] 📨 contact@jakeberrimor.com: IDLE notification received
2026-02-07 08:26:19,530 [INFO] 📨 contact@luminesfox.com: IDLE notification received
2026-02-07 08:28:09,435 [INFO] 📨 spam@jakeberrimor.com: IDLE notification received
2026-02-07 08:28:09,704 [INFO] 📨 dparmeev@luminesfox.com: IDLE notification received
2026-02-07 08:28:09,817 [INFO] 📨 contact@luminesfox.com: IDLE notification received
2026-02-07 08:28:09,891 [INFO] 📨 a.parmeev@jakeberrimor.com: IDLE notification received
2026-02-07 08:28:11,188 [INFO] 📨 contact@jakeberrimor.com: IDLE notification received
2026-02-07 08:30:09,469 [INFO] 📨 contact@jakeberrimor.com: IDLE notification received
2026-02-07 08:30:11,449 [INFO] 📨 contact@luminesfox.com: IDLE notification received
2026-02-07 08:30:11,573 [INFO] 📨 spam@jakeberrimor.com: IDLE notification received
2026-02-07 08:30:16,468 [INFO] 📨 a.parmeev@jakeberrimor.com: IDLE notification received
2026-02-07 08:30:37,519 [INFO] 📨 dparmeev@luminesfox.com: IDLE notification received
2026-02-07 08:32:09,784 [INFO] 📨 a.parmeev@jakeberrimor.com: IDLE notification received
2026-02-07 08:32:09,836 [INFO] 📨 dparmeev@luminesfox.com: IDLE notification received
2026-02-07 08:32:10,484 [INFO] 📨 spam@jakeberrimor.com: IDLE notification received
2026-02-07 08:32:10,496 [INFO] 📨 contact@jakeberrimor.com: IDLE notification received
2026-02-07 08:32:12,507 [INFO] 📨 contact@luminesfox.com: IDLE notification received
2026-02-07 08:34:09,847 [INFO] 📨 spam@jakeberrimor.com: IDLE notification received
2026-02-07 08:34:10,087 [INFO] 📨 a.parmeev@jakeberrimor.com: IDLE notification received
2026-02-07 08:34:17,151 [INFO] 📨 dparmeev@luminesfox.com: IDLE notification received
2026-02-07 08:34:19,098 [INFO] 📨 contact@jakeberrimor.com: IDLE notification received
2026-02-07 08:34:19,157 [INFO] 📨 contact@luminesfox.com: IDLE notification received
2026-02-07 08:36:09,130 [INFO] 📨 spam@jakeberrimor.com: IDLE notification received
2026-02-07 08:36:09,416 [INFO] 📨 a.parmeev@jakeberrimor.com: IDLE notification received
2026-02-07 08:36:09,512 [INFO] 📨 dparmeev@luminesfox.com: IDLE notification received
2026-02-07 08:36:13,265 [INFO] 📨 contact@luminesfox.com: IDLE notification received
2026-02-07 08:36:27,273 [INFO] 📨 contact@jakeberrimor.com: IDLE notification received
2026-02-07 08:38:09,429 [INFO] 📨 spam@jakeberrimor.com: IDLE notification received
2026-02-07 08:38:09,450 [INFO] 📨 contact@luminesfox.com: IDLE notification received
2026-02-07 08:38:09,886 [INFO] 📨 a.parmeev@jakeberrimor.com: IDLE notification received
2026-02-07 08:38:09,900 [INFO] 📨 dparmeev@luminesfox.com: IDLE notification received
2026-02-07 08:38:11,354 [INFO] 📨 contact@jakeberrimor.com: IDLE notification received
2026-02-07 08:40:09,219 [INFO] 📨 a.parmeev@jakeberrimor.com: IDLE notification received
2026-02-07 08:40:09,501 [INFO] 📨 contact@luminesfox.com: IDLE notification received
2026-02-07 08:40:09,622 [INFO] 📨 contact@jakeberrimor.com: IDLE notification received
2026-02-07 08:40:13,424 [INFO] 📨 dparmeev@luminesfox.com: IDLE notification received
2026-02-07 08:40:13,432 [INFO] 📨 spam@jakeberrimor.com: IDLE notification received
2026-02-07 08:42:09,529 [INFO] 📨 a.parmeev@jakeberrimor.com: IDLE notification received
2026-02-07 08:42:09,792 [INFO] 📨 dparmeev@luminesfox.com: IDLE notification received
2026-02-07 08:42:10,557 [INFO] 📨 spam@jakeberrimor.com: IDLE notification received
2026-02-07 08:42:10,601 [INFO] 📨 contact@jakeberrimor.com: IDLE notification received
2026-02-07 08:42:16,174 [INFO] 📨 contact@luminesfox.com: IDLE notification received
2026-02-07 08:44:09,150 [INFO] 📨 dparmeev@luminesfox.com: IDLE notification received
2026-02-07 08:44:09,343 [INFO] 📨 contact@luminesfox.com: IDLE notification received
2026-02-07 08:44:09,835 [INFO] 📨 spam@jakeberrimor.com: IDLE notification received
2026-02-07 08:44:09,844 [INFO] 📨 a.parmeev@jakeberrimor.com: IDLE notification received
2026-02-07 08:44:25,318 [INFO] 📨 contact@jakeberrimor.com: IDLE notification received
2026-02-07 08:46:09,149 [INFO] 📨 a.parmeev@jakeberrimor.com: IDLE notification received
2026-02-07 08:46:09,489 [INFO] 📨 dparmeev@luminesfox.com: IDLE notification received
2026-02-07 08:46:09,637 [INFO] 📨 contact@luminesfox.com: IDLE notification received
2026-02-07 08:46:10,437 [INFO] 📨 contact@jakeberrimor.com: IDLE notification received
2026-02-07 08:46:13,399 [INFO] 📨 spam@jakeberrimor.com: IDLE notification received
2026-02-07 08:48:09,469 [INFO] 📨 a.parmeev@jakeberrimor.com: IDLE notification received
2026-02-07 08:48:09,885 [INFO] 📨 dparmeev@luminesfox.com: IDLE notification received
2026-02-07 08:48:11,074 [INFO] 📨 contact@luminesfox.com: IDLE notification received
2026-02-07 08:48:13,226 [INFO] 📨 contact@jakeberrimor.com: IDLE notification received
2026-02-07 08:48:15,209 [INFO] 📨 spam@jakeberrimor.com: IDLE notification received
2026-02-07 08:50:09,282 [INFO] 📨 dparmeev@luminesfox.com: IDLE notification received
2026-02-07 08:50:09,752 [INFO] 📨 a.parmeev@jakeberrimor.com: IDLE notification received
2026-02-07 08:50:12,396 [INFO] 📨 spam@jakeberrimor.com: IDLE notification received
2026-02-07 08:50:28,303 [INFO] 📨 contact@luminesfox.com: IDLE notification received
2026-02-07 08:50:30,285 [INFO] 📨 contact@jakeberrimor.com: IDLE notification received
2026-02-07 08:52:09,621 [INFO] 📨 dparmeev@luminesfox.com: IDLE notification received
2026-02-07 08:52:09,679 [INFO] 📨 spam@jakeberrimor.com: IDLE notification received
2026-02-07 08:52:10,067 [INFO] 📨 a.parmeev@jakeberrimor.com: IDLE notification received
2026-02-07 08:52:11,226 [INFO] 📨 contact@jakeberrimor.com: IDLE notification received
2026-02-07 08:52:18,259 [INFO] 📨 contact@luminesfox.com: IDLE notification received
2026-02-07 08:54:09,374 [INFO] 📨 a.parmeev@jakeberrimor.com: IDLE notification received
2026-02-07 08:54:09,541 [INFO] 📨 contact@luminesfox.com: IDLE notification received
2026-02-07 08:54:09,544 [INFO] 📨 contact@jakeberrimor.com: IDLE notification received
2026-02-07 08:54:09,941 [INFO] 📨 dparmeev@luminesfox.com: IDLE notification received
2026-02-07 08:54:17,327 [INFO] 📨 spam@jakeberrimor.com: IDLE notification received
2026-02-07 08:56:09,277 [INFO] 📨 dparmeev@luminesfox.com: IDLE notification received
2026-02-07 08:56:09,701 [INFO] 📨 a.parmeev@jakeberrimor.com: IDLE notification received
2026-02-07 08:56:13,376 [INFO] 📨 spam@jakeberrimor.com: IDLE notification received
2026-02-07 08:56:14,379 [INFO] 📨 contact@luminesfox.com: IDLE notification received
2026-02-07 08:56:20,404 [INFO] 📨 contact@jakeberrimor.com: IDLE notification received
2026-02-07 08:58:09,616 [INFO] 📨 dparmeev@luminesfox.com: IDLE notification received
2026-02-07 08:58:09,676 [INFO] 📨 spam@jakeberrimor.com: IDLE notification received
2026-02-07 08:58:09,975 [INFO] 📨 a.parmeev@jakeberrimor.com: IDLE notification received
2026-02-07 08:58:15,512 [INFO] 📨 contact@jakeberrimor.com: IDLE notification received
2026-02-07 08:58:20,493 [INFO] 📨 contact@luminesfox.com: IDLE notification received
2026-02-07 09:00:09,302 [INFO] 📨 a.parmeev@jakeberrimor.com: IDLE notification received
2026-02-07 09:00:09,777 [INFO] 📨 contact@jakeberrimor.com: IDLE notification received
2026-02-07 09:00:14,440 [INFO] 📨 spam@jakeberrimor.com: IDLE notification received
2026-02-07 09:00:20,342 [INFO] 📨 contact@luminesfox.com: IDLE notification received
2026-02-07 09:00:29,358 [INFO] 📨 dparmeev@luminesfox.com: IDLE notification received
2026-02-07 09:02:09,606 [INFO] 📨 a.parmeev@jakeberrimor.com: IDLE notification received
2026-02-07 09:02:09,763 [INFO] 📨 spam@jakeberrimor.com: IDLE notification received
2026-02-07 09:02:09,968 [INFO] 📨 dparmeev@luminesfox.com: IDLE notification received
2026-02-07 09:02:15,412 [INFO] 📨 contact@luminesfox.com: IDLE notification received
2026-02-07 09:02:17,163 [INFO] 📨 contact@jakeberrimor.com: IDLE notification received
2026-02-07 09:02:47,227 [ERROR] ❌ contact@jakeberrimor.com: Connection error: The read operation timed out
2026-02-07 09:02:47,227 [INFO] 🔁 contact@jakeberrimor.com: Reconnecting in 5s...
2026-02-07 09:02:52,227 [INFO] 🔌 Connecting to contact@jakeberrimor.com@mail.hosting.reg.ru...
2026-02-07 09:02:52,993 [INFO] 📬 contact@jakeberrimor.com: Starting from UID 422
2026-02-07 09:02:53,034 [INFO] ✅ contact@jakeberrimor.com: IDLE monitoring active
2026-02-07 09:02:53,696 [INFO] 📨 contact@jakeberrimor.com: IDLE notification received
2026-02-07 09:02:54,073 [INFO] 📥 Queued: contact@jakeberrimor.com from "hh.ru" <noreply@hh.ru> (buffer: 1)
2026-02-07 09:03:04,083 [INFO] ✅ Webhook sent: 1 event(s)
2026-02-07 09:04:09,183 [INFO] 📨 contact@jakeberrimor.com: IDLE notification received
2026-02-07 09:04:09,333 [INFO] 📨 dparmeev@luminesfox.com: IDLE notification received
2026-02-07 09:04:09,909 [INFO] 📨 a.parmeev@jakeberrimor.com: IDLE notification received
2026-02-07 09:04:13,110 [INFO] 📨 spam@jakeberrimor.com: IDLE notification received
2026-02-07 09:04:16,105 [INFO] 📨 contact@luminesfox.com: IDLE notification received
2026-02-07 09:06:09,174 [INFO] 📨 a.parmeev@jakeberrimor.com: IDLE notification received
2026-02-07 09:06:09,687 [INFO] 📨 dparmeev@luminesfox.com: IDLE notification received
2026-02-07 09:06:13,137 [INFO] 📨 contact@luminesfox.com: IDLE notification received
2026-02-07 09:06:13,501 [INFO] 📨 spam@jakeberrimor.com: IDLE notification received
2026-02-07 09:06:28,031 [INFO] 📨 contact@jakeberrimor.com: IDLE notification received
2026-02-07 09:08:09,267 [INFO] 📨 contact@jakeberrimor.com: IDLE notification received
2026-02-07 09:08:10,145 [INFO] 📨 dparmeev@luminesfox.com: IDLE notification received
2026-02-07 09:08:12,194 [INFO] 📨 spam@jakeberrimor.com: IDLE notification received
2026-02-07 09:08:12,481 [INFO] 📨 contact@luminesfox.com: IDLE notification received
2026-02-07 09:08:15,137 [INFO] 📨 a.parmeev@jakeberrimor.com: IDLE notification received
2026-02-07 09:10:09,430 [INFO] 📨 a.parmeev@jakeberrimor.com: IDLE notification received
2026-02-07 09:10:09,554 [INFO] 📨 contact@jakeberrimor.com: IDLE notification received
2026-02-07 09:10:13,239 [INFO] 📨 contact@luminesfox.com: IDLE notification received
2026-02-07 09:10:14,225 [INFO] 📨 dparmeev@luminesfox.com: IDLE notification received
2026-02-07 09:10:16,228 [INFO] 📨 spam@jakeberrimor.com: IDLE notification received
2026-02-07 09:12:09,549 [INFO] 📨 spam@jakeberrimor.com: IDLE notification received
2026-02-07 09:12:09,843 [INFO] 📨 contact@jakeberrimor.com: IDLE notification received
2026-02-07 09:12:10,347 [INFO] 📨 dparmeev@luminesfox.com: IDLE notification received
2026-02-07 09:12:16,330 [INFO] 📨 contact@luminesfox.com: IDLE notification received
2026-02-07 09:12:17,325 [INFO] 📨 a.parmeev@jakeberrimor.com: IDLE notification received
2026-02-07 09:14:09,144 [INFO] 📨 contact@jakeberrimor.com: IDLE notification received
2026-02-07 09:14:09,645 [INFO] 📨 a.parmeev@jakeberrimor.com: IDLE notification received
2026-02-07 09:14:09,721 [INFO] 📨 dparmeev@luminesfox.com: IDLE notification received
2026-02-07 09:14:14,113 [INFO] 📨 spam@jakeberrimor.com: IDLE notification received
2026-02-07 09:14:18,121 [INFO] 📨 contact@luminesfox.com: IDLE notification received
2026-02-07 09:16:09,447 [INFO] 📨 contact@jakeberrimor.com: IDLE notification received
2026-02-07 09:16:09,908 [INFO] 📨 a.parmeev@jakeberrimor.com: IDLE notification received
2026-02-07 09:16:10,034 [INFO] 📨 dparmeev@luminesfox.com: IDLE notification received
2026-02-07 09:16:10,263 [INFO] 📨 contact@luminesfox.com: IDLE notification received
2026-02-07 09:16:26,514 [INFO] 📨 spam@jakeberrimor.com: IDLE notification received
2026-02-07 09:18:09,226 [INFO] 📨 a.parmeev@jakeberrimor.com: IDLE notification received
2026-02-07 09:18:09,420 [INFO] 📨 dparmeev@luminesfox.com: IDLE notification received
2026-02-07 09:18:09,556 [INFO] 📨 contact@luminesfox.com: IDLE notification received
2026-02-07 09:18:09,736 [INFO] 📨 contact@jakeberrimor.com: IDLE notification received
2026-02-07 09:18:09,782 [INFO] 📨 spam@jakeberrimor.com: IDLE notification received
2026-02-07 09:33:09,438 [INFO] 🔄 a.parmeev@jakeberrimor.com: Periodic reconnect
2026-02-07 09:33:09,439 [ERROR] ❌ a.parmeev@jakeberrimor.com: Connection error: EOF occurred in violation of protocol (_ssl.c:2406)
2026-02-07 09:33:09,439 [INFO] 🔁 a.parmeev@jakeberrimor.com: Reconnecting in 5s...
2026-02-07 09:33:09,677 [INFO] 🔄 dparmeev@luminesfox.com: Periodic reconnect
2026-02-07 09:33:09,677 [ERROR] ❌ dparmeev@luminesfox.com: Connection error: EOF occurred in violation of protocol (_ssl.c:2406)
2026-02-07 09:33:09,677 [INFO] 🔁 dparmeev@luminesfox.com: Reconnecting in 5s...
2026-02-07 09:33:09,766 [INFO] 🔄 contact@luminesfox.com: Periodic reconnect
2026-02-07 09:33:09,766 [ERROR] ❌ contact@luminesfox.com: Connection error: EOF occurred in violation of protocol (_ssl.c:2406)
2026-02-07 09:33:09,767 [INFO] 🔁 contact@luminesfox.com: Reconnecting in 5s...
2026-02-07 09:33:09,957 [INFO] 🔄 contact@jakeberrimor.com: Periodic reconnect
2026-02-07 09:33:09,957 [ERROR] ❌ contact@jakeberrimor.com: Connection error: EOF occurred in violation of protocol (_ssl.c:2406)
2026-02-07 09:33:09,957 [INFO] 🔁 contact@jakeberrimor.com: Reconnecting in 5s...
2026-02-07 09:33:09,987 [INFO] 🔄 spam@jakeberrimor.com: Periodic reconnect
2026-02-07 09:33:09,987 [ERROR] ❌ spam@jakeberrimor.com: Connection error: EOF occurred in violation of protocol (_ssl.c:2406)
2026-02-07 09:33:09,987 [INFO] 🔁 spam@jakeberrimor.com: Reconnecting in 5s...
2026-02-07 09:33:14,439 [INFO] 🔌 Connecting to a.parmeev@jakeberrimor.com@mail.hosting.reg.ru...
2026-02-07 09:33:14,677 [INFO] 🔌 Connecting to dparmeev@luminesfox.com@mail.hosting.reg.ru...
2026-02-07 09:33:14,767 [INFO] 🔌 Connecting to contact@luminesfox.com@mail.hosting.reg.ru...
2026-02-07 09:33:14,957 [INFO] 🔌 Connecting to contact@jakeberrimor.com@mail.hosting.reg.ru...
2026-02-07 09:33:14,988 [INFO] 🔌 Connecting to spam@jakeberrimor.com@mail.hosting.reg.ru...
2026-02-07 09:33:15,251 [INFO] 📬 dparmeev@luminesfox.com: Starting from UID 2374
2026-02-07 09:33:15,292 [INFO] ✅ dparmeev@luminesfox.com: IDLE monitoring active
2026-02-07 09:33:15,500 [INFO] 📬 contact@jakeberrimor.com: Starting from UID 423
2026-02-07 09:33:15,542 [INFO] ✅ contact@jakeberrimor.com: IDLE monitoring active
2026-02-07 09:33:15,569 [INFO] 📬 spam@jakeberrimor.com: Starting from UID 488
2026-02-07 09:33:15,614 [INFO] ✅ spam@jakeberrimor.com: IDLE monitoring active
2026-02-07 09:33:16,422 [INFO] 📬 contact@luminesfox.com: Starting from UID 72
2026-02-07 09:33:16,463 [INFO] ✅ contact@luminesfox.com: IDLE monitoring active
2026-02-07 09:33:18,295 [INFO] 📬 a.parmeev@jakeberrimor.com: Starting from UID 14
2026-02-07 09:33:18,336 [INFO] ✅ a.parmeev@jakeberrimor.com: IDLE monitoring active
2026-02-07 09:34:14,259 [INFO] 📨 contact@luminesfox.com: IDLE notification received
2026-02-07 09:34:14,261 [INFO] 📨 spam@jakeberrimor.com: IDLE notification received
2026-02-07 09:34:19,250 [INFO] 📨 contact@jakeberrimor.com: IDLE notification received
2026-02-07 09:34:19,254 [INFO] 📨 dparmeev@luminesfox.com: IDLE notification received
2026-02-07 09:34:34,278 [INFO] 📨 a.parmeev@jakeberrimor.com: IDLE notification received
2026-02-07 09:35:04,293 [ERROR] ❌ a.parmeev@jakeberrimor.com: Connection error: The read operation timed out
2026-02-07 09:35:04,293 [INFO] 🔁 a.parmeev@jakeberrimor.com: Reconnecting in 5s...
2026-02-07 09:35:09,293 [INFO] 🔌 Connecting to a.parmeev@jakeberrimor.com@mail.hosting.reg.ru...
2026-02-07 09:35:09,853 [INFO] 📬 a.parmeev@jakeberrimor.com: Starting from UID 14
2026-02-07 09:35:09,895 [INFO] ✅ a.parmeev@jakeberrimor.com: IDLE monitoring active
2026-02-07 09:36:09,532 [INFO] 📨 contact@jakeberrimor.com: IDLE notification received
2026-02-07 09:36:09,559 [INFO] 📨 spam@jakeberrimor.com: IDLE notification received
2026-02-07 09:36:09,573 [INFO] 📨 contact@luminesfox.com: IDLE notification received
2026-02-07 09:36:14,294 [INFO] 📨 a.parmeev@jakeberrimor.com: IDLE notification received
2026-02-07 09:36:30,290 [INFO] 📨 dparmeev@luminesfox.com: IDLE notification received
2026-02-07 09:38:11,620 [INFO] 📨 dparmeev@luminesfox.com: IDLE notification received
2026-02-07 09:38:17,391 [INFO] 📨 contact@luminesfox.com: IDLE notification received
2026-02-07 09:38:17,392 [INFO] 📨 spam@jakeberrimor.com: IDLE notification received
2026-02-07 09:38:32,394 [INFO] 📨 a.parmeev@jakeberrimor.com: IDLE notification received
2026-02-07 09:38:32,395 [INFO] 📨 contact@jakeberrimor.com: IDLE notification received
2026-02-07 09:40:10,300 [INFO] 📨 contact@luminesfox.com: IDLE notification received
2026-02-07 09:40:10,301 [INFO] 📨 spam@jakeberrimor.com: IDLE notification received
2026-02-07 09:40:24,121 [INFO] 📨 contact@jakeberrimor.com: IDLE notification received
2026-02-07 09:40:25,145 [INFO] 📨 a.parmeev@jakeberrimor.com: IDLE notification received
2026-02-07 09:40:40,134 [INFO] 📨 dparmeev@luminesfox.com: IDLE notification received
2026-02-07 09:42:15,208 [INFO] 📨 contact@luminesfox.com: IDLE notification received
2026-02-07 09:42:15,208 [INFO] 📨 spam@jakeberrimor.com: IDLE notification received
2026-02-07 09:42:15,222 [INFO] 📨 dparmeev@luminesfox.com: IDLE notification received
2026-02-07 09:42:15,466 [INFO] 📨 contact@jakeberrimor.com: IDLE notification received
2026-02-07 09:42:19,210 [INFO] 📨 a.parmeev@jakeberrimor.com: IDLE notification received
2026-02-07 09:44:10,223 [INFO] 📨 spam@jakeberrimor.com: IDLE notification received
2026-02-07 09:44:10,223 [INFO] 📨 contact@luminesfox.com: IDLE notification received
2026-02-07 09:44:13,332 [INFO] 📨 a.parmeev@jakeberrimor.com: IDLE notification received
2026-02-07 09:44:17,228 [INFO] 📨 contact@jakeberrimor.com: IDLE notification received
2026-02-07 09:44:17,255 [INFO] 📨 dparmeev@luminesfox.com: IDLE notification received
2026-02-07 09:46:09,240 [INFO] 📨 contact@jakeberrimor.com: IDLE notification received
2026-02-07 09:46:16,186 [INFO] 📨 contact@luminesfox.com: IDLE notification received
2026-02-07 09:46:16,186 [INFO] 📨 spam@jakeberrimor.com: IDLE notification received
2026-02-07 09:46:16,545 [INFO] 📨 dparmeev@luminesfox.com: IDLE notification received
2026-02-07 09:46:18,191 [INFO] 📨 a.parmeev@jakeberrimor.com: IDLE notification received
2026-02-07 09:48:09,310 [INFO] 📨 contact@jakeberrimor.com: IDLE notification received
2026-02-07 09:48:09,929 [INFO] 📨 dparmeev@luminesfox.com: IDLE notification received
2026-02-07 09:48:10,048 [INFO] 📨 contact@luminesfox.com: IDLE notification received
2026-02-07 09:48:10,049 [INFO] 📨 spam@jakeberrimor.com: IDLE notification received
2026-02-07 09:48:15,299 [INFO] 📨 a.parmeev@jakeberrimor.com: IDLE notification received
2026-02-07 09:50:12,246 [INFO] 📨 dparmeev@luminesfox.com: IDLE notification received
2026-02-07 09:50:15,402 [INFO] 📨 spam@jakeberrimor.com: IDLE notification received
2026-02-07 09:50:15,402 [INFO] 📨 contact@luminesfox.com: IDLE notification received
2026-02-07 09:50:17,931 [INFO] 📨 contact@jakeberrimor.com: IDLE notification received
2026-02-07 09:50:21,408 [INFO] 📨 a.parmeev@jakeberrimor.com: IDLE notification received
2026-02-07 09:52:09,201 [INFO] 📨 contact@jakeberrimor.com: IDLE notification received
2026-02-07 09:52:09,866 [INFO] 📨 dparmeev@luminesfox.com: IDLE notification received
2026-02-07 09:52:10,672 [INFO] 📨 spam@jakeberrimor.com: IDLE notification received
2026-02-07 09:52:10,672 [INFO] 📨 contact@luminesfox.com: IDLE notification received
2026-02-07 09:52:27,140 [INFO] 📨 a.parmeev@jakeberrimor.com: IDLE notification received
2026-02-07 09:54:10,010 [INFO] 📨 dparmeev@luminesfox.com: IDLE notification received
2026-02-07 09:54:11,688 [INFO] 📨 contact@jakeberrimor.com: IDLE notification received
2026-02-07 09:54:14,087 [INFO] 📨 spam@jakeberrimor.com: IDLE notification received
2026-02-07 09:54:14,087 [INFO] 📨 contact@luminesfox.com: IDLE notification received
2026-02-07 09:54:15,083 [INFO] 📨 a.parmeev@jakeberrimor.com: IDLE notification received
2026-02-07 09:56:09,379 [INFO] 📨 dparmeev@luminesfox.com: IDLE notification received
2026-02-07 09:56:09,398 [INFO] 📨 a.parmeev@jakeberrimor.com: IDLE notification received
2026-02-07 09:56:09,977 [INFO] 📨 contact@jakeberrimor.com: IDLE notification received
2026-02-07 09:56:14,176 [INFO] 📨 spam@jakeberrimor.com: IDLE notification received
2026-02-07 09:56:14,176 [INFO] 📨 contact@luminesfox.com: IDLE notification received
2026-02-07 09:58:09,269 [INFO] 📨 contact@jakeberrimor.com: IDLE notification received
2026-02-07 09:58:14,259 [INFO] 📨 a.parmeev@jakeberrimor.com: IDLE notification received
2026-02-07 09:58:15,257 [INFO] 📨 dparmeev@luminesfox.com: IDLE notification received
2026-02-07 09:58:25,285 [INFO] 📨 contact@luminesfox.com: IDLE notification received
2026-02-07 09:58:25,285 [INFO] 📨 spam@jakeberrimor.com: IDLE notification received
2026-02-07 10:00:09,545 [INFO] 📨 contact@luminesfox.com: IDLE notification received
2026-02-07 10:00:09,607 [INFO] 📨 spam@jakeberrimor.com: IDLE notification received
2026-02-07 10:00:09,625 [INFO] 📨 contact@jakeberrimor.com: IDLE notification received
2026-02-07 10:00:12,404 [INFO] 📨 a.parmeev@jakeberrimor.com: IDLE notification received
2026-02-07 10:00:17,522 [INFO] 📨 dparmeev@luminesfox.com: IDLE notification received
2026-02-07 10:00:23,362 [INFO] 📨 contact@jakeberrimor.com: IDLE notification received
2026-02-07 10:00:23,362 [ERROR] ❌ contact@jakeberrimor.com: Connection error: socket error: EOF
2026-02-07 10:00:23,362 [INFO] 🔁 contact@jakeberrimor.com: Reconnecting in 5s...
2026-02-07 10:00:28,362 [INFO] 🔌 Connecting to contact@jakeberrimor.com@mail.hosting.reg.ru...
2026-02-07 10:00:28,416 [ERROR] ❌ a.parmeev@jakeberrimor.com: Connection error: Unexpected IDLE response: b'* BYE Server shutting down.'
2026-02-07 10:00:28,416 [INFO] 🔁 a.parmeev@jakeberrimor.com: Reconnecting in 5s...
2026-02-07 10:00:29,713 [INFO] 📨 dparmeev@luminesfox.com: IDLE notification received
2026-02-07 10:00:29,713 [ERROR] ❌ dparmeev@luminesfox.com: Connection error: socket error: EOF
2026-02-07 10:00:29,713 [INFO] 🔁 dparmeev@luminesfox.com: Reconnecting in 5s...
2026-02-07 10:00:31,442 [INFO] 📨 contact@luminesfox.com: IDLE notification received
2026-02-07 10:00:31,442 [INFO] 📨 spam@jakeberrimor.com: IDLE notification received
2026-02-07 10:00:31,442 [ERROR] ❌ contact@luminesfox.com: Connection error: socket error: EOF
2026-02-07 10:00:31,442 [INFO] 🔁 contact@luminesfox.com: Reconnecting in 5s...
2026-02-07 10:00:31,442 [ERROR] ❌ spam@jakeberrimor.com: Connection error: socket error: EOF
2026-02-07 10:00:31,442 [INFO] 🔁 spam@jakeberrimor.com: Reconnecting in 5s...
2026-02-07 10:00:33,416 [INFO] 🔌 Connecting to a.parmeev@jakeberrimor.com@mail.hosting.reg.ru...
2026-02-07 10:00:34,713 [INFO] 🔌 Connecting to dparmeev@luminesfox.com@mail.hosting.reg.ru...
2026-02-07 10:00:35,288 [INFO] 📬 dparmeev@luminesfox.com: Starting from UID 2374
2026-02-07 10:00:35,332 [INFO] ✅ dparmeev@luminesfox.com: IDLE monitoring active
2026-02-07 10:00:36,442 [INFO] 🔌 Connecting to contact@luminesfox.com@mail.hosting.reg.ru...
2026-02-07 10:00:36,443 [INFO] 🔌 Connecting to spam@jakeberrimor.com@mail.hosting.reg.ru...
2026-02-07 10:00:37,040 [INFO] 📬 contact@luminesfox.com: Starting from UID 72
2026-02-07 10:00:37,087 [INFO] ✅ contact@luminesfox.com: IDLE monitoring active
2026-02-07 10:00:41,520 [INFO] 📬 a.parmeev@jakeberrimor.com: Starting from UID 14
2026-02-07 10:00:41,566 [INFO] ✅ a.parmeev@jakeberrimor.com: IDLE monitoring active
2026-02-07 10:00:48,167 [INFO] 📬 contact@jakeberrimor.com: Starting from UID 423
2026-02-07 10:00:48,213 [INFO] ✅ contact@jakeberrimor.com: IDLE monitoring active
2026-02-07 10:01:04,533 [INFO] 📬 spam@jakeberrimor.com: Starting from UID 488
2026-02-07 10:01:04,610 [INFO] ✅ spam@jakeberrimor.com: IDLE monitoring active
2026-02-07 10:02:09,150 [INFO] 📨 contact@luminesfox.com: IDLE notification received
2026-02-07 10:02:09,412 [INFO] 📨 dparmeev@luminesfox.com: IDLE notification received
2026-02-07 10:02:11,474 [INFO] 📨 contact@jakeberrimor.com: IDLE notification received
2026-02-07 10:02:15,486 [INFO] 📨 a.parmeev@jakeberrimor.com: IDLE notification received
2026-02-07 10:02:16,487 [INFO] 📨 spam@jakeberrimor.com: IDLE notification received
2026-02-07 10:04:09,476 [INFO] 📨 contact@luminesfox.com: IDLE notification received
2026-02-07 10:04:09,654 [INFO] 📨 contact@jakeberrimor.com: IDLE notification received
2026-02-07 10:04:09,767 [INFO] 📨 dparmeev@luminesfox.com: IDLE notification received
2026-02-07 10:04:09,794 [INFO] 📨 a.parmeev@jakeberrimor.com: IDLE notification received
2026-02-07 10:04:18,074 [INFO] 📨 spam@jakeberrimor.com: IDLE notification received
2026-02-07 10:06:09,135 [INFO] 📨 dparmeev@luminesfox.com: IDLE notification received
2026-02-07 10:06:09,832 [INFO] 📨 contact@luminesfox.com: IDLE notification received
2026-02-07 10:06:14,161 [INFO] 📨 a.parmeev@jakeberrimor.com: IDLE notification received
2026-02-07 10:06:16,166 [INFO] 📨 spam@jakeberrimor.com: IDLE notification received
2026-02-07 10:06:17,168 [INFO] 📨 contact@jakeberrimor.com: IDLE notification received
2026-02-07 10:08:09,110 [INFO] 📨 contact@luminesfox.com: IDLE notification received
2026-02-07 10:08:09,482 [INFO] 📨 a.parmeev@jakeberrimor.com: IDLE notification received
2026-02-07 10:08:12,383 [INFO] 📨 dparmeev@luminesfox.com: IDLE notification received
2026-02-07 10:08:12,391 [INFO] 📨 contact@jakeberrimor.com: IDLE notification received
2026-02-07 10:08:24,497 [INFO] 📨 spam@jakeberrimor.com: IDLE notification received
2026-02-07 10:10:09,407 [INFO] 📨 contact@luminesfox.com: IDLE notification received
2026-02-07 10:10:09,746 [INFO] 📨 dparmeev@luminesfox.com: IDLE notification received
2026-02-07 10:10:09,787 [INFO] 📨 a.parmeev@jakeberrimor.com: IDLE notification received
2026-02-07 10:10:10,050 [INFO] 📨 spam@jakeberrimor.com: IDLE notification received
2026-02-07 10:10:18,062 [INFO] 📨 contact@jakeberrimor.com: IDLE notification received
2026-02-07 10:12:09,146 [INFO] 📨 dparmeev@luminesfox.com: IDLE notification received
2026-02-07 10:12:09,352 [INFO] 📨 spam@jakeberrimor.com: IDLE notification received
2026-02-07 10:12:09,429 [INFO] 📨 contact@jakeberrimor.com: IDLE notification received
2026-02-07 10:12:09,718 [INFO] 📨 contact@luminesfox.com: IDLE notification received
2026-02-07 10:12:15,354 [INFO] 📨 a.parmeev@jakeberrimor.com: IDLE notification received
2026-02-07 10:12:54,491 [ERROR] ❌ spam@jakeberrimor.com: Connection error: The read operation timed out
2026-02-07 10:12:54,491 [INFO] 🔁 spam@jakeberrimor.com: Reconnecting in 5s...
2026-02-07 10:12:59,491 [INFO] 🔌 Connecting to spam@jakeberrimor.com@mail.hosting.reg.ru...
2026-02-07 10:13:00,081 [INFO] 📬 spam@jakeberrimor.com: Starting from UID 488
2026-02-07 10:13:00,128 [INFO] ✅ spam@jakeberrimor.com: IDLE monitoring active
2026-02-07 10:14:09,179 [INFO] 📨 spam@jakeberrimor.com: IDLE notification received
2026-02-07 10:14:09,528 [INFO] 📨 dparmeev@luminesfox.com: IDLE notification received
2026-02-07 10:14:10,032 [INFO] 📨 contact@luminesfox.com: IDLE notification received
2026-02-07 10:14:11,533 [INFO] 📨 contact@jakeberrimor.com: IDLE notification received
2026-02-07 10:14:11,552 [INFO] 📨 a.parmeev@jakeberrimor.com: IDLE notification received
2026-02-07 10:16:09,332 [INFO] 📨 contact@luminesfox.com: IDLE notification received
2026-02-07 10:16:09,496 [INFO] 📨 spam@jakeberrimor.com: IDLE notification received
2026-02-07 10:16:09,865 [INFO] 📨 a.parmeev@jakeberrimor.com: IDLE notification received
2026-02-07 10:16:09,927 [INFO] 📨 dparmeev@luminesfox.com: IDLE notification received
2026-02-07 10:16:19,106 [INFO] 📨 contact@jakeberrimor.com: IDLE notification received
2026-02-07 10:18:09,206 [INFO] 📨 a.parmeev@jakeberrimor.com: IDLE notification received
2026-02-07 10:18:09,307 [INFO] 📨 dparmeev@luminesfox.com: IDLE notification received
2026-02-07 10:18:09,659 [INFO] 📨 contact@luminesfox.com: IDLE notification received
2026-02-07 10:18:09,829 [INFO] 📨 spam@jakeberrimor.com: IDLE notification received
2026-02-07 10:18:11,180 [INFO] 📨 contact@jakeberrimor.com: IDLE notification received
2026-02-07 10:20:09,190 [INFO] 📨 spam@jakeberrimor.com: IDLE notification received
2026-02-07 10:20:09,679 [INFO] 📨 dparmeev@luminesfox.com: IDLE notification received
2026-02-07 10:20:10,042 [INFO] 📨 contact@luminesfox.com: IDLE notification received
2026-02-07 10:20:14,277 [INFO] 📨 contact@jakeberrimor.com: IDLE notification received
2026-02-07 10:20:16,278 [INFO] 📨 a.parmeev@jakeberrimor.com: IDLE notification received
2026-02-07 10:22:09,228 [INFO] 📨 dparmeev@luminesfox.com: IDLE notification received
2026-02-07 10:22:09,414 [INFO] 📨 contact@luminesfox.com: IDLE notification received
2026-02-07 10:22:09,604 [INFO] 📨 a.parmeev@jakeberrimor.com: IDLE notification received
2026-02-07 10:22:11,368 [INFO] 📨 contact@jakeberrimor.com: IDLE notification received
2026-02-07 10:22:19,369 [INFO] 📨 spam@jakeberrimor.com: IDLE notification received
2026-02-07 10:24:09,622 [INFO] 📨 dparmeev@luminesfox.com: IDLE notification received
2026-02-07 10:24:09,865 [INFO] 📨 contact@jakeberrimor.com: IDLE notification received
2026-02-07 10:24:09,981 [INFO] 📨 contact@luminesfox.com: IDLE notification received
2026-02-07 10:24:09,989 [INFO] 📨 spam@jakeberrimor.com: IDLE notification received
2026-02-07 10:24:10,844 [INFO] 📨 a.parmeev@jakeberrimor.com: IDLE notification received
2026-02-07 10:26:09,174 [INFO] 📨 spam@jakeberrimor.com: IDLE notification received
2026-02-07 10:26:09,692 [INFO] 📨 contact@luminesfox.com: IDLE notification received
2026-02-07 10:26:09,836 [INFO] 📨 a.parmeev@jakeberrimor.com: IDLE notification received
2026-02-07 10:26:09,876 [INFO] 📨 dparmeev@luminesfox.com: IDLE notification received
2026-02-07 10:26:16,045 [INFO] 📨 contact@jakeberrimor.com: IDLE notification received
2026-02-07 10:28:09,184 [INFO] 📨 a.parmeev@jakeberrimor.com: IDLE notification received
2026-02-07 10:28:09,243 [INFO] 📨 dparmeev@luminesfox.com: IDLE notification received
2026-02-07 10:28:09,505 [INFO] 📨 spam@jakeberrimor.com: IDLE notification received
2026-02-07 10:28:10,045 [INFO] 📨 contact@luminesfox.com: IDLE notification received
2026-02-07 10:28:15,190 [INFO] 📨 contact@jakeberrimor.com: IDLE notification received
2026-02-07 10:30:09,355 [INFO] 📨 contact@luminesfox.com: IDLE notification received
2026-02-07 10:30:09,491 [INFO] 📨 a.parmeev@jakeberrimor.com: IDLE notification received
2026-02-07 10:30:09,555 [INFO] 📨 contact@jakeberrimor.com: IDLE notification received
2026-02-07 10:30:09,623 [INFO] 📨 dparmeev@luminesfox.com: IDLE notification received
2026-02-07 10:30:09,864 [INFO] 📨 spam@jakeberrimor.com: IDLE notification received
2026-02-07 10:32:09,650 [INFO] 📨 contact@luminesfox.com: IDLE notification received
2026-02-07 10:32:09,822 [INFO] 📨 a.parmeev@jakeberrimor.com: IDLE notification received
2026-02-07 10:32:10,046 [INFO] 📨 dparmeev@luminesfox.com: IDLE notification received
2026-02-07 10:32:14,420 [INFO] 📨 contact@jakeberrimor.com: IDLE notification received
2026-02-07 10:32:35,422 [INFO] 📨 spam@jakeberrimor.com: IDLE notification received
2026-02-07 10:34:09,136 [INFO] 📨 a.parmeev@jakeberrimor.com: IDLE notification received
2026-02-07 10:34:09,735 [INFO] 📨 spam@jakeberrimor.com: IDLE notification received
2026-02-07 10:34:09,977 [INFO] 📨 contact@luminesfox.com: IDLE notification received
2026-02-07 10:34:13,422 [INFO] 📨 contact@jakeberrimor.com: IDLE notification received
2026-02-07 10:34:16,420 [INFO] 📨 dparmeev@luminesfox.com: IDLE notification received
2026-02-07 10:36:09,303 [INFO] 📨 contact@luminesfox.com: IDLE notification received
2026-02-07 10:36:09,760 [INFO] 📨 dparmeev@luminesfox.com: IDLE notification received
2026-02-07 10:36:10,058 [INFO] 📨 spam@jakeberrimor.com: IDLE notification received
2026-02-07 10:36:12,495 [INFO] 📨 contact@jakeberrimor.com: IDLE notification received
2026-02-07 10:36:21,501 [INFO] 📨 a.parmeev@jakeberrimor.com: IDLE notification received
2026-02-07 10:38:09,116 [INFO] 📨 dparmeev@luminesfox.com: IDLE notification received
2026-02-07 10:38:09,583 [INFO] 📨 spam@jakeberrimor.com: IDLE notification received
2026-02-07 10:38:09,621 [INFO] 📨 contact@luminesfox.com: IDLE notification received
2026-02-07 10:38:09,793 [INFO] 📨 a.parmeev@jakeberrimor.com: IDLE notification received
2026-02-07 10:38:13,090 [INFO] 📨 contact@jakeberrimor.com: IDLE notification received
2026-02-07 10:40:09,134 [INFO] 📨 a.parmeev@jakeberrimor.com: IDLE notification received
2026-02-07 10:40:09,455 [INFO] 📨 dparmeev@luminesfox.com: IDLE notification received
2026-02-07 10:40:09,907 [INFO] 📨 spam@jakeberrimor.com: IDLE notification received
2026-02-07 10:40:09,966 [INFO] 📨 contact@luminesfox.com: IDLE notification received
2026-02-07 10:40:18,203 [INFO] 📨 contact@jakeberrimor.com: IDLE notification received
2026-02-07 10:42:09,245 [INFO] 📨 contact@luminesfox.com: IDLE notification received
2026-02-07 10:42:09,251 [INFO] 📨 spam@jakeberrimor.com: IDLE notification received
2026-02-07 10:42:09,426 [INFO] 📨 a.parmeev@jakeberrimor.com: IDLE notification received
2026-02-07 10:42:18,316 [INFO] 📨 dparmeev@luminesfox.com: IDLE notification received
2026-02-07 10:42:18,332 [INFO] 📨 contact@jakeberrimor.com: IDLE notification received
2026-02-07 10:44:09,538 [INFO] 📨 spam@jakeberrimor.com: IDLE notification received
2026-02-07 10:44:09,753 [INFO] 📨 contact@luminesfox.com: IDLE notification received
2026-02-07 10:44:23,069 [INFO] 📨 contact@jakeberrimor.com: IDLE notification received
2026-02-07 10:44:24,048 [INFO] 📨 a.parmeev@jakeberrimor.com: IDLE notification received
2026-02-07 10:44:34,436 [INFO] 📨 dparmeev@luminesfox.com: IDLE notification received
2026-02-07 10:46:09,340 [INFO] 📨 a.parmeev@jakeberrimor.com: IDLE notification received
2026-02-07 10:46:09,775 [INFO] 📨 dparmeev@luminesfox.com: IDLE notification received
2026-02-07 10:46:09,867 [INFO] 📨 spam@jakeberrimor.com: IDLE notification received
2026-02-07 10:46:10,095 [INFO] 📨 contact@luminesfox.com: IDLE notification received
2026-02-07 10:46:12,832 [INFO] 📨 contact@jakeberrimor.com: IDLE notification received
2026-02-07 10:48:09,131 [INFO] 📨 dparmeev@luminesfox.com: IDLE notification received
2026-02-07 10:48:09,181 [INFO] 📨 spam@jakeberrimor.com: IDLE notification received
2026-02-07 10:48:09,438 [INFO] 📨 contact@luminesfox.com: IDLE notification received
2026-02-07 10:48:09,659 [INFO] 📨 a.parmeev@jakeberrimor.com: IDLE notification received
2026-02-07 10:48:11,760 [INFO] 📨 contact@jakeberrimor.com: IDLE notification received
2026-02-07 10:50:09,481 [INFO] 📨 dparmeev@luminesfox.com: IDLE notification received
2026-02-07 10:50:09,513 [INFO] 📨 spam@jakeberrimor.com: IDLE notification received
2026-02-07 10:50:09,707 [INFO] 📨 contact@luminesfox.com: IDLE notification received
2026-02-07 10:50:19,078 [INFO] 📨 a.parmeev@jakeberrimor.com: IDLE notification received
2026-02-07 10:50:26,299 [INFO] 📨 contact@jakeberrimor.com: IDLE notification received
2026-02-07 10:52:09,334 [INFO] 📨 spam@jakeberrimor.com: IDLE notification received
2026-02-07 10:52:10,006 [INFO] 📨 contact@luminesfox.com: IDLE notification received
2026-02-07 10:52:11,824 [INFO] 📨 a.parmeev@jakeberrimor.com: IDLE notification received
2026-02-07 10:52:15,168 [INFO] 📨 dparmeev@luminesfox.com: IDLE notification received
2026-02-07 10:52:22,179 [INFO] 📨 contact@jakeberrimor.com: IDLE notification received
2026-02-07 10:54:09,131 [INFO] 📨 a.parmeev@jakeberrimor.com: IDLE notification received
2026-02-07 10:54:09,339 [INFO] 📨 contact@luminesfox.com: IDLE notification received
2026-02-07 10:54:09,541 [INFO] 📨 dparmeev@luminesfox.com: IDLE notification received
2026-02-07 10:54:09,675 [INFO] 📨 spam@jakeberrimor.com: IDLE notification received
2026-02-07 10:54:12,251 [INFO] 📨 contact@jakeberrimor.com: IDLE notification received
2026-02-07 10:56:09,478 [INFO] 📨 a.parmeev@jakeberrimor.com: IDLE notification received
2026-02-07 10:56:09,731 [INFO] 📨 contact@luminesfox.com: IDLE notification received
2026-02-07 10:56:09,980 [INFO] 📨 spam@jakeberrimor.com: IDLE notification received
2026-02-07 10:56:10,069 [INFO] 📨 dparmeev@luminesfox.com: IDLE notification received
2026-02-07 10:56:17,343 [INFO] 📨 contact@jakeberrimor.com: IDLE notification received
2026-02-07 10:58:09,480 [INFO] 📨 dparmeev@luminesfox.com: IDLE notification received
2026-02-07 10:58:09,571 [INFO] 📨 a.parmeev@jakeberrimor.com: IDLE notification received
2026-02-07 10:58:09,721 [INFO] 📨 spam@jakeberrimor.com: IDLE notification received
2026-02-07 10:58:09,816 [INFO] 📨 contact@luminesfox.com: IDLE notification received
2026-02-07 10:58:20,426 [INFO] 📨 contact@jakeberrimor.com: IDLE notification received
2026-02-07 11:00:09,121 [INFO] 📨 contact@luminesfox.com: IDLE notification received
2026-02-07 11:00:09,817 [INFO] 📨 dparmeev@luminesfox.com: IDLE notification received
2026-02-07 11:00:09,907 [INFO] 📨 a.parmeev@jakeberrimor.com: IDLE notification received
2026-02-07 11:00:10,043 [INFO] 📨 contact@jakeberrimor.com: IDLE notification received
2026-02-07 11:00:10,066 [INFO] 📨 spam@jakeberrimor.com: IDLE notification received
2026-02-07 11:02:09,180 [INFO] 📨 dparmeev@luminesfox.com: IDLE notification received
2026-02-07 11:02:09,281 [INFO] 📨 a.parmeev@jakeberrimor.com: IDLE notification received
2026-02-07 11:02:09,403 [INFO] 📨 contact@luminesfox.com: IDLE notification received
2026-02-07 11:02:09,405 [INFO] 📨 contact@jakeberrimor.com: IDLE notification received
2026-02-07 11:02:09,418 [INFO] 📨 spam@jakeberrimor.com: IDLE notification received
2026-02-07 11:04:09,574 [INFO] 📨 dparmeev@luminesfox.com: IDLE notification received
2026-02-07 11:04:09,612 [INFO] 📨 a.parmeev@jakeberrimor.com: IDLE notification received
2026-02-07 11:04:09,720 [INFO] 📨 contact@luminesfox.com: IDLE notification received
2026-02-07 11:04:17,209 [INFO] 📨 contact@jakeberrimor.com: IDLE notification received
2026-02-07 11:04:23,211 [INFO] 📨 spam@jakeberrimor.com: IDLE notification received
2026-02-07 11:06:09,536 [INFO] 📨 spam@jakeberrimor.com: IDLE notification received
2026-02-07 11:06:09,935 [INFO] 📨 dparmeev@luminesfox.com: IDLE notification received
2026-02-07 11:06:10,036 [INFO] 📨 contact@luminesfox.com: IDLE notification received
2026-02-07 11:06:12,321 [INFO] 📨 contact@jakeberrimor.com: IDLE notification received
2026-02-07 11:06:25,321 [INFO] 📨 a.parmeev@jakeberrimor.com: IDLE notification received
2026-02-07 11:08:09,325 [INFO] 📨 dparmeev@luminesfox.com: IDLE notification received
2026-02-07 11:08:09,373 [INFO] 📨 contact@luminesfox.com: IDLE notification received
2026-02-07 11:08:09,652 [INFO] 📨 a.parmeev@jakeberrimor.com: IDLE notification received
2026-02-07 11:08:09,873 [INFO] 📨 spam@jakeberrimor.com: IDLE notification received
2026-02-07 11:08:14,460 [INFO] 📨 contact@jakeberrimor.com: IDLE notification received
2026-02-07 11:08:55,981 [INFO] 📨 dparmeev@luminesfox.com: IDLE notification received
2026-02-07 11:10:09,211 [INFO] 📨 spam@jakeberrimor.com: IDLE notification received
2026-02-07 11:10:09,301 [INFO] 📨 dparmeev@luminesfox.com: IDLE notification received
2026-02-07 11:10:09,692 [INFO] 📨 contact@luminesfox.com: IDLE notification received
2026-02-07 11:10:10,400 [INFO] 📨 a.parmeev@jakeberrimor.com: IDLE notification received
2026-02-07 11:10:12,041 [INFO] 📨 contact@jakeberrimor.com: IDLE notification received
2026-02-07 11:12:09,514 [INFO] 📨 spam@jakeberrimor.com: IDLE notification received
2026-02-07 11:12:09,666 [INFO] 📨 dparmeev@luminesfox.com: IDLE notification received
2026-02-07 11:12:10,041 [INFO] 📨 contact@luminesfox.com: IDLE notification received
2026-02-07 11:12:20,136 [INFO] 📨 contact@jakeberrimor.com: IDLE notification received
2026-02-07 11:12:29,138 [INFO] 📨 a.parmeev@jakeberrimor.com: IDLE notification received
2026-02-07 11:14:09,395 [INFO] 📨 contact@luminesfox.com: IDLE notification received
2026-02-07 11:14:09,462 [INFO] 📨 a.parmeev@jakeberrimor.com: IDLE notification received
2026-02-07 11:14:09,828 [INFO] 📨 spam@jakeberrimor.com: IDLE notification received
2026-02-07 11:14:10,059 [INFO] 📨 dparmeev@luminesfox.com: IDLE notification received
2026-02-07 11:14:31,255 [INFO] 📨 contact@jakeberrimor.com: IDLE notification received
2026-02-07 11:16:09,180 [INFO] 📨 spam@jakeberrimor.com: IDLE notification received
2026-02-07 11:16:09,415 [INFO] 📨 dparmeev@luminesfox.com: IDLE notification received
2026-02-07 11:16:09,727 [INFO] 📨 contact@luminesfox.com: IDLE notification received
2026-02-07 11:16:13,247 [INFO] 📨 a.parmeev@jakeberrimor.com: IDLE notification received
2026-02-07 11:16:18,247 [INFO] 📨 contact@jakeberrimor.com: IDLE notification received
2026-02-07 11:18:09,485 [INFO] 📨 spam@jakeberrimor.com: IDLE notification received
2026-02-07 11:18:09,762 [INFO] 📨 dparmeev@luminesfox.com: IDLE notification received
2026-02-07 11:18:10,060 [INFO] 📨 contact@luminesfox.com: IDLE notification received
2026-02-07 11:18:16,281 [INFO] 📨 a.parmeev@jakeberrimor.com: IDLE notification received
2026-02-07 11:18:36,303 [INFO] 📨 contact@jakeberrimor.com: IDLE notification received
2026-02-07 11:20:09,111 [INFO] 📨 dparmeev@luminesfox.com: IDLE notification received
2026-02-07 11:20:09,820 [INFO] 📨 spam@jakeberrimor.com: IDLE notification received
2026-02-07 11:20:12,198 [INFO] 📨 a.parmeev@jakeberrimor.com: IDLE notification received
2026-02-07 11:20:16,479 [INFO] 📨 contact@jakeberrimor.com: IDLE notification received
2026-02-07 11:20:36,301 [INFO] 📨 contact@luminesfox.com: IDLE notification received
2026-02-07 11:22:09,133 [INFO] 📨 spam@jakeberrimor.com: IDLE notification received
2026-02-07 11:22:09,604 [INFO] 📨 contact@luminesfox.com: IDLE notification received
2026-02-07 11:22:10,128 [INFO] 📨 dparmeev@luminesfox.com: IDLE notification received
2026-02-07 11:22:10,148 [INFO] 📨 contact@jakeberrimor.com: IDLE notification received
2026-02-07 11:22:13,111 [INFO] 📨 a.parmeev@jakeberrimor.com: IDLE notification received
2026-02-07 11:24:09,458 [INFO] 📨 dparmeev@luminesfox.com: IDLE notification received
2026-02-07 11:24:09,462 [INFO] 📨 spam@jakeberrimor.com: IDLE notification received
2026-02-07 11:24:09,940 [INFO] 📨 contact@luminesfox.com: IDLE notification received
2026-02-07 11:24:10,230 [INFO] 📨 a.parmeev@jakeberrimor.com: IDLE notification received
2026-02-07 11:24:11,209 [INFO] 📨 contact@jakeberrimor.com: IDLE notification received
2026-02-07 11:26:09,239 [INFO] 📨 contact@luminesfox.com: IDLE notification received
2026-02-07 11:26:09,772 [INFO] 📨 spam@jakeberrimor.com: IDLE notification received
2026-02-07 11:26:09,857 [INFO] 📨 dparmeev@luminesfox.com: IDLE notification received
2026-02-07 11:26:10,954 [INFO] 📨 a.parmeev@jakeberrimor.com: IDLE notification received
2026-02-07 11:26:23,432 [INFO] 📨 contact@jakeberrimor.com: IDLE notification received
2026-02-07 11:28:09,427 [INFO] 📨 dparmeev@luminesfox.com: IDLE notification received
2026-02-07 11:28:09,507 [INFO] 📨 a.parmeev@jakeberrimor.com: IDLE notification received
2026-02-07 11:28:09,536 [INFO] 📨 contact@luminesfox.com: IDLE notification received
2026-02-07 11:28:10,386 [INFO] 📨 spam@jakeberrimor.com: IDLE notification received
2026-02-07 11:28:13,471 [INFO] 📨 contact@jakeberrimor.com: IDLE notification received
2026-02-07 11:30:09,985 [INFO] 📨 a.parmeev@jakeberrimor.com: IDLE notification received
2026-02-07 11:30:10,062 [INFO] 📨 spam@jakeberrimor.com: IDLE notification received
2026-02-07 11:30:10,107 [INFO] 📨 contact@luminesfox.com: IDLE notification received
2026-02-07 11:30:10,109 [INFO] 📨 dparmeev@luminesfox.com: IDLE notification received
2026-02-07 11:30:12,335 [INFO] 📨 contact@jakeberrimor.com: IDLE notification received
2026-02-07 11:32:09,375 [INFO] 📨 spam@jakeberrimor.com: IDLE notification received
2026-02-07 11:32:09,387 [INFO] 📨 contact@luminesfox.com: IDLE notification received
2026-02-07 11:32:09,481 [INFO] 📨 dparmeev@luminesfox.com: IDLE notification received
2026-02-07 11:32:09,487 [INFO] 📨 a.parmeev@jakeberrimor.com: IDLE notification received
2026-02-07 11:32:10,418 [INFO] 📨 contact@jakeberrimor.com: IDLE notification received
2026-02-07 11:34:09,686 [INFO] 📨 spam@jakeberrimor.com: IDLE notification received
2026-02-07 11:34:09,699 [INFO] 📨 contact@luminesfox.com: IDLE notification received
2026-02-07 11:34:09,873 [INFO] 📨 dparmeev@luminesfox.com: IDLE notification received
2026-02-07 11:34:15,131 [INFO] 📨 contact@jakeberrimor.com: IDLE notification received
2026-02-07 11:34:16,506 [INFO] 📨 a.parmeev@jakeberrimor.com: IDLE notification received
2026-02-07 11:36:09,262 [INFO] 📨 dparmeev@luminesfox.com: IDLE notification received
2026-02-07 11:36:10,022 [INFO] 📨 spam@jakeberrimor.com: IDLE notification received
2026-02-07 11:36:10,053 [INFO] 📨 contact@luminesfox.com: IDLE notification received
2026-02-07 11:36:10,215 [INFO] 📨 a.parmeev@jakeberrimor.com: IDLE notification received
2026-02-07 11:36:14,535 [INFO] 📨 contact@jakeberrimor.com: IDLE notification received
2026-02-07 11:38:09,372 [INFO] 📨 spam@jakeberrimor.com: IDLE notification received
2026-02-07 11:38:09,373 [INFO] 📨 contact@luminesfox.com: IDLE notification received
2026-02-07 11:38:09,547 [INFO] 📨 a.parmeev@jakeberrimor.com: IDLE notification received
2026-02-07 11:38:09,642 [INFO] 📨 dparmeev@luminesfox.com: IDLE notification received
2026-02-07 11:38:12,189 [INFO] 📨 contact@jakeberrimor.com: IDLE notification received
2026-02-07 11:40:09,667 [INFO] 📨 contact@luminesfox.com: IDLE notification received
2026-02-07 11:40:09,686 [INFO] 📨 spam@jakeberrimor.com: IDLE notification received
2026-02-07 11:40:10,018 [INFO] 📨 dparmeev@luminesfox.com: IDLE notification received
2026-02-07 11:40:17,120 [INFO] 📨 contact@jakeberrimor.com: IDLE notification received
2026-02-07 11:40:30,156 [INFO] 📨 a.parmeev@jakeberrimor.com: IDLE notification received
2026-02-07 11:40:47,137 [ERROR] ❌ contact@jakeberrimor.com: Connection error: The read operation timed out
2026-02-07 11:40:47,137 [INFO] 🔁 contact@jakeberrimor.com: Reconnecting in 5s...
2026-02-07 11:40:52,137 [INFO] 🔌 Connecting to contact@jakeberrimor.com@mail.hosting.reg.ru...
2026-02-07 11:41:13,713 [INFO] 📬 contact@jakeberrimor.com: Starting from UID 423
2026-02-07 11:41:21,491 [INFO] ✅ contact@jakeberrimor.com: IDLE monitoring active
2026-02-07 11:42:09,360 [INFO] 📨 dparmeev@luminesfox.com: IDLE notification received
2026-02-07 11:42:09,971 [INFO] 📨 contact@luminesfox.com: IDLE notification received
2026-02-07 11:42:10,022 [INFO] 📨 spam@jakeberrimor.com: IDLE notification received
2026-02-07 11:42:22,279 [INFO] 📨 a.parmeev@jakeberrimor.com: IDLE notification received
2026-02-07 11:42:40,320 [INFO] 📨 contact@jakeberrimor.com: IDLE notification received
2026-02-07 11:44:09,348 [INFO] 📨 spam@jakeberrimor.com: IDLE notification received
2026-02-07 11:44:09,718 [INFO] 📨 dparmeev@luminesfox.com: IDLE notification received
2026-02-07 11:44:16,401 [INFO] 📨 contact@jakeberrimor.com: IDLE notification received
2026-02-07 11:44:17,403 [INFO] 📨 a.parmeev@jakeberrimor.com: IDLE notification received
2026-02-07 11:44:39,258 [INFO] 📨 contact@luminesfox.com: IDLE notification received
2026-02-07 11:46:09,548 [INFO] 📨 contact@luminesfox.com: IDLE notification received
2026-02-07 11:46:09,659 [INFO] 📨 spam@jakeberrimor.com: IDLE notification received
2026-02-07 11:46:10,017 [INFO] 📨 dparmeev@luminesfox.com: IDLE notification received
2026-02-07 11:46:11,115 [INFO] 📨 a.parmeev@jakeberrimor.com: IDLE notification received
2026-02-07 11:46:18,105 [INFO] 📨 contact@jakeberrimor.com: IDLE notification received
2026-02-07 11:48:09,356 [INFO] 📨 dparmeev@luminesfox.com: IDLE notification received
2026-02-07 11:48:09,850 [INFO] 📨 contact@luminesfox.com: IDLE notification received
2026-02-07 11:48:13,682 [INFO] 📨 a.parmeev@jakeberrimor.com: IDLE notification received
2026-02-07 11:48:16,071 [INFO] 📨 spam@jakeberrimor.com: IDLE notification received
2026-02-07 11:48:26,053 [INFO] 📨 contact@jakeberrimor.com: IDLE notification received
2026-02-07 11:50:09,158 [INFO] 📨 contact@luminesfox.com: IDLE notification received
2026-02-07 11:50:09,391 [INFO] 📨 spam@jakeberrimor.com: IDLE notification received
2026-02-07 11:50:09,868 [INFO] 📨 dparmeev@luminesfox.com: IDLE notification received
2026-02-07 11:50:12,161 [INFO] 📨 a.parmeev@jakeberrimor.com: IDLE notification received
2026-02-07 11:50:27,348 [INFO] 📨 contact@jakeberrimor.com: IDLE notification received
2026-02-07 11:52:09,257 [INFO] 📨 dparmeev@luminesfox.com: IDLE notification received
2026-02-07 11:52:09,486 [INFO] 📨 contact@luminesfox.com: IDLE notification received
2026-02-07 11:52:09,740 [INFO] 📨 spam@jakeberrimor.com: IDLE notification received
2026-02-07 11:52:10,265 [INFO] 📨 contact@jakeberrimor.com: IDLE notification received
2026-02-07 11:52:10,272 [INFO] 📨 a.parmeev@jakeberrimor.com: IDLE notification received
2026-02-07 11:54:09,616 [INFO] 📨 dparmeev@luminesfox.com: IDLE notification received
2026-02-07 11:54:09,790 [INFO] 📨 contact@luminesfox.com: IDLE notification received
2026-02-07 11:54:10,046 [INFO] 📨 spam@jakeberrimor.com: IDLE notification received
2026-02-07 11:54:14,095 [INFO] 📨 contact@jakeberrimor.com: IDLE notification received
2026-02-07 11:54:16,101 [INFO] 📨 a.parmeev@jakeberrimor.com: IDLE notification received
2026-02-07 11:56:09,360 [INFO] 📨 spam@jakeberrimor.com: IDLE notification received
2026-02-07 11:56:09,999 [INFO] 📨 dparmeev@luminesfox.com: IDLE notification received
2026-02-07 11:56:10,221 [INFO] 📨 contact@luminesfox.com: IDLE notification received
2026-02-07 11:56:20,232 [INFO] 📨 contact@jakeberrimor.com: IDLE notification received
2026-02-07 11:56:24,236 [INFO] 📨 a.parmeev@jakeberrimor.com: IDLE notification received
2026-02-07 11:58:09,387 [INFO] 📨 dparmeev@luminesfox.com: IDLE notification received
2026-02-07 11:58:09,519 [INFO] 📨 contact@luminesfox.com: IDLE notification received
2026-02-07 11:58:10,797 [INFO] 📨 a.parmeev@jakeberrimor.com: IDLE notification received
2026-02-07 11:58:12,500 [INFO] 📨 contact@jakeberrimor.com: IDLE notification received
2026-02-07 11:58:24,410 [INFO] 📨 spam@jakeberrimor.com: IDLE notification received
2026-02-07 12:00:09,729 [INFO] 📨 spam@jakeberrimor.com: IDLE notification received
2026-02-07 12:00:09,753 [INFO] 📨 dparmeev@luminesfox.com: IDLE notification received
2026-02-07 12:00:09,941 [INFO] 📨 contact@luminesfox.com: IDLE notification received
2026-02-07 12:00:10,433 [INFO] 📨 contact@jakeberrimor.com: IDLE notification received
2026-02-07 12:00:11,427 [INFO] 📨 a.parmeev@jakeberrimor.com: IDLE notification received
2026-02-07 12:02:09,114 [INFO] 📨 spam@jakeberrimor.com: IDLE notification received
2026-02-07 12:02:09,545 [INFO] 📨 contact@luminesfox.com: IDLE notification received
2026-02-07 12:02:09,712 [INFO] 📨 dparmeev@luminesfox.com: IDLE notification received
2026-02-07 12:02:28,499 [INFO] 📨 contact@jakeberrimor.com: IDLE notification received
2026-02-07 12:02:35,517 [INFO] 📨 a.parmeev@jakeberrimor.com: IDLE notification received
2026-02-07 12:04:09,419 [INFO] 📨 spam@jakeberrimor.com: IDLE notification received
2026-02-07 12:04:09,842 [INFO] 📨 a.parmeev@jakeberrimor.com: IDLE notification received
2026-02-07 12:04:09,896 [INFO] 📨 contact@luminesfox.com: IDLE notification received
2026-02-07 12:04:10,101 [INFO] 📨 dparmeev@luminesfox.com: IDLE notification received
2026-02-07 12:04:12,771 [INFO] 📨 contact@jakeberrimor.com: IDLE notification received
2026-02-07 12:06:09,330 [INFO] 📨 a.parmeev@jakeberrimor.com: IDLE notification received
2026-02-07 12:06:09,411 [INFO] 📨 contact@luminesfox.com: IDLE notification received
2026-02-07 12:06:09,486 [INFO] 📨 dparmeev@luminesfox.com: IDLE notification received
2026-02-07 12:06:09,771 [INFO] 📨 spam@jakeberrimor.com: IDLE notification received
2026-02-07 12:06:12,341 [INFO] 📨 contact@jakeberrimor.com: IDLE notification received
2026-02-07 12:08:09,642 [INFO] 📨 a.parmeev@jakeberrimor.com: IDLE notification received
2026-02-07 12:08:09,675 [INFO] 📨 contact@jakeberrimor.com: IDLE notification received
2026-02-07 12:08:09,720 [INFO] 📨 contact@luminesfox.com: IDLE notification received
2026-02-07 12:08:09,866 [INFO] 📨 dparmeev@luminesfox.com: IDLE notification received
2026-02-07 12:08:10,083 [INFO] 📨 spam@jakeberrimor.com: IDLE notification received
2026-02-07 12:10:09,403 [INFO] 📨 spam@jakeberrimor.com: IDLE notification received
2026-02-07 12:10:10,061 [INFO] 📨 contact@luminesfox.com: IDLE notification received
2026-02-07 12:10:10,262 [INFO] 📨 a.parmeev@jakeberrimor.com: IDLE notification received
2026-02-07 12:10:12,515 [INFO] 📨 dparmeev@luminesfox.com: IDLE notification received
2026-02-07 12:10:15,523 [INFO] 📨 contact@jakeberrimor.com: IDLE notification received
2026-02-07 12:12:09,413 [INFO] 📨 contact@luminesfox.com: IDLE notification received
2026-02-07 12:12:09,598 [INFO] 📨 a.parmeev@jakeberrimor.com: IDLE notification received
2026-02-07 12:12:09,878 [INFO] 📨 dparmeev@luminesfox.com: IDLE notification received
2026-02-07 12:12:14,325 [INFO] 📨 contact@jakeberrimor.com: IDLE notification received
2026-02-07 12:12:36,338 [INFO] 📨 spam@jakeberrimor.com: IDLE notification received
2026-02-07 12:14:09,267 [INFO] 📨 dparmeev@luminesfox.com: IDLE notification received
2026-02-07 12:14:09,736 [INFO] 📨 contact@luminesfox.com: IDLE notification received
2026-02-07 12:14:09,898 [INFO] 📨 a.parmeev@jakeberrimor.com: IDLE notification received
2026-02-07 12:14:14,263 [INFO] 📨 spam@jakeberrimor.com: IDLE notification received
2026-02-07 12:14:14,268 [INFO] 📨 contact@jakeberrimor.com: IDLE notification received
2026-02-07 12:16:09,269 [INFO] 📨 a.parmeev@jakeberrimor.com: IDLE notification received
2026-02-07 12:16:09,571 [INFO] 📨 spam@jakeberrimor.com: IDLE notification received
2026-02-07 12:16:09,646 [INFO] 📨 dparmeev@luminesfox.com: IDLE notification received
2026-02-07 12:16:10,065 [INFO] 📨 contact@luminesfox.com: IDLE notification received
2026-02-07 12:16:13,228 [INFO] 📨 contact@jakeberrimor.com: IDLE notification received
2026-02-07 12:18:09,412 [INFO] 📨 contact@luminesfox.com: IDLE notification received
2026-02-07 12:18:09,578 [INFO] 📨 a.parmeev@jakeberrimor.com: IDLE notification received
2026-02-07 12:18:09,882 [INFO] 📨 spam@jakeberrimor.com: IDLE notification received
2026-02-07 12:18:10,013 [INFO] 📨 dparmeev@luminesfox.com: IDLE notification received
2026-02-07 12:18:25,271 [INFO] 📨 contact@jakeberrimor.com: IDLE notification received
2026-02-07 12:33:09,643 [INFO] 🔄 contact@luminesfox.com: Periodic reconnect
2026-02-07 12:33:09,644 [ERROR] ❌ contact@luminesfox.com: Connection error: EOF occurred in violation of protocol (_ssl.c:2406)
2026-02-07 12:33:09,644 [INFO] 🔁 contact@luminesfox.com: Reconnecting in 5s...
2026-02-07 12:33:09,812 [INFO] 🔄 a.parmeev@jakeberrimor.com: Periodic reconnect
2026-02-07 12:33:09,812 [ERROR] ❌ a.parmeev@jakeberrimor.com: Connection error: EOF occurred in violation of protocol (_ssl.c:2406)
2026-02-07 12:33:09,812 [INFO] 🔁 a.parmeev@jakeberrimor.com: Reconnecting in 5s...
2026-02-07 12:33:10,110 [INFO] 🔄 spam@jakeberrimor.com: Periodic reconnect
2026-02-07 12:33:10,111 [ERROR] ❌ spam@jakeberrimor.com: Connection error: EOF occurred in violation of protocol (_ssl.c:2406)
2026-02-07 12:33:10,111 [INFO] 🔁 spam@jakeberrimor.com: Reconnecting in 5s...
2026-02-07 12:33:10,280 [INFO] 🔄 dparmeev@luminesfox.com: Periodic reconnect
2026-02-07 12:33:10,282 [ERROR] ❌ dparmeev@luminesfox.com: Connection error: EOF occurred in violation of protocol (_ssl.c:2406)
2026-02-07 12:33:10,282 [INFO] 🔁 dparmeev@luminesfox.com: Reconnecting in 5s...
2026-02-07 12:33:14,644 [INFO] 🔌 Connecting to contact@luminesfox.com@mail.hosting.reg.ru...
2026-02-07 12:33:14,812 [INFO] 🔌 Connecting to a.parmeev@jakeberrimor.com@mail.hosting.reg.ru...
2026-02-07 12:33:15,111 [INFO] 🔌 Connecting to spam@jakeberrimor.com@mail.hosting.reg.ru...
2026-02-07 12:33:15,247 [INFO] 📬 contact@luminesfox.com: Starting from UID 72
2026-02-07 12:33:15,282 [INFO] 🔌 Connecting to dparmeev@luminesfox.com@mail.hosting.reg.ru...
2026-02-07 12:33:15,295 [INFO] ✅ contact@luminesfox.com: IDLE monitoring active
2026-02-07 12:33:15,414 [INFO] 📬 a.parmeev@jakeberrimor.com: Starting from UID 14
2026-02-07 12:33:15,461 [INFO] ✅ a.parmeev@jakeberrimor.com: IDLE monitoring active
2026-02-07 12:33:15,706 [INFO] 📬 spam@jakeberrimor.com: Starting from UID 488
2026-02-07 12:33:15,753 [INFO] ✅ spam@jakeberrimor.com: IDLE monitoring active
2026-02-07 12:33:25,499 [INFO] 🔄 contact@jakeberrimor.com: Periodic reconnect
2026-02-07 12:33:25,500 [ERROR] ❌ contact@jakeberrimor.com: Connection error: EOF occurred in violation of protocol (_ssl.c:2406)
2026-02-07 12:33:25,500 [INFO] 🔁 contact@jakeberrimor.com: Reconnecting in 5s...
2026-02-07 12:33:27,225 [INFO] 📬 dparmeev@luminesfox.com: Starting from UID 2374
2026-02-07 12:33:27,277 [INFO] ✅ dparmeev@luminesfox.com: IDLE monitoring active
2026-02-07 12:33:30,500 [INFO] 🔌 Connecting to contact@jakeberrimor.com@mail.hosting.reg.ru...
2026-02-07 12:34:01,246 [INFO] 📬 contact@jakeberrimor.com: Starting from UID 423
2026-02-07 12:34:01,295 [INFO] ✅ contact@jakeberrimor.com: IDLE monitoring active
2026-02-07 12:34:09,334 [INFO] 📨 contact@luminesfox.com: IDLE notification received
2026-02-07 12:34:09,806 [INFO] 📨 spam@jakeberrimor.com: IDLE notification received
2026-02-07 12:34:11,283 [INFO] 📨 dparmeev@luminesfox.com: IDLE notification received
2026-02-07 12:34:13,302 [INFO] 📨 contact@jakeberrimor.com: IDLE notification received
2026-02-07 12:34:27,297 [INFO] 📨 a.parmeev@jakeberrimor.com: IDLE notification received
2026-02-07 12:36:09,634 [INFO] 📨 a.parmeev@jakeberrimor.com: IDLE notification received
2026-02-07 12:36:09,643 [INFO] 📨 contact@luminesfox.com: IDLE notification received
2026-02-07 12:36:11,394 [INFO] 📨 spam@jakeberrimor.com: IDLE notification received
2026-02-07 12:36:16,185 [INFO] 📨 dparmeev@luminesfox.com: IDLE notification received
2026-02-07 12:36:19,401 [INFO] 📨 contact@jakeberrimor.com: IDLE notification received
2026-02-07 12:38:11,921 [INFO] 📨 a.parmeev@jakeberrimor.com: IDLE notification received
2026-02-07 12:38:15,397 [INFO] 📨 spam@jakeberrimor.com: IDLE notification received
2026-02-07 12:38:15,427 [INFO] 📨 contact@jakeberrimor.com: IDLE notification received
2026-02-07 12:38:18,446 [INFO] 📨 dparmeev@luminesfox.com: IDLE notification received
2026-02-07 12:38:21,427 [INFO] 📨 contact@luminesfox.com: IDLE notification received
2026-02-07 12:40:09,244 [INFO] 📨 a.parmeev@jakeberrimor.com: IDLE notification received
2026-02-07 12:40:09,701 [INFO] 📨 spam@jakeberrimor.com: IDLE notification received
2026-02-07 12:40:11,077 [INFO] 📨 dparmeev@luminesfox.com: IDLE notification received
2026-02-07 12:40:12,087 [INFO] 📨 contact@luminesfox.com: IDLE notification received
2026-02-07 12:40:17,077 [INFO] 📨 contact@jakeberrimor.com: IDLE notification received
2026-02-07 12:42:09,426 [INFO] 📨 contact@luminesfox.com: IDLE notification received
2026-02-07 12:42:09,748 [INFO] 📨 a.parmeev@jakeberrimor.com: IDLE notification received
2026-02-07 12:42:10,047 [INFO] 📨 spam@jakeberrimor.com: IDLE notification received
2026-02-07 12:42:23,458 [INFO] 📨 dparmeev@luminesfox.com: IDLE notification received
2026-02-07 12:42:27,310 [INFO] 📨 contact@jakeberrimor.com: IDLE notification received
2026-02-07 12:44:13,240 [INFO] 📨 contact@luminesfox.com: IDLE notification received
2026-02-07 12:44:21,165 [INFO] 📨 dparmeev@luminesfox.com: IDLE notification received
2026-02-07 12:44:21,191 [INFO] 📨 contact@jakeberrimor.com: IDLE notification received
2026-02-07 12:44:24,162 [INFO] 📨 a.parmeev@jakeberrimor.com: IDLE notification received
2026-02-07 12:44:37,174 [INFO] 📨 spam@jakeberrimor.com: IDLE notification received
2026-02-07 12:46:11,508 [INFO] 📨 spam@jakeberrimor.com: IDLE notification received
2026-02-07 12:46:12,512 [INFO] 📨 contact@jakeberrimor.com: IDLE notification received
2026-02-07 12:46:20,520 [INFO] 📨 contact@luminesfox.com: IDLE notification received
2026-02-07 12:46:21,517 [INFO] 📨 a.parmeev@jakeberrimor.com: IDLE notification received
2026-02-07 12:46:41,126 [INFO] 📨 dparmeev@luminesfox.com: IDLE notification received
2026-02-07 12:48:09,828 [INFO] 📨 spam@jakeberrimor.com: IDLE notification received
2026-02-07 12:48:09,860 [INFO] 📨 contact@luminesfox.com: IDLE notification received
2026-02-07 12:48:12,500 [INFO] 📨 dparmeev@luminesfox.com: IDLE notification received
2026-02-07 12:48:14,187 [INFO] 📨 a.parmeev@jakeberrimor.com: IDLE notification received
2026-02-07 12:48:29,431 [INFO] 📨 contact@jakeberrimor.com: IDLE notification received
2026-02-07 12:50:09,140 [INFO] 📨 spam@jakeberrimor.com: IDLE notification received
2026-02-07 12:50:09,503 [INFO] 📨 a.parmeev@jakeberrimor.com: IDLE notification received
2026-02-07 12:50:14,117 [INFO] 📨 dparmeev@luminesfox.com: IDLE notification received
2026-02-07 12:50:18,963 [INFO] 📨 contact@luminesfox.com: IDLE notification received
2026-02-07 12:50:32,383 [INFO] 📨 contact@jakeberrimor.com: IDLE notification received
2026-02-07 12:51:02,413 [ERROR] ❌ contact@jakeberrimor.com: Connection error: The read operation timed out
2026-02-07 12:51:02,414 [INFO] 🔁 contact@jakeberrimor.com: Reconnecting in 5s...
2026-02-07 12:51:07,414 [INFO] 🔌 Connecting to contact@jakeberrimor.com@mail.hosting.reg.ru...
2026-02-07 12:51:16,323 [INFO] 📬 contact@jakeberrimor.com: Starting from UID 423
2026-02-07 12:51:16,368 [INFO] ✅ contact@jakeberrimor.com: IDLE monitoring active
2026-02-07 12:52:09,299 [INFO] 📨 contact@luminesfox.com: IDLE notification received
2026-02-07 12:52:09,452 [INFO] 📨 contact@jakeberrimor.com: IDLE notification received
2026-02-07 12:52:09,493 [INFO] 📨 spam@jakeberrimor.com: IDLE notification received
2026-02-07 12:52:14,048 [INFO] 📨 dparmeev@luminesfox.com: IDLE notification received
2026-02-07 12:52:15,334 [INFO] 📨 a.parmeev@jakeberrimor.com: IDLE notification received
2026-02-07 12:54:09,172 [INFO] 📨 spam@jakeberrimor.com: IDLE notification received
2026-02-07 12:54:09,398 [INFO] 📨 a.parmeev@jakeberrimor.com: IDLE notification received
2026-02-07 12:54:09,607 [INFO] 📨 contact@luminesfox.com: IDLE notification received
2026-02-07 12:54:16,081 [INFO] 📨 dparmeev@luminesfox.com: IDLE notification received
2026-02-07 12:54:16,122 [INFO] 📨 contact@jakeberrimor.com: IDLE notification received
2026-02-07 12:56:09,519 [INFO] 📨 spam@jakeberrimor.com: IDLE notification received
2026-02-07 12:56:09,710 [INFO] 📨 a.parmeev@jakeberrimor.com: IDLE notification received
2026-02-07 12:56:13,453 [INFO] 📨 contact@luminesfox.com: IDLE notification received
2026-02-07 12:56:23,447 [INFO] 📨 dparmeev@luminesfox.com: IDLE notification received
2026-02-07 12:56:27,447 [INFO] 📨 contact@jakeberrimor.com: IDLE notification received
2026-02-07 12:58:09,781 [INFO] 📨 contact@luminesfox.com: IDLE notification received
2026-02-07 12:58:09,857 [INFO] 📨 spam@jakeberrimor.com: IDLE notification received
2026-02-07 12:58:10,081 [INFO] 📨 a.parmeev@jakeberrimor.com: IDLE notification received
2026-02-07 12:58:20,548 [INFO] 📨 dparmeev@luminesfox.com: IDLE notification received
2026-02-07 12:58:23,539 [INFO] 📨 contact@jakeberrimor.com: IDLE notification received
2026-02-07 13:00:09,403 [INFO] 📨 a.parmeev@jakeberrimor.com: IDLE notification received
2026-02-07 13:00:09,846 [INFO] 📨 contact@jakeberrimor.com: IDLE notification received
2026-02-07 13:00:11,116 [INFO] 📨 spam@jakeberrimor.com: IDLE notification received
2026-02-07 13:00:15,434 [INFO] 📨 contact@luminesfox.com: IDLE notification received
2026-02-07 13:00:22,099 [INFO] 📨 dparmeev@luminesfox.com: IDLE notification received
2026-02-07 13:02:09,205 [INFO] 📨 contact@jakeberrimor.com: IDLE notification received
2026-02-07 13:02:09,759 [INFO] 📨 a.parmeev@jakeberrimor.com: IDLE notification received
2026-02-07 13:02:09,777 [INFO] 📨 spam@jakeberrimor.com: IDLE notification received
2026-02-07 13:02:27,200 [INFO] 📨 dparmeev@luminesfox.com: IDLE notification received
2026-02-07 13:02:27,202 [INFO] 📨 contact@luminesfox.com: IDLE notification received
2026-02-07 13:04:11,284 [INFO] 📨 a.parmeev@jakeberrimor.com: IDLE notification received
2026-02-07 13:04:16,530 [INFO] 📨 contact@jakeberrimor.com: IDLE notification received
2026-02-07 13:04:17,282 [INFO] 📨 dparmeev@luminesfox.com: IDLE notification received
2026-02-07 13:04:21,037 [INFO] 📨 contact@luminesfox.com: IDLE notification received
2026-02-07 13:04:22,038 [INFO] 📨 spam@jakeberrimor.com: IDLE notification received
2026-02-07 13:04:47,604 [ERROR] ❌ dparmeev@luminesfox.com: Connection error: The read operation timed out
2026-02-07 13:04:47,604 [INFO] 🔁 dparmeev@luminesfox.com: Reconnecting in 5s...
2026-02-07 13:04:52,604 [INFO] 🔌 Connecting to dparmeev@luminesfox.com@mail.hosting.reg.ru...
2026-02-07 13:05:34,105 [ERROR] ❌ dparmeev@luminesfox.com: Connection error: The read operation timed out
2026-02-07 13:05:34,105 [INFO] 🔁 dparmeev@luminesfox.com: Reconnecting in 10s...
2026-02-07 13:05:44,105 [INFO] 🔌 Connecting to dparmeev@luminesfox.com@mail.hosting.reg.ru...
2026-02-07 13:05:44,752 [INFO] 📬 dparmeev@luminesfox.com: Starting from UID 2374
2026-02-07 13:05:52,785 [INFO] ✅ dparmeev@luminesfox.com: IDLE monitoring active
2026-02-07 13:06:09,598 [INFO] 📨 a.parmeev@jakeberrimor.com: IDLE notification received
2026-02-07 13:06:09,617 [INFO] 📨 spam@jakeberrimor.com: IDLE notification received
2026-02-07 13:06:13,211 [INFO] 📨 contact@luminesfox.com: IDLE notification received
2026-02-07 13:06:29,438 [INFO] 📨 dparmeev@luminesfox.com: IDLE notification received
2026-02-07 13:06:34,441 [INFO] 📨 contact@jakeberrimor.com: IDLE notification received
2026-02-07 13:08:14,296 [INFO] 📨 contact@jakeberrimor.com: IDLE notification received
2026-02-07 13:08:17,298 [INFO] 📨 dparmeev@luminesfox.com: IDLE notification received
2026-02-07 13:08:17,302 [INFO] 📨 contact@luminesfox.com: IDLE notification received
2026-02-07 13:08:22,321 [INFO] 📨 a.parmeev@jakeberrimor.com: IDLE notification received
2026-02-07 13:08:31,312 [INFO] 📨 spam@jakeberrimor.com: IDLE notification received
2026-02-07 13:10:10,072 [INFO] 📨 contact@luminesfox.com: IDLE notification received
2026-02-07 13:10:14,475 [INFO] 📨 contact@jakeberrimor.com: IDLE notification received
2026-02-07 13:10:14,491 [INFO] 📨 spam@jakeberrimor.com: IDLE notification received
2026-02-07 13:10:20,471 [INFO] 📨 dparmeev@luminesfox.com: IDLE notification received
2026-02-07 13:10:20,489 [INFO] 📨 a.parmeev@jakeberrimor.com: IDLE notification received
2026-02-07 13:12:09,807 [INFO] 📨 spam@jakeberrimor.com: IDLE notification received
2026-02-07 13:12:12,195 [INFO] 📨 contact@jakeberrimor.com: IDLE notification received
2026-02-07 13:12:16,043 [INFO] 📨 contact@luminesfox.com: IDLE notification received
2026-02-07 13:12:16,200 [INFO] 📨 a.parmeev@jakeberrimor.com: IDLE notification received
2026-02-07 13:12:19,412 [INFO] 📨 dparmeev@luminesfox.com: IDLE notification received
2026-02-07 13:14:09,793 [INFO] 📨 contact@jakeberrimor.com: IDLE notification received
2026-02-07 13:14:10,255 [INFO] 📨 contact@luminesfox.com: IDLE notification received
2026-02-07 13:14:13,227 [INFO] 📨 a.parmeev@jakeberrimor.com: IDLE notification received
2026-02-07 13:14:13,250 [INFO] 📨 spam@jakeberrimor.com: IDLE notification received
2026-02-07 13:14:30,232 [INFO] 📨 dparmeev@luminesfox.com: IDLE notification received
2026-02-07 13:16:16,294 [INFO] 📨 spam@jakeberrimor.com: IDLE notification received
2026-02-07 13:16:17,293 [INFO] 📨 contact@jakeberrimor.com: IDLE notification received
2026-02-07 13:16:18,292 [INFO] 📨 dparmeev@luminesfox.com: IDLE notification received
2026-02-07 13:16:18,296 [INFO] 📨 a.parmeev@jakeberrimor.com: IDLE notification received
2026-02-07 13:16:40,467 [INFO] 📨 contact@luminesfox.com: IDLE notification received
2026-02-07 13:17:22,258 [INFO] 📨 spam@jakeberrimor.com: IDLE notification received
2026-02-07 13:17:22,588 [INFO] 📥 Queued: spam@jakeberrimor.com from =?UTF-8?B?0J/QvtC00LTQtdGA0LbQutCwIENsb3VkLnJ1?= < (buffer: 1)
2026-02-07 13:17:32,597 [INFO] ✅ Webhook sent: 1 event(s)
2026-02-07 13:18:09,635 [INFO] 📨 a.parmeev@jakeberrimor.com: IDLE notification received
2026-02-07 13:18:11,381 [INFO] 📨 spam@jakeberrimor.com: IDLE notification received
2026-02-07 13:18:12,083 [INFO] 📨 contact@jakeberrimor.com: IDLE notification received
2026-02-07 13:18:14,203 [INFO] 📨 dparmeev@luminesfox.com: IDLE notification received
2026-02-07 13:18:14,385 [INFO] 📨 contact@luminesfox.com: IDLE notification received
2026-02-07 13:20:09,480 [INFO] 📨 contact@jakeberrimor.com: IDLE notification received
2026-02-07 13:20:09,602 [INFO] 📨 dparmeev@luminesfox.com: IDLE notification received
2026-02-07 13:20:09,716 [INFO] 📨 spam@jakeberrimor.com: IDLE notification received
2026-02-07 13:20:10,052 [INFO] 📨 a.parmeev@jakeberrimor.com: IDLE notification received
2026-02-07 13:20:13,752 [INFO] 📨 contact@luminesfox.com: IDLE notification received
2026-02-07 13:22:10,066 [INFO] 📨 contact@luminesfox.com: IDLE notification received
2026-02-07 13:22:13,090 [INFO] 📨 contact@jakeberrimor.com: IDLE notification received
2026-02-07 13:22:16,100 [INFO] 📨 dparmeev@luminesfox.com: IDLE notification received
2026-02-07 13:22:19,098 [INFO] 📨 spam@jakeberrimor.com: IDLE notification received
2026-02-07 13:22:19,102 [INFO] 📨 a.parmeev@jakeberrimor.com: IDLE notification received
2026-02-07 13:24:09,413 [INFO] 📨 contact@luminesfox.com: IDLE notification received
2026-02-07 13:24:09,413 [INFO] 📨 a.parmeev@jakeberrimor.com: IDLE notification received
2026-02-07 13:24:09,422 [INFO] 📨 spam@jakeberrimor.com: IDLE notification received
2026-02-07 13:24:19,414 [INFO] 📨 contact@jakeberrimor.com: IDLE notification received
2026-02-07 13:24:19,416 [INFO] 📨 dparmeev@luminesfox.com: IDLE notification received
2026-02-07 13:26:09,285 [INFO] 📨 spam@jakeberrimor.com: IDLE notification received
2026-02-07 13:26:09,533 [INFO] 📨 contact@luminesfox.com: IDLE notification received
2026-02-07 13:26:09,664 [INFO] 📨 a.parmeev@jakeberrimor.com: IDLE notification received
2026-02-07 13:26:09,774 [INFO] 📨 dparmeev@luminesfox.com: IDLE notification received
2026-02-07 13:26:22,503 [INFO] 📨 contact@jakeberrimor.com: IDLE notification received
2026-02-07 13:28:09,209 [INFO] 📨 dparmeev@luminesfox.com: IDLE notification received
2026-02-07 13:28:09,885 [INFO] 📨 contact@luminesfox.com: IDLE notification received
2026-02-07 13:28:10,012 [INFO] 📨 a.parmeev@jakeberrimor.com: IDLE notification received
2026-02-07 13:28:11,101 [INFO] 📨 contact@jakeberrimor.com: IDLE notification received
2026-02-07 13:28:14,095 [INFO] 📨 spam@jakeberrimor.com: IDLE notification received
2026-02-07 13:30:09,587 [INFO] 📨 dparmeev@luminesfox.com: IDLE notification received
2026-02-07 13:30:10,552 [INFO] 📨 spam@jakeberrimor.com: IDLE notification received
2026-02-07 13:30:14,172 [INFO] 📨 a.parmeev@jakeberrimor.com: IDLE notification received
2026-02-07 13:30:16,174 [INFO] 📨 contact@jakeberrimor.com: IDLE notification received
2026-02-07 13:30:16,189 [INFO] 📨 contact@luminesfox.com: IDLE notification received
2026-02-07 13:32:09,288 [INFO] 📨 dparmeev@luminesfox.com: IDLE notification received
2026-02-07 13:32:09,481 [INFO] 📨 a.parmeev@jakeberrimor.com: IDLE notification received
2026-02-07 13:32:09,504 [INFO] 📨 contact@luminesfox.com: IDLE notification received
2026-02-07 13:32:09,904 [INFO] 📨 spam@jakeberrimor.com: IDLE notification received
2026-02-07 13:32:20,278 [INFO] 📨 contact@jakeberrimor.com: IDLE notification received
2026-02-07 13:34:09,270 [INFO] 📨 spam@jakeberrimor.com: IDLE notification received
2026-02-07 13:34:09,691 [INFO] 📨 dparmeev@luminesfox.com: IDLE notification received
2026-02-07 13:34:09,805 [INFO] 📨 a.parmeev@jakeberrimor.com: IDLE notification received
2026-02-07 13:34:09,826 [INFO] 📨 contact@luminesfox.com: IDLE notification received
2026-02-07 13:34:20,305 [INFO] 📨 contact@jakeberrimor.com: IDLE notification received
2026-02-07 13:36:09,123 [INFO] 📨 a.parmeev@jakeberrimor.com: IDLE notification received
2026-02-07 13:36:09,197 [INFO] 📨 contact@luminesfox.com: IDLE notification received
2026-02-07 13:36:09,563 [INFO] 📨 spam@jakeberrimor.com: IDLE notification received
2026-02-07 13:36:10,072 [INFO] 📨 dparmeev@luminesfox.com: IDLE notification received
2026-02-07 13:36:13,400 [INFO] 📨 contact@jakeberrimor.com: IDLE notification received
2026-02-07 13:38:09,436 [INFO] 📨 a.parmeev@jakeberrimor.com: IDLE notification received
2026-02-07 13:38:09,448 [INFO] 📨 dparmeev@luminesfox.com: IDLE notification received
2026-02-07 13:38:09,515 [INFO] 📨 contact@luminesfox.com: IDLE notification received
2026-02-07 13:38:09,727 [INFO] 📨 contact@jakeberrimor.com: IDLE notification received
2026-02-07 13:38:17,165 [INFO] 📨 spam@jakeberrimor.com: IDLE notification received
2026-02-07 13:40:09,497 [INFO] 📨 spam@jakeberrimor.com: IDLE notification received
2026-02-07 13:40:09,765 [INFO] 📨 a.parmeev@jakeberrimor.com: IDLE notification received
2026-02-07 13:40:09,855 [INFO] 📨 contact@luminesfox.com: IDLE notification received
2026-02-07 13:40:09,868 [INFO] 📨 dparmeev@luminesfox.com: IDLE notification received
2026-02-07 13:40:15,273 [INFO] 📨 contact@jakeberrimor.com: IDLE notification received
2026-02-07 13:42:09,182 [INFO] 📨 contact@luminesfox.com: IDLE notification received
2026-02-07 13:42:09,310 [INFO] 📨 dparmeev@luminesfox.com: IDLE notification received
2026-02-07 13:42:10,105 [INFO] 📨 a.parmeev@jakeberrimor.com: IDLE notification received
2026-02-07 13:42:13,441 [INFO] 📨 contact@jakeberrimor.com: IDLE notification received
2026-02-07 13:42:25,442 [INFO] 📨 spam@jakeberrimor.com: IDLE notification received
2026-02-07 13:44:09,665 [INFO] 📨 dparmeev@luminesfox.com: IDLE notification received
2026-02-07 13:44:13,521 [INFO] 📨 contact@jakeberrimor.com: IDLE notification received
2026-02-07 13:44:16,518 [INFO] 📨 a.parmeev@jakeberrimor.com: IDLE notification received
2026-02-07 13:44:16,524 [INFO] 📨 contact@luminesfox.com: IDLE notification received
2026-02-07 13:44:21,526 [INFO] 📨 spam@jakeberrimor.com: IDLE notification received
2026-02-07 13:46:09,737 [INFO] 📨 dparmeev@luminesfox.com: IDLE notification received
2026-02-07 13:46:09,835 [INFO] 📨 contact@luminesfox.com: IDLE notification received
2026-02-07 13:46:10,240 [INFO] 📨 a.parmeev@jakeberrimor.com: IDLE notification received
2026-02-07 13:46:15,106 [INFO] 📨 spam@jakeberrimor.com: IDLE notification received
2026-02-07 13:46:34,131 [INFO] 📨 contact@jakeberrimor.com: IDLE notification received
2026-02-07 13:48:09,227 [INFO] 📨 dparmeev@luminesfox.com: IDLE notification received
2026-02-07 13:48:09,418 [INFO] 📨 contact@luminesfox.com: IDLE notification received
2026-02-07 13:48:10,573 [INFO] 📨 spam@jakeberrimor.com: IDLE notification received
2026-02-07 13:48:12,211 [INFO] 📨 contact@jakeberrimor.com: IDLE notification received
2026-02-07 13:48:43,031 [INFO] 📨 a.parmeev@jakeberrimor.com: IDLE notification received
2026-02-07 13:50:13,424 [INFO] 📨 spam@jakeberrimor.com: IDLE notification received
2026-02-07 13:50:22,075 [INFO] 📨 dparmeev@luminesfox.com: IDLE notification received
2026-02-07 13:50:29,428 [INFO] 📨 contact@luminesfox.com: IDLE notification received
2026-02-07 13:50:30,087 [INFO] 📨 a.parmeev@jakeberrimor.com: IDLE notification received
2026-02-07 13:50:30,432 [INFO] 📨 contact@jakeberrimor.com: IDLE notification received
2026-02-07 13:52:09,399 [INFO] 📨 a.parmeev@jakeberrimor.com: IDLE notification received
2026-02-07 13:52:09,744 [INFO] 📨 contact@luminesfox.com: IDLE notification received
2026-02-07 13:52:13,650 [INFO] 📨 contact@jakeberrimor.com: IDLE notification received
2026-02-07 13:52:20,256 [INFO] 📨 dparmeev@luminesfox.com: IDLE notification received
2026-02-07 13:52:27,248 [INFO] 📨 spam@jakeberrimor.com: IDLE notification received
2026-02-07 13:54:09,738 [INFO] 📨 a.parmeev@jakeberrimor.com: IDLE notification received
2026-02-07 13:54:17,479 [INFO] 📨 contact@jakeberrimor.com: IDLE notification received
2026-02-07 13:54:19,483 [INFO] 📨 contact@luminesfox.com: IDLE notification received
2026-02-07 13:54:23,483 [INFO] 📨 spam@jakeberrimor.com: IDLE notification received
2026-02-07 13:54:23,558 [INFO] 📨 dparmeev@luminesfox.com: IDLE notification received
2026-02-07 13:56:10,153 [INFO] 📨 a.parmeev@jakeberrimor.com: IDLE notification received
2026-02-07 13:56:10,306 [INFO] 📨 contact@jakeberrimor.com: IDLE notification received
2026-02-07 13:56:13,087 [INFO] 📨 spam@jakeberrimor.com: IDLE notification received
2026-02-07 13:56:13,095 [INFO] 📨 contact@luminesfox.com: IDLE notification received
2026-02-07 13:56:13,327 [INFO] 📨 dparmeev@luminesfox.com: IDLE notification received
2026-02-07 13:58:09,328 [INFO] 📨 dparmeev@luminesfox.com: IDLE notification received
2026-02-07 13:58:09,357 [INFO] 📨 a.parmeev@jakeberrimor.com: IDLE notification received
2026-02-07 13:58:09,566 [INFO] 📨 contact@luminesfox.com: IDLE notification received
2026-02-07 13:58:10,038 [INFO] 📨 spam@jakeberrimor.com: IDLE notification received
2026-02-07 13:58:13,222 [INFO] 📨 contact@jakeberrimor.com: IDLE notification received
2026-02-07 14:00:09,828 [INFO] 📨 contact@luminesfox.com: IDLE notification received
2026-02-07 14:00:12,315 [INFO] 📨 contact@jakeberrimor.com: IDLE notification received
2026-02-07 14:00:13,315 [INFO] 📨 dparmeev@luminesfox.com: IDLE notification received
2026-02-07 14:00:13,528 [INFO] 📨 spam@jakeberrimor.com: IDLE notification received
2026-02-07 14:00:14,332 [INFO] 📨 a.parmeev@jakeberrimor.com: IDLE notification received
2026-02-07 14:02:09,155 [INFO] 📨 contact@luminesfox.com: IDLE notification received
2026-02-07 14:02:09,466 [INFO] 📨 spam@jakeberrimor.com: IDLE notification received
2026-02-07 14:02:09,641 [INFO] 📨 a.parmeev@jakeberrimor.com: IDLE notification received
2026-02-07 14:02:09,685 [INFO] 📨 dparmeev@luminesfox.com: IDLE notification received
2026-02-07 14:02:16,405 [INFO] 📨 contact@jakeberrimor.com: IDLE notification received
2026-02-07 14:04:09,508 [INFO] 📨 contact@luminesfox.com: IDLE notification received
2026-02-07 14:04:09,815 [INFO] 📨 spam@jakeberrimor.com: IDLE notification received
2026-02-07 14:04:09,938 [INFO] 📨 contact@jakeberrimor.com: IDLE notification received
2026-02-07 14:04:09,989 [INFO] 📨 a.parmeev@jakeberrimor.com: IDLE notification received
2026-02-07 14:04:10,092 [INFO] 📨 dparmeev@luminesfox.com: IDLE notification received
2026-02-07 14:06:09,286 [INFO] 📨 a.parmeev@jakeberrimor.com: IDLE notification received
2026-02-07 14:06:09,469 [INFO] 📨 dparmeev@luminesfox.com: IDLE notification received
2026-02-07 14:06:09,715 [INFO] 📨 spam@jakeberrimor.com: IDLE notification received
2026-02-07 14:06:09,842 [INFO] 📨 contact@luminesfox.com: IDLE notification received
2026-02-07 14:06:18,310 [INFO] 📨 contact@jakeberrimor.com: IDLE notification received
2026-02-07 14:08:09,166 [INFO] 📨 contact@luminesfox.com: IDLE notification received
2026-02-07 14:08:09,598 [INFO] 📨 a.parmeev@jakeberrimor.com: IDLE notification received
2026-02-07 14:08:09,635 [INFO] 📨 contact@jakeberrimor.com: IDLE notification received
2026-02-07 14:08:10,062 [INFO] 📨 spam@jakeberrimor.com: IDLE notification received
2026-02-07 14:08:16,351 [INFO] 📨 dparmeev@luminesfox.com: IDLE notification received
2026-02-07 14:10:09,384 [INFO] 📨 spam@jakeberrimor.com: IDLE notification received
2026-02-07 14:10:09,487 [INFO] 📨 contact@luminesfox.com: IDLE notification received
2026-02-07 14:10:09,707 [INFO] 📨 dparmeev@luminesfox.com: IDLE notification received
2026-02-07 14:10:09,942 [INFO] 📨 a.parmeev@jakeberrimor.com: IDLE notification received
2026-02-07 14:10:20,455 [INFO] 📨 contact@jakeberrimor.com: IDLE notification received
2026-02-07 14:12:09,301 [INFO] 📨 a.parmeev@jakeberrimor.com: IDLE notification received
2026-02-07 14:12:09,693 [INFO] 📨 spam@jakeberrimor.com: IDLE notification received
2026-02-07 14:12:09,836 [INFO] 📨 contact@luminesfox.com: IDLE notification received
2026-02-07 14:12:19,540 [INFO] 📨 dparmeev@luminesfox.com: IDLE notification received
2026-02-07 14:12:20,526 [INFO] 📨 contact@jakeberrimor.com: IDLE notification received
2026-02-07 14:14:09,209 [INFO] 📨 contact@luminesfox.com: IDLE notification received
2026-02-07 14:14:09,635 [INFO] 📨 a.parmeev@jakeberrimor.com: IDLE notification received
2026-02-07 14:14:10,064 [INFO] 📨 spam@jakeberrimor.com: IDLE notification received
2026-02-07 14:14:10,095 [INFO] 📨 dparmeev@luminesfox.com: IDLE notification received
2026-02-07 14:14:24,096 [INFO] 📨 contact@jakeberrimor.com: IDLE notification received
2026-02-07 14:16:09,459 [INFO] 📨 spam@jakeberrimor.com: IDLE notification received
2026-02-07 14:16:09,641 [INFO] 📨 dparmeev@luminesfox.com: IDLE notification received
2026-02-07 14:16:13,036 [INFO] 📨 contact@jakeberrimor.com: IDLE notification received
2026-02-07 14:16:24,037 [INFO] 📨 a.parmeev@jakeberrimor.com: IDLE notification received
2026-02-07 14:16:36,519 [INFO] 📨 contact@luminesfox.com: IDLE notification received
2026-02-07 14:18:09,328 [INFO] 📨 a.parmeev@jakeberrimor.com: IDLE notification received
2026-02-07 14:18:09,846 [INFO] 📨 contact@luminesfox.com: IDLE notification received
2026-02-07 14:18:11,459 [INFO] 📨 dparmeev@luminesfox.com: IDLE notification received
2026-02-07 14:18:19,336 [INFO] 📨 contact@jakeberrimor.com: IDLE notification received
2026-02-07 14:18:22,317 [INFO] 📨 spam@jakeberrimor.com: IDLE notification received
2026-02-07 14:33:09,564 [INFO] 🔄 a.parmeev@jakeberrimor.com: Periodic reconnect
2026-02-07 14:33:09,564 [ERROR] ❌ a.parmeev@jakeberrimor.com: Connection error: EOF occurred in violation of protocol (_ssl.c:2406)
2026-02-07 14:33:09,564 [INFO] 🔁 a.parmeev@jakeberrimor.com: Reconnecting in 5s...
2026-02-07 14:33:10,099 [INFO] 🔄 contact@luminesfox.com: Periodic reconnect
2026-02-07 14:33:10,099 [ERROR] ❌ contact@luminesfox.com: Connection error: EOF occurred in violation of protocol (_ssl.c:2406)
2026-02-07 14:33:10,099 [INFO] 🔁 contact@luminesfox.com: Reconnecting in 5s...
2026-02-07 14:33:11,736 [INFO] 🔄 dparmeev@luminesfox.com: Periodic reconnect
2026-02-07 14:33:11,736 [ERROR] ❌ dparmeev@luminesfox.com: Connection error: EOF occurred in violation of protocol (_ssl.c:2406)
2026-02-07 14:33:11,736 [INFO] 🔁 dparmeev@luminesfox.com: Reconnecting in 5s...
2026-02-07 14:33:14,564 [INFO] 🔌 Connecting to a.parmeev@jakeberrimor.com@mail.hosting.reg.ru...
2026-02-07 14:33:15,100 [INFO] 🔌 Connecting to contact@luminesfox.com@mail.hosting.reg.ru...
2026-02-07 14:33:15,149 [INFO] 📬 a.parmeev@jakeberrimor.com: Starting from UID 14
2026-02-07 14:33:15,194 [INFO] ✅ a.parmeev@jakeberrimor.com: IDLE monitoring active
2026-02-07 14:33:15,697 [INFO] 📬 contact@luminesfox.com: Starting from UID 72
2026-02-07 14:33:15,747 [INFO] ✅ contact@luminesfox.com: IDLE monitoring active
2026-02-07 14:33:16,737 [INFO] 🔌 Connecting to dparmeev@luminesfox.com@mail.hosting.reg.ru...
2026-02-07 14:33:17,377 [INFO] 📬 dparmeev@luminesfox.com: Starting from UID 2374
2026-02-07 14:33:21,413 [INFO] ✅ dparmeev@luminesfox.com: IDLE monitoring active
2026-02-07 14:33:22,549 [INFO] 🔄 spam@jakeberrimor.com: Periodic reconnect
2026-02-07 14:33:22,549 [ERROR] ❌ spam@jakeberrimor.com: Connection error: EOF occurred in violation of protocol (_ssl.c:2406)
2026-02-07 14:33:22,549 [INFO] 🔁 spam@jakeberrimor.com: Reconnecting in 5s...
2026-02-07 14:33:27,549 [INFO] 🔌 Connecting to spam@jakeberrimor.com@mail.hosting.reg.ru...
2026-02-07 14:33:28,121 [INFO] 📬 spam@jakeberrimor.com: Starting from UID 489
2026-02-07 14:33:28,166 [INFO] ✅ spam@jakeberrimor.com: IDLE monitoring active
2026-02-07 14:33:39,423 [INFO] 🔄 contact@jakeberrimor.com: Periodic reconnect
2026-02-07 14:33:39,424 [ERROR] ❌ contact@jakeberrimor.com: Connection error: EOF occurred in violation of protocol (_ssl.c:2406)
2026-02-07 14:33:39,424 [INFO] 🔁 contact@jakeberrimor.com: Reconnecting in 5s...
2026-02-07 14:33:44,424 [INFO] 🔌 Connecting to contact@jakeberrimor.com@mail.hosting.reg.ru...
2026-02-07 14:33:48,460 [INFO] 📬 contact@jakeberrimor.com: Starting from UID 423
2026-02-07 14:33:48,504 [INFO] ✅ contact@jakeberrimor.com: IDLE monitoring active
2026-02-07 14:34:09,207 [INFO] 📨 spam@jakeberrimor.com: IDLE notification received
2026-02-07 14:34:09,773 [INFO] 📨 contact@luminesfox.com: IDLE notification received
2026-02-07 14:34:11,125 [INFO] 📨 contact@jakeberrimor.com: IDLE notification received
2026-02-07 14:34:12,123 [INFO] 📨 a.parmeev@jakeberrimor.com: IDLE notification received
2026-02-07 14:34:22,128 [INFO] 📨 dparmeev@luminesfox.com: IDLE notification received
2026-02-07 14:36:09,419 [INFO] 📨 a.parmeev@jakeberrimor.com: IDLE notification received
2026-02-07 14:36:09,526 [INFO] 📨 spam@jakeberrimor.com: IDLE notification received
2026-02-07 14:36:09,922 [INFO] 📨 contact@jakeberrimor.com: IDLE notification received
2026-02-07 14:36:10,120 [INFO] 📨 contact@luminesfox.com: IDLE notification received
2026-02-07 14:36:18,217 [INFO] 📨 dparmeev@luminesfox.com: IDLE notification received
2026-02-07 14:38:09,447 [INFO] 📨 contact@luminesfox.com: IDLE notification received
2026-02-07 14:38:09,705 [INFO] 📨 a.parmeev@jakeberrimor.com: IDLE notification received
2026-02-07 14:38:11,785 [INFO] 📨 spam@jakeberrimor.com: IDLE notification received
2026-02-07 14:38:15,226 [INFO] 📨 contact@jakeberrimor.com: IDLE notification received
2026-02-07 14:38:19,478 [INFO] 📨 dparmeev@luminesfox.com: IDLE notification received
2026-02-07 14:40:09,788 [INFO] 📨 contact@luminesfox.com: IDLE notification received
2026-02-07 14:40:10,052 [INFO] 📨 a.parmeev@jakeberrimor.com: IDLE notification received
2026-02-07 14:40:10,240 [INFO] 📨 spam@jakeberrimor.com: IDLE notification received
2026-02-07 14:40:12,036 [INFO] 📨 contact@jakeberrimor.com: IDLE notification received
2026-02-07 14:40:18,039 [INFO] 📨 dparmeev@luminesfox.com: IDLE notification received
2026-02-07 14:42:09,397 [INFO] 📨 a.parmeev@jakeberrimor.com: IDLE notification received
2026-02-07 14:42:09,591 [INFO] 📨 spam@jakeberrimor.com: IDLE notification received
2026-02-07 14:42:10,091 [INFO] 📨 contact@luminesfox.com: IDLE notification received
2026-02-07 14:42:10,345 [INFO] 📨 contact@jakeberrimor.com: IDLE notification received
2026-02-07 14:42:20,133 [INFO] 📨 dparmeev@luminesfox.com: IDLE notification received
2026-02-07 14:44:09,394 [INFO] 📨 contact@luminesfox.com: IDLE notification received
2026-02-07 14:44:09,706 [INFO] 📨 a.parmeev@jakeberrimor.com: IDLE notification received
2026-02-07 14:44:09,954 [INFO] 📨 spam@jakeberrimor.com: IDLE notification received
2026-02-07 14:44:10,110 [INFO] 📨 contact@jakeberrimor.com: IDLE notification received
2026-02-07 14:44:22,119 [INFO] 📨 dparmeev@luminesfox.com: IDLE notification received
2026-02-07 14:46:09,273 [INFO] 📨 spam@jakeberrimor.com: IDLE notification received
2026-02-07 14:46:09,728 [INFO] 📨 contact@luminesfox.com: IDLE notification received
2026-02-07 14:46:10,071 [INFO] 📨 a.parmeev@jakeberrimor.com: IDLE notification received
2026-02-07 14:46:10,338 [INFO] 📨 dparmeev@luminesfox.com: IDLE notification received
2026-02-07 14:46:12,337 [INFO] 📨 contact@jakeberrimor.com: IDLE notification received
2026-02-07 14:48:09,398 [INFO] 📨 a.parmeev@jakeberrimor.com: IDLE notification received
2026-02-07 14:48:09,596 [INFO] 📨 spam@jakeberrimor.com: IDLE notification received
2026-02-07 14:48:10,060 [INFO] 📨 contact@luminesfox.com: IDLE notification received
2026-02-07 14:48:10,465 [INFO] 📨 contact@jakeberrimor.com: IDLE notification received
2026-02-07 14:48:29,498 [INFO] 📨 dparmeev@luminesfox.com: IDLE notification received
2026-02-07 14:50:09,735 [INFO] 📨 a.parmeev@jakeberrimor.com: IDLE notification received
2026-02-07 14:50:12,677 [INFO] 📨 contact@luminesfox.com: IDLE notification received
2026-02-07 14:50:14,068 [INFO] 📨 contact@jakeberrimor.com: IDLE notification received
2026-02-07 14:50:15,130 [INFO] 📨 dparmeev@luminesfox.com: IDLE notification received
2026-02-07 14:50:16,117 [INFO] 📨 spam@jakeberrimor.com: IDLE notification received
2026-02-07 14:52:10,074 [INFO] 📨 a.parmeev@jakeberrimor.com: IDLE notification received
2026-02-07 14:52:12,087 [INFO] 📨 spam@jakeberrimor.com: IDLE notification received
2026-02-07 14:52:13,395 [INFO] 📨 contact@jakeberrimor.com: IDLE notification received
2026-02-07 14:52:14,171 [INFO] 📨 contact@luminesfox.com: IDLE notification received
2026-02-07 14:52:16,087 [INFO] 📨 dparmeev@luminesfox.com: IDLE notification received
2026-02-07 14:54:09,282 [INFO] 📨 a.parmeev@jakeberrimor.com: IDLE notification received
2026-02-07 14:54:09,792 [INFO] 📨 contact@luminesfox.com: IDLE notification received
2026-02-07 14:54:11,195 [INFO] 📨 contact@jakeberrimor.com: IDLE notification received
2026-02-07 14:54:11,229 [INFO] 📨 dparmeev@luminesfox.com: IDLE notification received
2026-02-07 14:54:12,373 [INFO] 📨 spam@jakeberrimor.com: IDLE notification received
2026-02-07 14:56:09,597 [INFO] 📨 a.parmeev@jakeberrimor.com: IDLE notification received
2026-02-07 14:56:10,122 [INFO] 📨 contact@luminesfox.com: IDLE notification received
2026-02-07 14:56:10,330 [INFO] 📨 dparmeev@luminesfox.com: IDLE notification received
2026-02-07 14:56:15,353 [INFO] 📨 spam@jakeberrimor.com: IDLE notification received
2026-02-07 14:56:22,371 [INFO] 📨 contact@jakeberrimor.com: IDLE notification received
2026-02-07 14:58:09,432 [INFO] 📨 contact@luminesfox.com: IDLE notification received
2026-02-07 14:58:09,659 [INFO] 📨 spam@jakeberrimor.com: IDLE notification received
2026-02-07 14:58:09,938 [INFO] 📨 a.parmeev@jakeberrimor.com: IDLE notification received
2026-02-07 14:58:10,444 [INFO] 📨 contact@jakeberrimor.com: IDLE notification received
2026-02-07 14:58:19,455 [INFO] 📨 dparmeev@luminesfox.com: IDLE notification received
2026-02-07 15:00:09,294 [INFO] 📨 a.parmeev@jakeberrimor.com: IDLE notification received
2026-02-07 15:00:10,006 [INFO] 📨 spam@jakeberrimor.com: IDLE notification received
2026-02-07 15:00:10,643 [INFO] 📨 contact@luminesfox.com: IDLE notification received
2026-02-07 15:00:13,689 [INFO] 📨 dparmeev@luminesfox.com: IDLE notification received
2026-02-07 15:00:17,060 [INFO] 📨 contact@jakeberrimor.com: IDLE notification received
2026-02-07 15:02:09,325 [INFO] 📨 spam@jakeberrimor.com: IDLE notification received
2026-02-07 15:02:09,577 [INFO] 📨 a.parmeev@jakeberrimor.com: IDLE notification received
2026-02-07 15:02:09,945 [INFO] 📨 contact@luminesfox.com: IDLE notification received
2026-02-07 15:02:20,145 [INFO] 📨 dparmeev@luminesfox.com: IDLE notification received
2026-02-07 15:02:20,146 [INFO] 📨 contact@jakeberrimor.com: IDLE notification received
2026-02-07 15:04:09,236 [INFO] 📨 contact@luminesfox.com: IDLE notification received
2026-02-07 15:04:09,628 [INFO] 📨 spam@jakeberrimor.com: IDLE notification received
2026-02-07 15:04:09,905 [INFO] 📨 a.parmeev@jakeberrimor.com: IDLE notification received
2026-02-07 15:04:21,149 [INFO] 📨 dparmeev@luminesfox.com: IDLE notification received
2026-02-07 15:04:25,149 [INFO] 📨 contact@jakeberrimor.com: IDLE notification received
2026-02-07 15:06:09,205 [INFO] 📨 a.parmeev@jakeberrimor.com: IDLE notification received
2026-02-07 15:06:09,459 [INFO] 📨 contact@jakeberrimor.com: IDLE notification received
2026-02-07 15:06:09,554 [INFO] 📨 contact@luminesfox.com: IDLE notification received
2026-02-07 15:06:22,467 [INFO] 📨 spam@jakeberrimor.com: IDLE notification received
2026-02-07 15:06:35,479 [INFO] 📨 dparmeev@luminesfox.com: IDLE notification received
2026-02-07 15:08:09,530 [INFO] 📨 a.parmeev@jakeberrimor.com: IDLE notification received
2026-02-07 15:08:09,775 [INFO] 📨 spam@jakeberrimor.com: IDLE notification received
2026-02-07 15:08:09,898 [INFO] 📨 contact@luminesfox.com: IDLE notification received
2026-02-07 15:08:16,101 [INFO] 📨 contact@jakeberrimor.com: IDLE notification received
2026-02-07 15:10:09,867 [INFO] 📨 a.parmeev@jakeberrimor.com: IDLE notification received
2026-02-07 15:10:13,408 [INFO] 📨 contact@luminesfox.com: IDLE notification received
2026-02-07 15:10:14,107 [INFO] 📨 contact@jakeberrimor.com: IDLE notification received
2026-02-07 15:10:25,415 [INFO] 📨 spam@jakeberrimor.com: IDLE notification received
2026-02-07 15:10:53,600 [INFO] 📨 dparmeev@luminesfox.com: IDLE notification received
2026-02-07 15:12:09,230 [INFO] 📨 a.parmeev@jakeberrimor.com: IDLE notification received
2026-02-07 15:12:09,728 [INFO] 📨 contact@luminesfox.com: IDLE notification received
2026-02-07 15:12:12,045 [INFO] 📨 spam@jakeberrimor.com: IDLE notification received
2026-02-07 15:12:15,499 [INFO] 📨 contact@jakeberrimor.com: IDLE notification received
2026-02-07 15:12:15,499 [INFO] 📨 dparmeev@luminesfox.com: IDLE notification received
2026-02-07 15:14:09,538 [INFO] 📨 a.parmeev@jakeberrimor.com: IDLE notification received
2026-02-07 15:14:10,056 [INFO] 📨 contact@luminesfox.com: IDLE notification received
2026-02-07 15:14:11,488 [INFO] 📨 dparmeev@luminesfox.com: IDLE notification received
2026-02-07 15:14:15,152 [INFO] 📨 spam@jakeberrimor.com: IDLE notification received
2026-02-07 15:14:19,504 [INFO] 📨 contact@jakeberrimor.com: IDLE notification received
2026-02-07 15:16:09,384 [INFO] 📨 contact@luminesfox.com: IDLE notification received
2026-02-07 15:16:09,482 [INFO] 📨 spam@jakeberrimor.com: IDLE notification received
2026-02-07 15:16:09,867 [INFO] 📨 a.parmeev@jakeberrimor.com: IDLE notification received
2026-02-07 15:16:13,780 [INFO] 📨 contact@jakeberrimor.com: IDLE notification received
2026-02-07 15:16:16,067 [INFO] 📨 dparmeev@luminesfox.com: IDLE notification received
2026-02-07 15:18:09,172 [INFO] 📨 a.parmeev@jakeberrimor.com: IDLE notification received
2026-02-07 15:18:09,725 [INFO] 📨 contact@luminesfox.com: IDLE notification received
2026-02-07 15:18:09,830 [INFO] 📨 spam@jakeberrimor.com: IDLE notification received
2026-02-07 15:18:13,146 [INFO] 📨 contact@jakeberrimor.com: IDLE notification received
2026-02-07 15:18:13,290 [INFO] 📨 dparmeev@luminesfox.com: IDLE notification received
2026-02-07 15:20:09,154 [INFO] 📨 spam@jakeberrimor.com: IDLE notification received
2026-02-07 15:20:09,497 [INFO] 📨 a.parmeev@jakeberrimor.com: IDLE notification received
2026-02-07 15:20:10,058 [INFO] 📨 contact@luminesfox.com: IDLE notification received
2026-02-07 15:20:10,330 [INFO] 📨 dparmeev@luminesfox.com: IDLE notification received
2026-02-07 15:20:25,289 [INFO] 📨 contact@jakeberrimor.com: IDLE notification received
2026-02-07 15:22:09,404 [INFO] 📨 contact@luminesfox.com: IDLE notification received
2026-02-07 15:22:09,482 [INFO] 📨 spam@jakeberrimor.com: IDLE notification received
2026-02-07 15:22:09,845 [INFO] 📨 a.parmeev@jakeberrimor.com: IDLE notification received
2026-02-07 15:22:16,303 [INFO] 📨 dparmeev@luminesfox.com: IDLE notification received
2026-02-07 15:22:30,506 [INFO] 📨 contact@jakeberrimor.com: IDLE notification received
2026-02-07 15:24:09,182 [INFO] 📨 a.parmeev@jakeberrimor.com: IDLE notification received
2026-02-07 15:24:10,060 [INFO] 📨 contact@luminesfox.com: IDLE notification received
2026-02-07 15:24:11,185 [INFO] 📨 spam@jakeberrimor.com: IDLE notification received
2026-02-07 15:24:14,373 [INFO] 📨 dparmeev@luminesfox.com: IDLE notification received
2026-02-07 15:24:24,321 [INFO] 📨 contact@jakeberrimor.com: IDLE notification received
2026-02-07 15:26:09,270 [INFO] 📨 contact@luminesfox.com: IDLE notification received
2026-02-07 15:26:09,490 [INFO] 📨 spam@jakeberrimor.com: IDLE notification received
2026-02-07 15:26:09,513 [INFO] 📨 dparmeev@luminesfox.com: IDLE notification received
2026-02-07 15:26:09,988 [INFO] 📨 a.parmeev@jakeberrimor.com: IDLE notification received
2026-02-07 15:26:31,343 [INFO] 📨 contact@jakeberrimor.com: IDLE notification received
2026-02-07 15:28:09,793 [INFO] 📨 a.parmeev@jakeberrimor.com: IDLE notification received
2026-02-07 15:28:10,411 [INFO] 📨 contact@luminesfox.com: IDLE notification received
2026-02-07 15:28:10,411 [INFO] 📨 contact@jakeberrimor.com: IDLE notification received
2026-02-07 15:28:11,450 [INFO] 📨 dparmeev@luminesfox.com: IDLE notification received
2026-02-07 15:28:16,417 [INFO] 📨 spam@jakeberrimor.com: IDLE notification received
2026-02-07 15:30:09,705 [INFO] 📨 spam@jakeberrimor.com: IDLE notification received
2026-02-07 15:30:09,771 [INFO] 📨 contact@luminesfox.com: IDLE notification received
2026-02-07 15:30:10,139 [INFO] 📨 a.parmeev@jakeberrimor.com: IDLE notification received
2026-02-07 15:30:14,530 [INFO] 📨 dparmeev@luminesfox.com: IDLE notification received
2026-02-07 15:30:18,524 [INFO] 📨 contact@jakeberrimor.com: IDLE notification received
2026-02-07 15:32:09,483 [INFO] 📨 a.parmeev@jakeberrimor.com: IDLE notification received
2026-02-07 15:32:10,162 [INFO] 📨 contact@luminesfox.com: IDLE notification received
2026-02-07 15:32:10,641 [INFO] 📨 contact@jakeberrimor.com: IDLE notification received
2026-02-07 15:32:11,447 [INFO] 📨 spam@jakeberrimor.com: IDLE notification received
2026-02-07 15:32:13,537 [INFO] 📨 dparmeev@luminesfox.com: IDLE notification received
2026-02-07 15:34:09,492 [INFO] 📨 contact@luminesfox.com: IDLE notification received
2026-02-07 15:34:09,763 [INFO] 📨 spam@jakeberrimor.com: IDLE notification received
2026-02-07 15:34:09,794 [INFO] 📨 a.parmeev@jakeberrimor.com: IDLE notification received
2026-02-07 15:34:15,219 [INFO] 📨 contact@jakeberrimor.com: IDLE notification received
2026-02-07 15:34:16,407 [INFO] 📨 dparmeev@luminesfox.com: IDLE notification received
2026-02-07 15:36:09,150 [INFO] 📨 a.parmeev@jakeberrimor.com: IDLE notification received
2026-02-07 15:36:11,390 [INFO] 📨 spam@jakeberrimor.com: IDLE notification received
2026-02-07 15:36:14,303 [INFO] 📨 dparmeev@luminesfox.com: IDLE notification received
2026-02-07 15:36:16,580 [INFO] 📨 contact@luminesfox.com: IDLE notification received
2026-02-07 15:36:20,488 [INFO] 📨 contact@jakeberrimor.com: IDLE notification received
2026-02-07 15:38:09,693 [INFO] 📨 dparmeev@luminesfox.com: IDLE notification received
2026-02-07 15:38:09,716 [INFO] 📨 spam@jakeberrimor.com: IDLE notification received
2026-02-07 15:38:10,386 [INFO] 📨 a.parmeev@jakeberrimor.com: IDLE notification received
2026-02-07 15:38:21,391 [INFO] 📨 contact@luminesfox.com: IDLE notification received
2026-02-07 15:38:22,439 [INFO] 📨 contact@jakeberrimor.com: IDLE notification received
2026-02-07 15:40:09,982 [INFO] 📨 a.parmeev@jakeberrimor.com: IDLE notification received
2026-02-07 15:40:10,062 [INFO] 📨 spam@jakeberrimor.com: IDLE notification received
2026-02-07 15:40:16,903 [INFO] 📨 contact@jakeberrimor.com: IDLE notification received
2026-02-07 15:40:17,480 [INFO] 📨 dparmeev@luminesfox.com: IDLE notification received
2026-02-07 15:40:20,490 [INFO] 📨 contact@luminesfox.com: IDLE notification received
2026-02-07 15:42:09,190 [INFO] 📨 contact@jakeberrimor.com: IDLE notification received
2026-02-07 15:42:09,303 [INFO] 📨 a.parmeev@jakeberrimor.com: IDLE notification received
2026-02-07 15:42:09,381 [INFO] 📨 spam@jakeberrimor.com: IDLE notification received
2026-02-07 15:42:09,781 [INFO] 📨 contact@luminesfox.com: IDLE notification received
2026-02-07 15:42:12,059 [INFO] 📨 dparmeev@luminesfox.com: IDLE notification received
2026-02-07 15:44:09,431 [INFO] 📨 dparmeev@luminesfox.com: IDLE notification received
2026-02-07 15:44:09,731 [INFO] 📨 spam@jakeberrimor.com: IDLE notification received
2026-02-07 15:44:10,137 [INFO] 📨 contact@luminesfox.com: IDLE notification received
2026-02-07 15:44:10,340 [INFO] 📨 a.parmeev@jakeberrimor.com: IDLE notification received
2026-02-07 15:44:15,132 [INFO] 📨 contact@jakeberrimor.com: IDLE notification received
2026-02-07 15:46:09,449 [INFO] 📨 contact@luminesfox.com: IDLE notification received
2026-02-07 15:46:09,680 [INFO] 📨 a.parmeev@jakeberrimor.com: IDLE notification received
2026-02-07 15:46:10,065 [INFO] 📨 spam@jakeberrimor.com: IDLE notification received
2026-02-07 15:46:11,524 [INFO] 📨 contact@jakeberrimor.com: IDLE notification received
2026-02-07 15:46:13,086 [INFO] 📨 dparmeev@luminesfox.com: IDLE notification received
2026-02-07 15:48:09,791 [INFO] 📨 contact@luminesfox.com: IDLE notification received
2026-02-07 15:48:10,000 [INFO] 📨 a.parmeev@jakeberrimor.com: IDLE notification received
2026-02-07 15:48:12,550 [INFO] 📨 spam@jakeberrimor.com: IDLE notification received
2026-02-07 15:48:22,727 [INFO] 📨 contact@jakeberrimor.com: IDLE notification received
2026-02-07 15:48:23,380 [INFO] 📨 dparmeev@luminesfox.com: IDLE notification received
2026-02-07 15:50:09,343 [INFO] 📨 a.parmeev@jakeberrimor.com: IDLE notification received
2026-02-07 15:50:09,832 [INFO] 📨 spam@jakeberrimor.com: IDLE notification received
2026-02-07 15:50:10,136 [INFO] 📨 contact@luminesfox.com: IDLE notification received
2026-02-07 15:50:10,260 [INFO] 📨 contact@jakeberrimor.com: IDLE notification received
2026-02-07 15:50:18,440 [INFO] 📨 dparmeev@luminesfox.com: IDLE notification received
2026-02-07 15:52:09,136 [INFO] 📨 spam@jakeberrimor.com: IDLE notification received
2026-02-07 15:52:09,462 [INFO] 📨 contact@luminesfox.com: IDLE notification received
2026-02-07 15:52:09,679 [INFO] 📨 a.parmeev@jakeberrimor.com: IDLE notification received
2026-02-07 15:52:15,043 [INFO] 📨 contact@jakeberrimor.com: IDLE notification received
2026-02-07 15:52:16,039 [INFO] 📨 dparmeev@luminesfox.com: IDLE notification received
2026-02-07 15:54:09,482 [INFO] 📨 spam@jakeberrimor.com: IDLE notification received
2026-02-07 15:54:09,871 [INFO] 📨 contact@luminesfox.com: IDLE notification received
2026-02-07 15:54:10,022 [INFO] 📨 a.parmeev@jakeberrimor.com: IDLE notification received
2026-02-07 15:54:10,103 [INFO] 📨 contact@jakeberrimor.com: IDLE notification received
2026-02-07 15:54:17,265 [INFO] 📨 dparmeev@luminesfox.com: IDLE notification received
2026-02-07 15:56:09,373 [INFO] 📨 a.parmeev@jakeberrimor.com: IDLE notification received
2026-02-07 15:56:09,438 [INFO] 📨 contact@luminesfox.com: IDLE notification received
2026-02-07 15:56:10,260 [INFO] 📨 spam@jakeberrimor.com: IDLE notification received
2026-02-07 15:56:21,494 [INFO] 📨 contact@jakeberrimor.com: IDLE notification received
2026-02-07 15:56:25,289 [INFO] 📨 dparmeev@luminesfox.com: IDLE notification received
2026-02-07 15:58:09,127 [INFO] 📨 a.parmeev@jakeberrimor.com: IDLE notification received
2026-02-07 15:58:09,205 [INFO] 📨 spam@jakeberrimor.com: IDLE notification received
2026-02-07 15:58:16,710 [INFO] 📨 contact@jakeberrimor.com: IDLE notification received
2026-02-07 15:58:17,459 [INFO] 📨 dparmeev@luminesfox.com: IDLE notification received
2026-02-07 15:58:34,485 [INFO] 📨 contact@luminesfox.com: IDLE notification received
2026-02-07 16:00:09,522 [INFO] 📨 spam@jakeberrimor.com: IDLE notification received
2026-02-07 16:00:09,794 [INFO] 📨 contact@luminesfox.com: IDLE notification received
2026-02-07 16:00:10,061 [INFO] 📨 contact@jakeberrimor.com: IDLE notification received
2026-02-07 16:00:11,336 [INFO] 📨 dparmeev@luminesfox.com: IDLE notification received
2026-02-07 16:00:17,424 [INFO] 📨 a.parmeev@jakeberrimor.com: IDLE notification received
2026-02-07 16:02:09,223 [INFO] 📨 contact@luminesfox.com: IDLE notification received
2026-02-07 16:02:09,490 [INFO] 📨 contact@jakeberrimor.com: IDLE notification received
2026-02-07 16:02:09,783 [INFO] 📨 a.parmeev@jakeberrimor.com: IDLE notification received
2026-02-07 16:02:09,872 [INFO] 📨 spam@jakeberrimor.com: IDLE notification received
2026-02-07 16:02:16,415 [INFO] 📨 dparmeev@luminesfox.com: IDLE notification received
2026-02-07 16:04:09,166 [INFO] 📨 a.parmeev@jakeberrimor.com: IDLE notification received
2026-02-07 16:04:09,256 [INFO] 📨 spam@jakeberrimor.com: IDLE notification received
2026-02-07 16:04:09,556 [INFO] 📨 contact@luminesfox.com: IDLE notification received
2026-02-07 16:04:12,534 [INFO] 📨 contact@jakeberrimor.com: IDLE notification received
2026-02-07 16:04:21,536 [INFO] 📨 dparmeev@luminesfox.com: IDLE notification received
2026-02-07 16:06:09,508 [INFO] 📨 a.parmeev@jakeberrimor.com: IDLE notification received
2026-02-07 16:06:09,545 [INFO] 📨 spam@jakeberrimor.com: IDLE notification received
2026-02-07 16:06:09,891 [INFO] 📨 contact@jakeberrimor.com: IDLE notification received
2026-02-07 16:06:10,100 [INFO] 📨 contact@luminesfox.com: IDLE notification received
2026-02-07 16:06:13,186 [INFO] 📨 dparmeev@luminesfox.com: IDLE notification received
2026-02-07 16:08:09,483 [INFO] 📨 contact@luminesfox.com: IDLE notification received
2026-02-07 16:08:10,296 [INFO] 📨 a.parmeev@jakeberrimor.com: IDLE notification received
2026-02-07 16:08:12,575 [INFO] 📨 spam@jakeberrimor.com: IDLE notification received
2026-02-07 16:08:13,304 [INFO] 📨 contact@jakeberrimor.com: IDLE notification received
2026-02-07 16:08:16,305 [INFO] 📨 dparmeev@luminesfox.com: IDLE notification received
2026-02-07 16:10:09,569 [INFO] 📨 contact@jakeberrimor.com: IDLE notification received
2026-02-07 16:10:09,620 [INFO] 📨 a.parmeev@jakeberrimor.com: IDLE notification received
2026-02-07 16:10:09,825 [INFO] 📨 contact@luminesfox.com: IDLE notification received
2026-02-07 16:10:09,867 [INFO] 📨 spam@jakeberrimor.com: IDLE notification received
2026-02-07 16:10:10,634 [INFO] 📨 dparmeev@luminesfox.com: IDLE notification received
2026-02-07 16:12:09,181 [INFO] 📨 contact@luminesfox.com: IDLE notification received
2026-02-07 16:12:09,239 [INFO] 📨 spam@jakeberrimor.com: IDLE notification received
2026-02-07 16:12:09,966 [INFO] 📨 a.parmeev@jakeberrimor.com: IDLE notification received
2026-02-07 16:12:15,064 [INFO] 📨 contact@jakeberrimor.com: IDLE notification received
2026-02-07 16:12:15,723 [INFO] 📨 dparmeev@luminesfox.com: IDLE notification received
2026-02-07 16:14:09,267 [INFO] 📨 a.parmeev@jakeberrimor.com: IDLE notification received
2026-02-07 16:14:09,499 [INFO] 📨 contact@luminesfox.com: IDLE notification received
2026-02-07 16:14:09,597 [INFO] 📨 spam@jakeberrimor.com: IDLE notification received
2026-02-07 16:14:09,629 [INFO] 📨 contact@jakeberrimor.com: IDLE notification received
2026-02-07 16:14:11,443 [INFO] 📨 dparmeev@luminesfox.com: IDLE notification received
2026-02-07 16:16:09,233 [INFO] 📨 contact@jakeberrimor.com: IDLE notification received
2026-02-07 16:16:09,233 [INFO] 📨 spam@jakeberrimor.com: IDLE notification received
2026-02-07 16:16:09,574 [INFO] 📨 a.parmeev@jakeberrimor.com: IDLE notification received
2026-02-07 16:16:14,080 [INFO] 📨 contact@luminesfox.com: IDLE notification received
2026-02-07 16:16:21,076 [INFO] 📨 dparmeev@luminesfox.com: IDLE notification received
2026-02-07 16:18:09,374 [INFO] 📨 contact@luminesfox.com: IDLE notification received
2026-02-07 16:18:09,552 [INFO] 📨 spam@jakeberrimor.com: IDLE notification received
2026-02-07 16:18:09,920 [INFO] 📨 a.parmeev@jakeberrimor.com: IDLE notification received
2026-02-07 16:18:16,465 [INFO] 📨 contact@jakeberrimor.com: IDLE notification received
2026-02-07 16:18:24,460 [INFO] 📨 dparmeev@luminesfox.com: IDLE notification received
2026-02-07 16:33:09,594 [INFO] 🔄 contact@luminesfox.com: Periodic reconnect
2026-02-07 16:33:09,595 [ERROR] ❌ contact@luminesfox.com: Connection error: EOF occurred in violation of protocol (_ssl.c:2406)
2026-02-07 16:33:09,595 [INFO] 🔁 contact@luminesfox.com: Reconnecting in 5s...
2026-02-07 16:33:09,774 [INFO] 🔄 spam@jakeberrimor.com: Periodic reconnect
2026-02-07 16:33:09,774 [ERROR] ❌ spam@jakeberrimor.com: Connection error: EOF occurred in violation of protocol (_ssl.c:2406)
2026-02-07 16:33:09,774 [INFO] 🔁 spam@jakeberrimor.com: Reconnecting in 5s...
2026-02-07 16:33:10,143 [INFO] 🔄 a.parmeev@jakeberrimor.com: Periodic reconnect
2026-02-07 16:33:10,143 [ERROR] ❌ a.parmeev@jakeberrimor.com: Connection error: EOF occurred in violation of protocol (_ssl.c:2406)
2026-02-07 16:33:10,143 [INFO] 🔁 a.parmeev@jakeberrimor.com: Reconnecting in 5s...
2026-02-07 16:33:14,595 [INFO] 🔌 Connecting to contact@luminesfox.com@mail.hosting.reg.ru...
2026-02-07 16:33:14,774 [INFO] 🔌 Connecting to spam@jakeberrimor.com@mail.hosting.reg.ru...
2026-02-07 16:33:15,143 [INFO] 🔌 Connecting to a.parmeev@jakeberrimor.com@mail.hosting.reg.ru...
2026-02-07 16:33:15,177 [INFO] 📬 contact@luminesfox.com: Starting from UID 72
2026-02-07 16:33:15,222 [INFO] ✅ contact@luminesfox.com: IDLE monitoring active
2026-02-07 16:33:15,398 [INFO] 📬 spam@jakeberrimor.com: Starting from UID 489
2026-02-07 16:33:16,005 [INFO] 📬 a.parmeev@jakeberrimor.com: Starting from UID 14
2026-02-07 16:33:16,053 [INFO] ✅ a.parmeev@jakeberrimor.com: IDLE monitoring active
2026-02-07 16:33:16,684 [INFO] 🔄 contact@jakeberrimor.com: Periodic reconnect
2026-02-07 16:33:16,685 [ERROR] ❌ contact@jakeberrimor.com: Connection error: EOF occurred in violation of protocol (_ssl.c:2406)
2026-02-07 16:33:16,685 [INFO] 🔁 contact@jakeberrimor.com: Reconnecting in 5s...
2026-02-07 16:33:19,481 [INFO] ✅ spam@jakeberrimor.com: IDLE monitoring active
2026-02-07 16:33:21,685 [INFO] 🔌 Connecting to contact@jakeberrimor.com@mail.hosting.reg.ru...
2026-02-07 16:33:23,324 [INFO] 📬 contact@jakeberrimor.com: Starting from UID 423
2026-02-07 16:33:23,381 [INFO] ✅ contact@jakeberrimor.com: IDLE monitoring active
2026-02-07 16:33:24,724 [INFO] 🔄 dparmeev@luminesfox.com: Periodic reconnect
2026-02-07 16:33:24,725 [ERROR] ❌ dparmeev@luminesfox.com: Connection error: EOF occurred in violation of protocol (_ssl.c:2406)
2026-02-07 16:33:24,725 [INFO] 🔁 dparmeev@luminesfox.com: Reconnecting in 5s...
2026-02-07 16:33:29,725 [INFO] 🔌 Connecting to dparmeev@luminesfox.com@mail.hosting.reg.ru...
2026-02-07 16:33:30,370 [INFO] 📬 dparmeev@luminesfox.com: Starting from UID 2374
2026-02-07 16:33:38,373 [INFO] ✅ dparmeev@luminesfox.com: IDLE monitoring active
2026-02-07 16:34:09,098 [INFO] 📨 a.parmeev@jakeberrimor.com: IDLE notification received
2026-02-07 16:34:09,254 [INFO] 📨 contact@luminesfox.com: IDLE notification received
2026-02-07 16:34:09,371 [INFO] 📨 dparmeev@luminesfox.com: IDLE notification received
2026-02-07 16:34:17,251 [INFO] 📨 spam@jakeberrimor.com: IDLE notification received
2026-02-07 16:34:19,250 [INFO] 📨 contact@jakeberrimor.com: IDLE notification received
2026-02-07 16:36:09,446 [INFO] 📨 a.parmeev@jakeberrimor.com: IDLE notification received
2026-02-07 16:36:09,519 [INFO] 📨 contact@luminesfox.com: IDLE notification received
2026-02-07 16:36:12,342 [INFO] 📨 dparmeev@luminesfox.com: IDLE notification received
2026-02-07 16:36:22,350 [INFO] 📨 contact@jakeberrimor.com: IDLE notification received
2026-02-07 16:36:40,092 [INFO] 📨 spam@jakeberrimor.com: IDLE notification received
2026-02-07 16:38:09,687 [INFO] 📨 contact@jakeberrimor.com: IDLE notification received
2026-02-07 16:38:09,761 [INFO] 📨 a.parmeev@jakeberrimor.com: IDLE notification received
2026-02-07 16:38:09,836 [INFO] 📨 contact@luminesfox.com: IDLE notification received
2026-02-07 16:38:14,434 [INFO] 📨 spam@jakeberrimor.com: IDLE notification received
2026-02-07 16:38:27,470 [INFO] 📨 dparmeev@luminesfox.com: IDLE notification received
2026-02-07 16:40:10,085 [INFO] 📨 a.parmeev@jakeberrimor.com: IDLE notification received
2026-02-07 16:40:10,322 [INFO] 📨 spam@jakeberrimor.com: IDLE notification received
2026-02-07 16:40:16,231 [INFO] 📨 contact@luminesfox.com: IDLE notification received
2026-02-07 16:40:20,362 [INFO] 📨 dparmeev@luminesfox.com: IDLE notification received
2026-02-07 16:40:22,164 [INFO] 📨 contact@jakeberrimor.com: IDLE notification received
2026-02-07 16:42:09,423 [INFO] 📨 a.parmeev@jakeberrimor.com: IDLE notification received
2026-02-07 16:42:09,572 [INFO] 📨 contact@luminesfox.com: IDLE notification received
2026-02-07 16:42:09,653 [INFO] 📨 spam@jakeberrimor.com: IDLE notification received
2026-02-07 16:42:10,414 [INFO] 📨 dparmeev@luminesfox.com: IDLE notification received
2026-02-07 16:42:10,417 [INFO] 📨 contact@jakeberrimor.com: IDLE notification received
2026-02-07 16:44:09,730 [INFO] 📨 a.parmeev@jakeberrimor.com: IDLE notification received
2026-02-07 16:44:09,737 [INFO] 📨 contact@jakeberrimor.com: IDLE notification received
2026-02-07 16:44:09,893 [INFO] 📨 contact@luminesfox.com: IDLE notification received
2026-02-07 16:44:20,464 [INFO] 📨 dparmeev@luminesfox.com: IDLE notification received
2026-02-07 16:44:43,536 [INFO] 📨 spam@jakeberrimor.com: IDLE notification received
2026-02-07 16:46:09,220 [INFO] 📨 contact@luminesfox.com: IDLE notification received
2026-02-07 16:46:10,095 [INFO] 📨 contact@jakeberrimor.com: IDLE notification received
2026-02-07 16:46:12,103 [INFO] 📨 dparmeev@luminesfox.com: IDLE notification received
2026-02-07 16:46:13,106 [INFO] 📨 spam@jakeberrimor.com: IDLE notification received
2026-02-07 16:46:15,106 [INFO] 📨 a.parmeev@jakeberrimor.com: IDLE notification received
2026-02-07 16:48:09,421 [INFO] 📨 spam@jakeberrimor.com: IDLE notification received
2026-02-07 16:48:09,422 [INFO] 📨 a.parmeev@jakeberrimor.com: IDLE notification received
2026-02-07 16:48:09,799 [INFO] 📨 contact@luminesfox.com: IDLE notification received
2026-02-07 16:48:12,205 [INFO] 📨 dparmeev@luminesfox.com: IDLE notification received
2026-02-07 16:48:14,498 [INFO] 📨 contact@jakeberrimor.com: IDLE notification received
2026-02-07 16:50:09,959 [INFO] 📨 a.parmeev@jakeberrimor.com: IDLE notification received
2026-02-07 16:50:10,117 [INFO] 📨 contact@luminesfox.com: IDLE notification received
2026-02-07 16:50:11,299 [INFO] 📨 spam@jakeberrimor.com: IDLE notification received
2026-02-07 16:50:13,408 [INFO] 📨 contact@jakeberrimor.com: IDLE notification received
2026-02-07 16:50:15,299 [INFO] 📨 dparmeev@luminesfox.com: IDLE notification received
2026-02-07 16:52:09,280 [INFO] 📨 a.parmeev@jakeberrimor.com: IDLE notification received
2026-02-07 16:52:10,694 [INFO] 📨 spam@jakeberrimor.com: IDLE notification received
2026-02-07 16:52:15,610 [INFO] 📨 dparmeev@luminesfox.com: IDLE notification received
2026-02-07 16:52:18,391 [INFO] 📨 contact@luminesfox.com: IDLE notification received
2026-02-07 16:52:19,394 [INFO] 📨 contact@jakeberrimor.com: IDLE notification received
2026-02-07 16:54:09,511 [INFO] 📨 contact@luminesfox.com: IDLE notification received
2026-02-07 16:54:09,630 [INFO] 📨 a.parmeev@jakeberrimor.com: IDLE notification received
2026-02-07 16:54:09,778 [INFO] 📨 contact@jakeberrimor.com: IDLE notification received
2026-02-07 16:54:13,478 [INFO] 📨 spam@jakeberrimor.com: IDLE notification received
2026-02-07 16:54:19,493 [INFO] 📨 dparmeev@luminesfox.com: IDLE notification received
2026-02-07 16:56:09,804 [INFO] 📨 contact@luminesfox.com: IDLE notification received
2026-02-07 16:56:09,843 [INFO] 📨 spam@jakeberrimor.com: IDLE notification received
2026-02-07 16:56:09,942 [INFO] 📨 a.parmeev@jakeberrimor.com: IDLE notification received
2026-02-07 16:56:10,138 [INFO] 📨 contact@jakeberrimor.com: IDLE notification received
2026-02-07 16:56:19,120 [INFO] 📨 dparmeev@luminesfox.com: IDLE notification received
2026-02-07 16:58:09,149 [INFO] 📨 contact@luminesfox.com: IDLE notification received
2026-02-07 16:58:09,287 [INFO] 📨 a.parmeev@jakeberrimor.com: IDLE notification received
2026-02-07 16:58:09,337 [INFO] 📨 spam@jakeberrimor.com: IDLE notification received
2026-02-07 16:58:19,469 [INFO] 📨 contact@jakeberrimor.com: IDLE notification received
2026-02-07 16:58:24,357 [INFO] 📨 dparmeev@luminesfox.com: IDLE notification received
2026-02-07 17:00:09,234 [INFO] 📨 dparmeev@luminesfox.com: IDLE notification received
2026-02-07 17:00:09,277 [INFO] 📨 spam@jakeberrimor.com: IDLE notification received
2026-02-07 17:00:09,490 [INFO] 📨 contact@luminesfox.com: IDLE notification received
2026-02-07 17:00:09,888 [INFO] 📨 a.parmeev@jakeberrimor.com: IDLE notification received
2026-02-07 17:00:13,324 [INFO] 📨 contact@jakeberrimor.com: IDLE notification received
2026-02-07 17:02:09,608 [INFO] 📨 contact@jakeberrimor.com: IDLE notification received
2026-02-07 17:02:16,228 [INFO] 📨 spam@jakeberrimor.com: IDLE notification received
2026-02-07 17:02:16,231 [INFO] 📨 dparmeev@luminesfox.com: IDLE notification received
2026-02-07 17:02:19,246 [INFO] 📨 contact@luminesfox.com: IDLE notification received
2026-02-07 17:02:20,228 [INFO] 📨 a.parmeev@jakeberrimor.com: IDLE notification received
2026-02-07 17:04:09,545 [INFO] 📨 a.parmeev@jakeberrimor.com: IDLE notification received
2026-02-07 17:04:09,582 [INFO] 📨 contact@luminesfox.com: IDLE notification received
2026-02-07 17:04:14,314 [INFO] 📨 dparmeev@luminesfox.com: IDLE notification received
2026-02-07 17:04:17,313 [INFO] 📨 spam@jakeberrimor.com: IDLE notification received
2026-02-07 17:04:20,610 [INFO] 📨 contact@jakeberrimor.com: IDLE notification received
2026-02-07 17:06:09,434 [INFO] 📨 dparmeev@luminesfox.com: IDLE notification received
2026-02-07 17:06:09,928 [INFO] 📨 a.parmeev@jakeberrimor.com: IDLE notification received
2026-02-07 17:06:09,946 [INFO] 📨 contact@jakeberrimor.com: IDLE notification received
2026-02-07 17:06:10,198 [INFO] 📨 spam@jakeberrimor.com: IDLE notification received
2026-02-07 17:06:22,400 [INFO] 📨 contact@luminesfox.com: IDLE notification received
2026-02-07 17:08:10,059 [INFO] 📨 spam@jakeberrimor.com: IDLE notification received
2026-02-07 17:08:11,394 [INFO] 📨 a.parmeev@jakeberrimor.com: IDLE notification received
2026-02-07 17:08:12,060 [INFO] 📨 contact@jakeberrimor.com: IDLE notification received
2026-02-07 17:08:13,062 [INFO] 📨 contact@luminesfox.com: IDLE notification received
2026-02-07 17:08:19,297 [INFO] 📨 dparmeev@luminesfox.com: IDLE notification received
2026-02-07 17:10:09,167 [INFO] 📨 contact@jakeberrimor.com: IDLE notification received
2026-02-07 17:10:09,744 [INFO] 📨 a.parmeev@jakeberrimor.com: IDLE notification received
2026-02-07 17:10:12,142 [INFO] 📨 spam@jakeberrimor.com: IDLE notification received
2026-02-07 17:10:33,156 [INFO] 📨 contact@luminesfox.com: IDLE notification received
2026-02-07 17:10:41,155 [INFO] 📨 dparmeev@luminesfox.com: IDLE notification received
2026-02-07 17:12:10,102 [INFO] 📨 a.parmeev@jakeberrimor.com: IDLE notification received
2026-02-07 17:12:10,235 [INFO] 📨 contact@luminesfox.com: IDLE notification received
2026-02-07 17:12:26,441 [INFO] 📨 spam@jakeberrimor.com: IDLE notification received
2026-02-07 17:12:26,441 [INFO] 📨 dparmeev@luminesfox.com: IDLE notification received
2026-02-07 17:12:27,439 [INFO] 📨 contact@jakeberrimor.com: IDLE notification received
2026-02-07 17:14:09,448 [INFO] 📨 a.parmeev@jakeberrimor.com: IDLE notification received
2026-02-07 17:14:31,247 [INFO] 📨 contact@jakeberrimor.com: IDLE notification received
2026-02-07 17:14:33,243 [INFO] 📨 dparmeev@luminesfox.com: IDLE notification received
2026-02-07 17:14:36,244 [INFO] 📨 contact@luminesfox.com: IDLE notification received
2026-02-07 17:14:37,247 [INFO] 📨 spam@jakeberrimor.com: IDLE notification received
2026-02-07 17:15:22,327 [ERROR] ❌ dparmeev@luminesfox.com: Connection error: The read operation timed out
2026-02-07 17:15:22,327 [INFO] 🔁 dparmeev@luminesfox.com: Reconnecting in 5s...
2026-02-07 17:15:27,327 [INFO] 🔌 Connecting to dparmeev@luminesfox.com@mail.hosting.reg.ru...
2026-02-07 17:15:31,953 [INFO] 📬 dparmeev@luminesfox.com: Starting from UID 2374
2026-02-07 17:15:31,997 [INFO] ✅ dparmeev@luminesfox.com: IDLE monitoring active
2026-02-07 17:15:54,286 [INFO] 📨 spam@jakeberrimor.com: IDLE notification received
2026-02-07 17:16:09,722 [INFO] 📨 a.parmeev@jakeberrimor.com: IDLE notification received
2026-02-07 17:16:10,036 [INFO] 📨 dparmeev@luminesfox.com: IDLE notification received
2026-02-07 17:16:13,297 [INFO] 📨 spam@jakeberrimor.com: IDLE notification received
2026-02-07 17:16:16,300 [INFO] 📨 contact@jakeberrimor.com: IDLE notification received
2026-02-07 17:16:43,334 [INFO] 📨 contact@luminesfox.com: IDLE notification received
2026-02-07 17:18:10,863 [INFO] 📨 a.parmeev@jakeberrimor.com: IDLE notification received
2026-02-07 17:18:11,508 [INFO] 📨 contact@jakeberrimor.com: IDLE notification received
2026-02-07 17:18:15,740 [INFO] 📨 dparmeev@luminesfox.com: IDLE notification received
2026-02-07 17:18:16,496 [INFO] 📨 contact@luminesfox.com: IDLE notification received
2026-02-07 17:18:28,507 [INFO] 📨 spam@jakeberrimor.com: IDLE notification received
2026-02-07 17:20:11,731 [INFO] 📨 spam@jakeberrimor.com: IDLE notification received
2026-02-07 17:20:12,526 [INFO] 📨 a.parmeev@jakeberrimor.com: IDLE notification received
2026-02-07 17:20:15,111 [INFO] 📨 contact@jakeberrimor.com: IDLE notification received
2026-02-07 17:20:19,109 [INFO] 📨 dparmeev@luminesfox.com: IDLE notification received
2026-02-07 17:20:19,109 [INFO] 📨 contact@luminesfox.com: IDLE notification received
2026-02-07 17:22:16,198 [INFO] 📨 spam@jakeberrimor.com: IDLE notification received
2026-02-07 17:22:31,151 [INFO] 📨 a.parmeev@jakeberrimor.com: IDLE notification received
2026-02-07 17:22:31,153 [INFO] 📨 contact@luminesfox.com: IDLE notification received
2026-02-07 17:22:31,157 [INFO] 📨 contact@jakeberrimor.com: IDLE notification received
2026-02-07 17:22:32,152 [INFO] 📨 dparmeev@luminesfox.com: IDLE notification received
2026-02-07 17:24:09,469 [INFO] 📨 contact@luminesfox.com: IDLE notification received
2026-02-07 17:24:23,230 [INFO] 📨 a.parmeev@jakeberrimor.com: IDLE notification received
2026-02-07 17:24:37,259 [INFO] 📨 contact@jakeberrimor.com: IDLE notification received
2026-02-07 17:24:37,264 [INFO] 📨 spam@jakeberrimor.com: IDLE notification received
2026-02-07 17:24:40,249 [INFO] 📨 dparmeev@luminesfox.com: IDLE notification received
2026-02-07 17:26:09,793 [INFO] 📨 dparmeev@luminesfox.com: IDLE notification received
2026-02-07 17:26:12,356 [INFO] 📨 contact@luminesfox.com: IDLE notification received
2026-02-07 17:26:16,381 [INFO] 📨 a.parmeev@jakeberrimor.com: IDLE notification received
2026-02-07 17:26:23,364 [INFO] 📨 spam@jakeberrimor.com: IDLE notification received
2026-02-07 17:26:33,367 [INFO] 📨 contact@jakeberrimor.com: IDLE notification received
2026-02-07 17:28:09,467 [INFO] 📨 spam@jakeberrimor.com: IDLE notification received
2026-02-07 17:28:13,431 [INFO] 📨 a.parmeev@jakeberrimor.com: IDLE notification received
2026-02-07 17:28:13,564 [INFO] 📨 dparmeev@luminesfox.com: IDLE notification received
2026-02-07 17:28:27,434 [INFO] 📨 contact@luminesfox.com: IDLE notification received
2026-02-07 17:28:35,446 [INFO] 📨 contact@jakeberrimor.com: IDLE notification received
2026-02-07 17:30:09,743 [INFO] 📨 contact@luminesfox.com: IDLE notification received
2026-02-07 17:30:09,761 [INFO] 📨 contact@jakeberrimor.com: IDLE notification received
2026-02-07 17:30:10,091 [INFO] 📨 dparmeev@luminesfox.com: IDLE notification received
2026-02-07 17:30:17,482 [INFO] 📨 a.parmeev@jakeberrimor.com: IDLE notification received
2026-02-07 17:30:41,080 [INFO] 📨 spam@jakeberrimor.com: IDLE notification received
2026-02-07 17:32:09,836 [INFO] 📨 a.parmeev@jakeberrimor.com: IDLE notification received
2026-02-07 17:32:14,102 [INFO] 📨 contact@jakeberrimor.com: IDLE notification received
2026-02-07 17:32:17,088 [INFO] 📨 dparmeev@luminesfox.com: IDLE notification received
2026-02-07 17:32:21,150 [INFO] 📨 spam@jakeberrimor.com: IDLE notification received
2026-02-07 17:32:40,109 [INFO] 📨 contact@luminesfox.com: IDLE notification received
2026-02-07 17:34:09,259 [INFO] 📨 spam@jakeberrimor.com: IDLE notification received
2026-02-07 17:34:09,399 [INFO] 📨 contact@jakeberrimor.com: IDLE notification received
2026-02-07 17:34:09,597 [INFO] 📨 dparmeev@luminesfox.com: IDLE notification received
2026-02-07 17:34:11,003 [INFO] 📨 a.parmeev@jakeberrimor.com: IDLE notification received
2026-02-07 17:34:16,215 [INFO] 📨 contact@luminesfox.com: IDLE notification received
2026-02-07 17:36:09,327 [INFO] 📨 a.parmeev@jakeberrimor.com: IDLE notification received
2026-02-07 17:36:09,528 [INFO] 📨 contact@luminesfox.com: IDLE notification received
2026-02-07 17:36:09,943 [INFO] 📨 dparmeev@luminesfox.com: IDLE notification received
2026-02-07 17:36:19,452 [INFO] 📨 contact@jakeberrimor.com: IDLE notification received
2026-02-07 17:36:21,415 [INFO] 📨 spam@jakeberrimor.com: IDLE notification received
2026-02-07 17:38:09,316 [INFO] 📨 dparmeev@luminesfox.com: IDLE notification received
2026-02-07 17:38:09,664 [INFO] 📨 a.parmeev@jakeberrimor.com: IDLE notification received
2026-02-07 17:38:10,471 [INFO] 📨 spam@jakeberrimor.com: IDLE notification received
2026-02-07 17:38:16,234 [INFO] 📨 contact@jakeberrimor.com: IDLE notification received
2026-02-07 17:38:23,163 [INFO] 📨 contact@luminesfox.com: IDLE notification received
2026-02-07 17:40:09,704 [INFO] 📨 dparmeev@luminesfox.com: IDLE notification received
2026-02-07 17:40:10,049 [INFO] 📨 a.parmeev@jakeberrimor.com: IDLE notification received
2026-02-07 17:40:11,917 [INFO] 📨 spam@jakeberrimor.com: IDLE notification received
2026-02-07 17:40:13,479 [INFO] 📨 contact@jakeberrimor.com: IDLE notification received
2026-02-07 17:40:18,845 [INFO] 📨 contact@luminesfox.com: IDLE notification received
2026-02-07 17:42:09,171 [INFO] 📨 contact@luminesfox.com: IDLE notification received
2026-02-07 17:42:09,403 [INFO] 📨 a.parmeev@jakeberrimor.com: IDLE notification received
2026-02-07 17:42:09,835 [INFO] 📨 contact@jakeberrimor.com: IDLE notification received
2026-02-07 17:42:10,084 [INFO] 📨 dparmeev@luminesfox.com: IDLE notification received
2026-02-07 17:42:25,054 [INFO] 📨 spam@jakeberrimor.com: IDLE notification received
2026-02-07 17:44:09,749 [INFO] 📨 a.parmeev@jakeberrimor.com: IDLE notification received
2026-02-07 17:44:09,750 [INFO] 📨 dparmeev@luminesfox.com: IDLE notification received
2026-02-07 17:44:12,377 [INFO] 📨 contact@luminesfox.com: IDLE notification received
2026-02-07 17:44:15,158 [INFO] 📨 spam@jakeberrimor.com: IDLE notification received
2026-02-07 17:44:19,146 [INFO] 📨 contact@jakeberrimor.com: IDLE notification received
2026-02-07 17:46:10,102 [INFO] 📨 dparmeev@luminesfox.com: IDLE notification received
2026-02-07 17:46:10,107 [INFO] 📨 a.parmeev@jakeberrimor.com: IDLE notification received
2026-02-07 17:46:15,289 [INFO] 📨 contact@jakeberrimor.com: IDLE notification received
2026-02-07 17:46:16,481 [INFO] 📨 spam@jakeberrimor.com: IDLE notification received
2026-02-07 17:46:29,287 [INFO] 📨 contact@luminesfox.com: IDLE notification received
2026-02-07 17:48:09,476 [INFO] 📨 dparmeev@luminesfox.com: IDLE notification received
2026-02-07 17:48:11,391 [INFO] 📨 a.parmeev@jakeberrimor.com: IDLE notification received
2026-02-07 17:48:11,393 [INFO] 📨 contact@luminesfox.com: IDLE notification received
2026-02-07 17:48:16,349 [INFO] 📨 contact@jakeberrimor.com: IDLE notification received
2026-02-07 17:48:35,271 [INFO] 📨 spam@jakeberrimor.com: IDLE notification received
2026-02-07 17:50:09,699 [INFO] 📨 a.parmeev@jakeberrimor.com: IDLE notification received
2026-02-07 17:50:11,504 [INFO] 📨 spam@jakeberrimor.com: IDLE notification received
2026-02-07 17:50:16,505 [INFO] 📨 dparmeev@luminesfox.com: IDLE notification received
2026-02-07 17:50:17,535 [INFO] 📨 contact@jakeberrimor.com: IDLE notification received
2026-02-07 17:50:19,500 [INFO] 📨 contact@luminesfox.com: IDLE notification received
2026-02-07 17:52:09,816 [INFO] 📨 contact@luminesfox.com: IDLE notification received
2026-02-07 17:52:09,890 [INFO] 📨 dparmeev@luminesfox.com: IDLE notification received
2026-02-07 17:52:10,052 [INFO] 📨 a.parmeev@jakeberrimor.com: IDLE notification received
2026-02-07 17:52:27,465 [INFO] 📨 contact@jakeberrimor.com: IDLE notification received
2026-02-07 17:52:35,480 [INFO] 📨 spam@jakeberrimor.com: IDLE notification received
2026-02-07 17:54:09,170 [INFO] 📨 contact@luminesfox.com: IDLE notification received
2026-02-07 17:54:09,294 [INFO] 📨 dparmeev@luminesfox.com: IDLE notification received
2026-02-07 17:54:09,386 [INFO] 📨 a.parmeev@jakeberrimor.com: IDLE notification received
2026-02-07 17:54:10,003 [INFO] 📨 contact@jakeberrimor.com: IDLE notification received
2026-02-07 17:54:22,129 [INFO] 📨 spam@jakeberrimor.com: IDLE notification received
2026-02-07 17:56:09,258 [INFO] 📨 spam@jakeberrimor.com: IDLE notification received
2026-02-07 17:56:09,485 [INFO] 📨 contact@jakeberrimor.com: IDLE notification received
2026-02-07 17:56:10,082 [INFO] 📨 a.parmeev@jakeberrimor.com: IDLE notification received
2026-02-07 17:56:10,105 [INFO] 📨 dparmeev@luminesfox.com: IDLE notification received
2026-02-07 17:56:19,237 [INFO] 📨 contact@luminesfox.com: IDLE notification received
2026-02-07 17:58:09,750 [INFO] 📨 contact@jakeberrimor.com: IDLE notification received
2026-02-07 17:58:13,447 [INFO] 📨 contact@luminesfox.com: IDLE notification received
2026-02-07 17:58:15,450 [INFO] 📨 dparmeev@luminesfox.com: IDLE notification received
2026-02-07 17:58:20,455 [INFO] 📨 spam@jakeberrimor.com: IDLE notification received
2026-02-07 17:58:20,457 [INFO] 📨 a.parmeev@jakeberrimor.com: IDLE notification received
2026-02-07 18:00:09,772 [INFO] 📨 dparmeev@luminesfox.com: IDLE notification received
2026-02-07 18:00:09,774 [INFO] 📨 a.parmeev@jakeberrimor.com: IDLE notification received
2026-02-07 18:00:11,066 [INFO] 📨 contact@jakeberrimor.com: IDLE notification received
2026-02-07 18:00:13,268 [INFO] 📨 spam@jakeberrimor.com: IDLE notification received
2026-02-07 18:00:16,073 [INFO] 📨 contact@luminesfox.com: IDLE notification received
2026-02-07 18:02:09,149 [INFO] 📨 dparmeev@luminesfox.com: IDLE notification received
2026-02-07 18:02:09,368 [INFO] 📨 contact@jakeberrimor.com: IDLE notification received
2026-02-07 18:02:10,093 [INFO] 📨 a.parmeev@jakeberrimor.com: IDLE notification received
2026-02-07 18:02:10,198 [INFO] 📨 contact@luminesfox.com: IDLE notification received
2026-02-07 18:02:10,202 [INFO] 📨 spam@jakeberrimor.com: IDLE notification received
2026-02-07 18:04:09,425 [INFO] 📨 a.parmeev@jakeberrimor.com: IDLE notification received
2026-02-07 18:04:09,501 [INFO] 📨 dparmeev@luminesfox.com: IDLE notification received
2026-02-07 18:04:09,621 [INFO] 📨 contact@luminesfox.com: IDLE notification received
2026-02-07 18:04:12,488 [INFO] 📨 spam@jakeberrimor.com: IDLE notification received
2026-02-07 18:04:19,402 [INFO] 📨 contact@jakeberrimor.com: IDLE notification received
2026-02-07 18:06:09,891 [INFO] 📨 dparmeev@luminesfox.com: IDLE notification received
2026-02-07 18:06:10,006 [INFO] 📨 a.parmeev@jakeberrimor.com: IDLE notification received
2026-02-07 18:06:16,086 [INFO] 📨 spam@jakeberrimor.com: IDLE notification received
2026-02-07 18:06:16,089 [INFO] 📨 contact@jakeberrimor.com: IDLE notification received
2026-02-07 18:06:37,367 [INFO] 📨 contact@luminesfox.com: IDLE notification received
2026-02-07 18:08:09,319 [INFO] 📨 dparmeev@luminesfox.com: IDLE notification received
2026-02-07 18:08:09,359 [INFO] 📨 a.parmeev@jakeberrimor.com: IDLE notification received
2026-02-07 18:08:09,879 [INFO] 📨 contact@luminesfox.com: IDLE notification received
2026-02-07 18:08:13,170 [INFO] 📨 contact@jakeberrimor.com: IDLE notification received
2026-02-07 18:08:24,414 [INFO] 📨 spam@jakeberrimor.com: IDLE notification received
2026-02-07 18:10:09,206 [INFO] 📨 contact@luminesfox.com: IDLE notification received
2026-02-07 18:10:09,732 [INFO] 📨 dparmeev@luminesfox.com: IDLE notification received
2026-02-07 18:10:10,110 [INFO] 📨 contact@jakeberrimor.com: IDLE notification received
2026-02-07 18:10:11,108 [INFO] 📨 a.parmeev@jakeberrimor.com: IDLE notification received
2026-02-07 18:10:12,122 [INFO] 📨 spam@jakeberrimor.com: IDLE notification received
2026-02-07 18:12:09,464 [INFO] 📨 contact@jakeberrimor.com: IDLE notification received
2026-02-07 18:12:10,115 [INFO] 📨 dparmeev@luminesfox.com: IDLE notification received
2026-02-07 18:12:10,173 [INFO] 📨 a.parmeev@jakeberrimor.com: IDLE notification received
2026-02-07 18:12:15,278 [INFO] 📨 contact@luminesfox.com: IDLE notification received
2026-02-07 18:12:23,276 [INFO] 📨 spam@jakeberrimor.com: IDLE notification received
2026-02-07 18:14:09,453 [INFO] 📨 dparmeev@luminesfox.com: IDLE notification received
2026-02-07 18:14:09,544 [INFO] 📨 a.parmeev@jakeberrimor.com: IDLE notification received
2026-02-07 18:14:10,027 [INFO] 📨 spam@jakeberrimor.com: IDLE notification received
2026-02-07 18:14:10,531 [INFO] 📨 contact@jakeberrimor.com: IDLE notification received
2026-02-07 18:14:21,043 [INFO] 📨 contact@luminesfox.com: IDLE notification received
2026-02-07 18:16:09,834 [INFO] 📨 dparmeev@luminesfox.com: IDLE notification received
2026-02-07 18:16:09,867 [INFO] 📨 a.parmeev@jakeberrimor.com: IDLE notification received
2026-02-07 18:16:11,099 [INFO] 📨 spam@jakeberrimor.com: IDLE notification received
2026-02-07 18:16:12,130 [INFO] 📨 contact@jakeberrimor.com: IDLE notification received
2026-02-07 18:16:13,130 [INFO] 📨 contact@luminesfox.com: IDLE notification received
2026-02-07 18:18:09,170 [INFO] 📨 dparmeev@luminesfox.com: IDLE notification received
2026-02-07 18:18:09,190 [INFO] 📨 a.parmeev@jakeberrimor.com: IDLE notification received
2026-02-07 18:18:12,230 [INFO] 📨 spam@jakeberrimor.com: IDLE notification received
2026-02-07 18:18:15,223 [INFO] 📨 contact@luminesfox.com: IDLE notification received
2026-02-07 18:18:21,250 [INFO] 📨 contact@jakeberrimor.com: IDLE notification received
2026-02-07 18:20:09,550 [INFO] 📨 dparmeev@luminesfox.com: IDLE notification received
2026-02-07 18:20:12,631 [INFO] 📨 spam@jakeberrimor.com: IDLE notification received
2026-02-07 18:20:19,116 [INFO] 📨 a.parmeev@jakeberrimor.com: IDLE notification received
2026-02-07 18:20:19,124 [INFO] 📨 contact@jakeberrimor.com: IDLE notification received
2026-02-07 18:20:20,474 [INFO] 📨 contact@luminesfox.com: IDLE notification received
2026-02-07 18:22:09,456 [INFO] 📨 a.parmeev@jakeberrimor.com: IDLE notification received
2026-02-07 18:22:09,787 [INFO] 📨 contact@luminesfox.com: IDLE notification received
2026-02-07 18:22:09,947 [INFO] 📨 dparmeev@luminesfox.com: IDLE notification received
2026-02-07 18:22:12,398 [INFO] 📨 contact@jakeberrimor.com: IDLE notification received
2026-02-07 18:22:20,176 [INFO] 📨 spam@jakeberrimor.com: IDLE notification received
2026-02-07 18:24:09,327 [INFO] 📨 dparmeev@luminesfox.com: IDLE notification received
2026-02-07 18:24:09,830 [INFO] 📨 a.parmeev@jakeberrimor.com: IDLE notification received
2026-02-07 18:24:16,464 [INFO] 📨 spam@jakeberrimor.com: IDLE notification received
2026-02-07 18:24:27,473 [INFO] 📨 contact@jakeberrimor.com: IDLE notification received
2026-02-07 18:24:30,471 [INFO] 📨 contact@luminesfox.com: IDLE notification received
2026-02-07 18:26:09,181 [INFO] 📨 a.parmeev@jakeberrimor.com: IDLE notification received
2026-02-07 18:26:10,706 [INFO] 📨 dparmeev@luminesfox.com: IDLE notification received
2026-02-07 18:26:11,046 [INFO] 📨 spam@jakeberrimor.com: IDLE notification received
2026-02-07 18:26:16,129 [INFO] 📨 contact@jakeberrimor.com: IDLE notification received
2026-02-07 18:26:26,180 [INFO] 📨 contact@luminesfox.com: IDLE notification received
2026-02-07 18:28:09,475 [INFO] 📨 contact@luminesfox.com: IDLE notification received
2026-02-07 18:28:10,091 [INFO] 📨 dparmeev@luminesfox.com: IDLE notification received
2026-02-07 18:28:10,260 [INFO] 📨 spam@jakeberrimor.com: IDLE notification received
2026-02-07 18:28:10,370 [INFO] 📨 a.parmeev@jakeberrimor.com: IDLE notification received
2026-02-07 18:28:14,339 [INFO] 📨 contact@jakeberrimor.com: IDLE notification received
2026-02-07 18:30:09,664 [INFO] 📨 dparmeev@luminesfox.com: IDLE notification received
2026-02-07 18:30:14,266 [INFO] 📨 contact@luminesfox.com: IDLE notification received
2026-02-07 18:30:15,258 [INFO] 📨 contact@jakeberrimor.com: IDLE notification received
2026-02-07 18:30:16,122 [INFO] 📨 spam@jakeberrimor.com: IDLE notification received
2026-02-07 18:30:22,296 [INFO] 📨 a.parmeev@jakeberrimor.com: IDLE notification received
2026-02-07 18:30:44,340 [ERROR] ❌ contact@luminesfox.com: Connection error: The read operation timed out
2026-02-07 18:30:44,340 [INFO] 🔁 contact@luminesfox.com: Reconnecting in 5s...
2026-02-07 18:30:49,340 [INFO] 🔌 Connecting to contact@luminesfox.com@mail.hosting.reg.ru...
2026-02-07 18:30:50,163 [INFO] 📬 contact@luminesfox.com: Starting from UID 72
2026-02-07 18:30:50,208 [INFO] ✅ contact@luminesfox.com: IDLE monitoring active
2026-02-07 18:32:09,248 [INFO] 📨 contact@luminesfox.com: IDLE notification received
2026-02-07 18:32:09,603 [INFO] 📨 a.parmeev@jakeberrimor.com: IDLE notification received
2026-02-07 18:32:10,114 [INFO] 📨 dparmeev@luminesfox.com: IDLE notification received
2026-02-07 18:32:10,329 [INFO] 📨 contact@jakeberrimor.com: IDLE notification received
2026-02-07 18:32:24,343 [INFO] 📨 spam@jakeberrimor.com: IDLE notification received
2026-02-07 18:34:09,580 [INFO] 📨 contact@luminesfox.com: IDLE notification received
2026-02-07 18:34:09,847 [INFO] 📨 contact@jakeberrimor.com: IDLE notification received
2026-02-07 18:34:11,208 [INFO] 📨 dparmeev@luminesfox.com: IDLE notification received
2026-02-07 18:34:18,226 [INFO] 📨 spam@jakeberrimor.com: IDLE notification received
2026-02-07 18:34:24,184 [INFO] 📨 a.parmeev@jakeberrimor.com: IDLE notification received
2026-02-07 18:36:09,559 [INFO] 📨 dparmeev@luminesfox.com: IDLE notification received
2026-02-07 18:36:10,156 [INFO] 📨 contact@luminesfox.com: IDLE notification received
2026-02-07 18:36:13,217 [INFO] 📨 a.parmeev@jakeberrimor.com: IDLE notification received
2026-02-07 18:36:16,447 [INFO] 📨 spam@jakeberrimor.com: IDLE notification received
2026-02-07 18:36:16,451 [INFO] 📨 contact@jakeberrimor.com: IDLE notification received
2026-02-07 18:38:09,481 [INFO] 📨 contact@luminesfox.com: IDLE notification received
2026-02-07 18:38:09,527 [INFO] 📨 a.parmeev@jakeberrimor.com: IDLE notification received
2026-02-07 18:38:09,926 [INFO] 📨 dparmeev@luminesfox.com: IDLE notification received
2026-02-07 18:38:19,086 [INFO] 📨 spam@jakeberrimor.com: IDLE notification received
2026-02-07 18:38:25,143 [INFO] 📨 contact@jakeberrimor.com: IDLE notification received
2026-02-07 18:40:09,298 [INFO] 📨 dparmeev@luminesfox.com: IDLE notification received
2026-02-07 18:40:10,085 [INFO] 📨 contact@jakeberrimor.com: IDLE notification received
2026-02-07 18:40:16,199 [INFO] 📨 spam@jakeberrimor.com: IDLE notification received
2026-02-07 18:40:16,236 [INFO] 📨 a.parmeev@jakeberrimor.com: IDLE notification received
2026-02-07 18:40:22,200 [INFO] 📨 contact@luminesfox.com: IDLE notification received
2026-02-07 18:42:09,667 [INFO] 📨 dparmeev@luminesfox.com: IDLE notification received
2026-02-07 18:42:10,181 [INFO] 📨 contact@jakeberrimor.com: IDLE notification received
2026-02-07 18:42:24,404 [INFO] 📨 spam@jakeberrimor.com: IDLE notification received
2026-02-07 18:42:32,428 [INFO] 📨 a.parmeev@jakeberrimor.com: IDLE notification received
2026-02-07 18:42:49,170 [INFO] 📨 contact@luminesfox.com: IDLE notification received
2026-02-07 18:44:09,716 [INFO] 📨 a.parmeev@jakeberrimor.com: IDLE notification received
2026-02-07 18:44:14,708 [INFO] 📨 contact@luminesfox.com: IDLE notification received
2026-02-07 18:44:18,463 [INFO] 📨 spam@jakeberrimor.com: IDLE notification received
2026-02-07 18:44:19,473 [INFO] 📨 contact@jakeberrimor.com: IDLE notification received
2026-02-07 18:44:23,457 [INFO] 📨 dparmeev@luminesfox.com: IDLE notification received
2026-02-07 18:46:09,250 [INFO] 📨 dparmeev@luminesfox.com: IDLE notification received
2026-02-07 18:46:10,001 [INFO] 📨 contact@luminesfox.com: IDLE notification received
2026-02-07 18:46:10,074 [INFO] 📨 a.parmeev@jakeberrimor.com: IDLE notification received
2026-02-07 18:46:17,041 [INFO] 📨 contact@jakeberrimor.com: IDLE notification received
2026-02-07 18:46:31,076 [INFO] 📨 spam@jakeberrimor.com: IDLE notification received
2026-02-07 18:48:09,363 [INFO] 📨 a.parmeev@jakeberrimor.com: IDLE notification received
2026-02-07 18:48:09,627 [INFO] 📨 dparmeev@luminesfox.com: IDLE notification received
2026-02-07 18:48:14,160 [INFO] 📨 spam@jakeberrimor.com: IDLE notification received
2026-02-07 18:48:16,161 [INFO] 📨 contact@jakeberrimor.com: IDLE notification received
2026-02-07 18:48:25,166 [INFO] 📨 contact@luminesfox.com: IDLE notification received
2026-02-07 18:50:09,748 [INFO] 📨 contact@luminesfox.com: IDLE notification received
2026-02-07 18:50:09,995 [INFO] 📨 dparmeev@luminesfox.com: IDLE notification received
2026-02-07 18:50:10,290 [INFO] 📨 contact@jakeberrimor.com: IDLE notification received
2026-02-07 18:50:14,272 [INFO] 📨 spam@jakeberrimor.com: IDLE notification received
2026-02-07 18:50:36,096 [INFO] 📨 a.parmeev@jakeberrimor.com: IDLE notification received
2026-02-07 18:52:09,356 [INFO] 📨 dparmeev@luminesfox.com: IDLE notification received
2026-02-07 18:52:10,059 [INFO] 📨 contact@luminesfox.com: IDLE notification received
2026-02-07 18:52:13,165 [INFO] 📨 a.parmeev@jakeberrimor.com: IDLE notification received
2026-02-07 18:52:14,172 [INFO] 📨 spam@jakeberrimor.com: IDLE notification received
2026-02-07 18:52:18,671 [INFO] 📨 contact@jakeberrimor.com: IDLE notification received
2026-02-07 18:54:09,723 [INFO] 📨 dparmeev@luminesfox.com: IDLE notification received
2026-02-07 18:54:17,300 [INFO] 📨 spam@jakeberrimor.com: IDLE notification received
2026-02-07 18:54:17,300 [INFO] 📨 a.parmeev@jakeberrimor.com: IDLE notification received
2026-02-07 18:54:18,301 [INFO] 📨 contact@luminesfox.com: IDLE notification received
2026-02-07 18:54:29,340 [INFO] 📨 contact@jakeberrimor.com: IDLE notification received
2026-02-07 18:56:09,608 [INFO] 📨 contact@luminesfox.com: IDLE notification received
2026-02-07 18:56:09,628 [INFO] 📨 a.parmeev@jakeberrimor.com: IDLE notification received
2026-02-07 18:56:10,094 [INFO] 📨 dparmeev@luminesfox.com: IDLE notification received
2026-02-07 18:56:12,484 [INFO] 📨 spam@jakeberrimor.com: IDLE notification received
2026-02-07 18:56:22,432 [INFO] 📨 contact@jakeberrimor.com: IDLE notification received
2026-02-07 18:58:09,471 [INFO] 📨 dparmeev@luminesfox.com: IDLE notification received
2026-02-07 18:58:15,539 [INFO] 📨 contact@luminesfox.com: IDLE notification received
2026-02-07 18:58:18,533 [INFO] 📨 spam@jakeberrimor.com: IDLE notification received
2026-02-07 18:58:19,097 [INFO] 📨 contact@jakeberrimor.com: IDLE notification received
2026-02-07 18:58:37,099 [INFO] 📨 a.parmeev@jakeberrimor.com: IDLE notification received
2026-02-07 19:00:11,536 [INFO] 📨 contact@jakeberrimor.com: IDLE notification received
2026-02-07 19:00:12,715 [INFO] 📨 dparmeev@luminesfox.com: IDLE notification received
2026-02-07 19:00:18,174 [INFO] 📨 a.parmeev@jakeberrimor.com: IDLE notification received
2026-02-07 19:00:30,268 [INFO] 📨 spam@jakeberrimor.com: IDLE notification received
2026-02-07 19:00:30,273 [INFO] 📨 contact@luminesfox.com: IDLE notification received
2026-02-07 19:01:19,267 [ERROR] ❌ spam@jakeberrimor.com: Connection error: The read operation timed out
2026-02-07 19:01:19,267 [INFO] 🔁 spam@jakeberrimor.com: Reconnecting in 5s...
2026-02-07 19:01:24,267 [INFO] 🔌 Connecting to spam@jakeberrimor.com@mail.hosting.reg.ru...
2026-02-07 19:01:38,506 [INFO] 📬 spam@jakeberrimor.com: Starting from UID 489
2026-02-07 19:01:38,553 [INFO] ✅ spam@jakeberrimor.com: IDLE monitoring active
2026-02-07 19:02:09,488 [INFO] 📨 a.parmeev@jakeberrimor.com: IDLE notification received
2026-02-07 19:02:09,593 [INFO] 📨 contact@luminesfox.com: IDLE notification received
2026-02-07 19:02:10,118 [INFO] 📨 dparmeev@luminesfox.com: IDLE notification received
2026-02-07 19:02:26,334 [INFO] 📨 contact@jakeberrimor.com: IDLE notification received
2026-02-07 19:02:28,345 [INFO] 📨 spam@jakeberrimor.com: IDLE notification received
2026-02-07 19:04:09,507 [INFO] 📨 dparmeev@luminesfox.com: IDLE notification received
2026-02-07 19:04:09,912 [INFO] 📨 contact@luminesfox.com: IDLE notification received
2026-02-07 19:04:10,342 [INFO] 📨 spam@jakeberrimor.com: IDLE notification received
2026-02-07 19:04:14,332 [INFO] 📨 a.parmeev@jakeberrimor.com: IDLE notification received
2026-02-07 19:04:28,381 [INFO] 📨 contact@jakeberrimor.com: IDLE notification received
2026-02-07 19:06:09,216 [INFO] 📨 contact@luminesfox.com: IDLE notification received
2026-02-07 19:06:09,653 [INFO] 📨 a.parmeev@jakeberrimor.com: IDLE notification received
2026-02-07 19:06:09,692 [INFO] 📨 contact@jakeberrimor.com: IDLE notification received
2026-02-07 19:06:09,694 [INFO] 📨 spam@jakeberrimor.com: IDLE notification received
2026-02-07 19:06:29,440 [INFO] 📨 dparmeev@luminesfox.com: IDLE notification received
2026-02-07 19:08:09,692 [INFO] 📨 contact@luminesfox.com: IDLE notification received
2026-02-07 19:08:09,809 [INFO] 📨 dparmeev@luminesfox.com: IDLE notification received
2026-02-07 19:08:10,004 [INFO] 📨 a.parmeev@jakeberrimor.com: IDLE notification received
2026-02-07 19:08:12,080 [INFO] 📨 spam@jakeberrimor.com: IDLE notification received
2026-02-07 19:08:19,031 [INFO] 📨 contact@jakeberrimor.com: IDLE notification received
2026-02-07 19:10:09,140 [INFO] 📨 dparmeev@luminesfox.com: IDLE notification received
2026-02-07 19:10:09,352 [INFO] 📨 a.parmeev@jakeberrimor.com: IDLE notification received
2026-02-07 19:10:10,018 [INFO] 📨 contact@luminesfox.com: IDLE notification received
2026-02-07 19:10:15,077 [INFO] 📨 spam@jakeberrimor.com: IDLE notification received
2026-02-07 19:10:17,199 [INFO] 📨 contact@jakeberrimor.com: IDLE notification received
2026-02-07 19:12:09,357 [INFO] 📨 contact@luminesfox.com: IDLE notification received
2026-02-07 19:12:09,508 [INFO] 📨 contact@jakeberrimor.com: IDLE notification received
2026-02-07 19:12:09,520 [INFO] 📨 dparmeev@luminesfox.com: IDLE notification received
2026-02-07 19:12:09,679 [INFO] 📨 a.parmeev@jakeberrimor.com: IDLE notification received
2026-02-07 19:12:13,115 [INFO] 📨 spam@jakeberrimor.com: IDLE notification received
2026-02-07 19:14:09,916 [INFO] 📨 dparmeev@luminesfox.com: IDLE notification received
2026-02-07 19:14:10,025 [INFO] 📨 a.parmeev@jakeberrimor.com: IDLE notification received
2026-02-07 19:14:10,130 [INFO] 📨 contact@jakeberrimor.com: IDLE notification received
2026-02-07 19:14:18,579 [INFO] 📨 contact@luminesfox.com: IDLE notification received
2026-02-07 19:14:20,322 [INFO] 📨 spam@jakeberrimor.com: IDLE notification received
2026-02-07 19:16:09,330 [INFO] 📨 a.parmeev@jakeberrimor.com: IDLE notification received
2026-02-07 19:16:09,371 [INFO] 📨 dparmeev@luminesfox.com: IDLE notification received
2026-02-07 19:16:09,868 [INFO] 📨 contact@luminesfox.com: IDLE notification received
2026-02-07 19:16:19,232 [INFO] 📨 contact@jakeberrimor.com: IDLE notification received
2026-02-07 19:16:27,347 [INFO] 📨 spam@jakeberrimor.com: IDLE notification received
2026-02-07 19:18:09,186 [INFO] 📨 contact@luminesfox.com: IDLE notification received
2026-02-07 19:18:09,670 [INFO] 📨 a.parmeev@jakeberrimor.com: IDLE notification received
2026-02-07 19:18:09,683 [INFO] 📨 spam@jakeberrimor.com: IDLE notification received
2026-02-07 19:18:09,711 [INFO] 📨 dparmeev@luminesfox.com: IDLE notification received
2026-02-07 19:18:16,423 [INFO] 📨 contact@jakeberrimor.com: IDLE notification received
2026-02-07 19:33:09,590 [INFO] 🔄 contact@luminesfox.com: Periodic reconnect
2026-02-07 19:33:09,591 [ERROR] ❌ contact@luminesfox.com: Connection error: EOF occurred in violation of protocol (_ssl.c:2406)
2026-02-07 19:33:09,591 [INFO] 🔁 contact@luminesfox.com: Reconnecting in 5s...
2026-02-07 19:33:09,903 [INFO] 🔄 a.parmeev@jakeberrimor.com: Periodic reconnect
2026-02-07 19:33:09,903 [ERROR] ❌ a.parmeev@jakeberrimor.com: Connection error: EOF occurred in violation of protocol (_ssl.c:2406)
2026-02-07 19:33:09,903 [INFO] 🔁 a.parmeev@jakeberrimor.com: Reconnecting in 5s...
2026-02-07 19:33:10,004 [INFO] 🔄 spam@jakeberrimor.com: Periodic reconnect
2026-02-07 19:33:10,004 [ERROR] ❌ spam@jakeberrimor.com: Connection error: EOF occurred in violation of protocol (_ssl.c:2406)
2026-02-07 19:33:10,004 [INFO] 🔁 spam@jakeberrimor.com: Reconnecting in 5s...
2026-02-07 19:33:10,016 [INFO] 🔄 dparmeev@luminesfox.com: Periodic reconnect
2026-02-07 19:33:10,017 [ERROR] ❌ dparmeev@luminesfox.com: Connection error: EOF occurred in violation of protocol (_ssl.c:2406)
2026-02-07 19:33:10,017 [INFO] 🔁 dparmeev@luminesfox.com: Reconnecting in 5s...
2026-02-07 19:33:14,591 [INFO] 🔌 Connecting to contact@luminesfox.com@mail.hosting.reg.ru...
2026-02-07 19:33:14,904 [INFO] 🔌 Connecting to a.parmeev@jakeberrimor.com@mail.hosting.reg.ru...
2026-02-07 19:33:15,005 [INFO] 🔌 Connecting to spam@jakeberrimor.com@mail.hosting.reg.ru...
2026-02-07 19:33:15,017 [INFO] 🔌 Connecting to dparmeev@luminesfox.com@mail.hosting.reg.ru...
2026-02-07 19:33:16,653 [INFO] 🔄 contact@jakeberrimor.com: Periodic reconnect
2026-02-07 19:33:16,653 [ERROR] ❌ contact@jakeberrimor.com: Connection error: EOF occurred in violation of protocol (_ssl.c:2406)
2026-02-07 19:33:16,653 [INFO] 🔁 contact@jakeberrimor.com: Reconnecting in 5s...
2026-02-07 19:33:19,611 [INFO] 📬 spam@jakeberrimor.com: Starting from UID 489
2026-02-07 19:33:19,658 [INFO] ✅ spam@jakeberrimor.com: IDLE monitoring active
2026-02-07 19:33:19,730 [INFO] 📬 dparmeev@luminesfox.com: Starting from UID 2374
2026-02-07 19:33:19,777 [INFO] ✅ dparmeev@luminesfox.com: IDLE monitoring active
2026-02-07 19:33:21,653 [INFO] 🔌 Connecting to contact@jakeberrimor.com@mail.hosting.reg.ru...
2026-02-07 19:33:22,449 [INFO] 📬 contact@jakeberrimor.com: Starting from UID 423
2026-02-07 19:33:22,496 [INFO] ✅ contact@jakeberrimor.com: IDLE monitoring active
2026-02-07 19:33:23,427 [INFO] 📬 contact@luminesfox.com: Starting from UID 72
2026-02-07 19:33:23,475 [INFO] ✅ contact@luminesfox.com: IDLE monitoring active
2026-02-07 19:33:23,662 [INFO] 📬 a.parmeev@jakeberrimor.com: Starting from UID 14
2026-02-07 19:33:23,707 [INFO] ✅ a.parmeev@jakeberrimor.com: IDLE monitoring active
2026-02-07 19:34:09,688 [INFO] 📨 spam@jakeberrimor.com: IDLE notification received
2026-02-07 19:34:10,064 [INFO] 📨 dparmeev@luminesfox.com: IDLE notification received
2026-02-07 19:34:10,954 [INFO] 📨 contact@jakeberrimor.com: IDLE notification received
2026-02-07 19:34:19,250 [INFO] 📨 contact@luminesfox.com: IDLE notification received
2026-02-07 19:34:19,251 [INFO] 📨 a.parmeev@jakeberrimor.com: IDLE notification received
2026-02-07 19:36:09,468 [INFO] 📨 dparmeev@luminesfox.com: IDLE notification received
2026-02-07 19:36:09,531 [INFO] 📨 a.parmeev@jakeberrimor.com: IDLE notification received
2026-02-07 19:36:10,020 [INFO] 📨 spam@jakeberrimor.com: IDLE notification received
2026-02-07 19:36:10,357 [INFO] 📨 contact@jakeberrimor.com: IDLE notification received
2026-02-07 19:36:13,341 [INFO] 📨 contact@luminesfox.com: IDLE notification received
2026-02-07 19:38:09,343 [INFO] 📨 spam@jakeberrimor.com: IDLE notification received
2026-02-07 19:38:09,676 [INFO] 📨 contact@luminesfox.com: IDLE notification received
2026-02-07 19:38:09,716 [INFO] 📨 a.parmeev@jakeberrimor.com: IDLE notification received
2026-02-07 19:38:09,838 [INFO] 📨 dparmeev@luminesfox.com: IDLE notification received
2026-02-07 19:38:15,435 [INFO] 📨 contact@jakeberrimor.com: IDLE notification received
2026-02-07 19:40:11,492 [INFO] 📨 spam@jakeberrimor.com: IDLE notification received
2026-02-07 19:40:12,409 [INFO] 📨 contact@luminesfox.com: IDLE notification received
2026-02-07 19:40:12,409 [INFO] 📨 a.parmeev@jakeberrimor.com: IDLE notification received
2026-02-07 19:40:14,224 [INFO] 📨 dparmeev@luminesfox.com: IDLE notification received
2026-02-07 19:40:26,049 [INFO] 📨 contact@jakeberrimor.com: IDLE notification received
2026-02-07 19:42:09,596 [INFO] 📨 dparmeev@luminesfox.com: IDLE notification received
2026-02-07 19:42:22,336 [INFO] 📨 spam@jakeberrimor.com: IDLE notification received
2026-02-07 19:42:39,348 [INFO] 📨 contact@luminesfox.com: IDLE notification received
2026-02-07 19:42:39,348 [INFO] 📨 a.parmeev@jakeberrimor.com: IDLE notification received
2026-02-07 19:42:39,352 [INFO] 📨 contact@jakeberrimor.com: IDLE notification received
2026-02-07 19:44:09,940 [INFO] 📨 dparmeev@luminesfox.com: IDLE notification received
2026-02-07 19:44:23,427 [INFO] 📨 contact@jakeberrimor.com: IDLE notification received
2026-02-07 19:44:27,425 [INFO] 📨 spam@jakeberrimor.com: IDLE notification received
2026-02-07 19:44:29,437 [INFO] 📨 contact@luminesfox.com: IDLE notification received
2026-02-07 19:44:29,437 [INFO] 📨 a.parmeev@jakeberrimor.com: IDLE notification received
2026-02-07 19:46:16,353 [INFO] 📨 contact@luminesfox.com: IDLE notification received
2026-02-07 19:46:16,353 [INFO] 📨 a.parmeev@jakeberrimor.com: IDLE notification received
2026-02-07 19:46:17,364 [INFO] 📨 contact@jakeberrimor.com: IDLE notification received
2026-02-07 19:46:19,370 [INFO] 📨 spam@jakeberrimor.com: IDLE notification received
2026-02-07 19:46:33,346 [INFO] 📨 dparmeev@luminesfox.com: IDLE notification received
2026-02-07 19:48:12,207 [INFO] 📨 dparmeev@luminesfox.com: IDLE notification received
2026-02-07 19:48:14,190 [INFO] 📨 contact@luminesfox.com: IDLE notification received
2026-02-07 19:48:14,190 [INFO] 📨 a.parmeev@jakeberrimor.com: IDLE notification received
2026-02-07 19:48:24,216 [INFO] 📨 spam@jakeberrimor.com: IDLE notification received
2026-02-07 19:48:27,242 [INFO] 📨 contact@jakeberrimor.com: IDLE notification received
2026-02-07 19:50:13,296 [INFO] 📨 contact@jakeberrimor.com: IDLE notification received
2026-02-07 19:50:13,496 [INFO] 📨 spam@jakeberrimor.com: IDLE notification received
2026-02-07 19:50:16,295 [INFO] 📨 dparmeev@luminesfox.com: IDLE notification received
2026-02-07 19:50:16,297 [INFO] 📨 contact@luminesfox.com: IDLE notification received
2026-02-07 19:50:16,298 [INFO] 📨 a.parmeev@jakeberrimor.com: IDLE notification received
2026-02-07 19:50:46,557 [ERROR] ❌ dparmeev@luminesfox.com: Connection error: The read operation timed out
2026-02-07 19:50:46,557 [INFO] 🔁 dparmeev@luminesfox.com: Reconnecting in 5s...
2026-02-07 19:50:51,557 [INFO] 🔌 Connecting to dparmeev@luminesfox.com@mail.hosting.reg.ru...
2026-02-07 19:50:52,177 [INFO] 📬 dparmeev@luminesfox.com: Starting from UID 2374
2026-02-07 19:50:52,221 [INFO] ✅ dparmeev@luminesfox.com: IDLE monitoring active
2026-02-07 19:52:09,299 [INFO] 📨 dparmeev@luminesfox.com: IDLE notification received
2026-02-07 19:52:29,383 [INFO] 📨 contact@jakeberrimor.com: IDLE notification received
2026-02-07 19:52:29,415 [INFO] 📨 contact@luminesfox.com: IDLE notification received
2026-02-07 19:52:29,415 [INFO] 📨 a.parmeev@jakeberrimor.com: IDLE notification received
2026-02-07 19:52:31,382 [INFO] 📨 spam@jakeberrimor.com: IDLE notification received
2026-02-07 19:54:10,008 [INFO] 📨 dparmeev@luminesfox.com: IDLE notification received
2026-02-07 19:54:18,151 [INFO] 📨 contact@jakeberrimor.com: IDLE notification received
2026-02-07 19:54:18,177 [INFO] 📨 contact@luminesfox.com: IDLE notification received
2026-02-07 19:54:18,177 [INFO] 📨 a.parmeev@jakeberrimor.com: IDLE notification received
2026-02-07 19:54:24,159 [INFO] 📨 spam@jakeberrimor.com: IDLE notification received
2026-02-07 19:56:09,371 [INFO] 📨 dparmeev@luminesfox.com: IDLE notification received
2026-02-07 19:56:09,492 [INFO] 📨 spam@jakeberrimor.com: IDLE notification received
2026-02-07 19:56:19,275 [INFO] 📨 contact@jakeberrimor.com: IDLE notification received
2026-02-07 19:56:20,281 [INFO] 📨 contact@luminesfox.com: IDLE notification received
2026-02-07 19:56:20,283 [INFO] 📨 a.parmeev@jakeberrimor.com: IDLE notification received
2026-02-07 19:58:10,052 [INFO] 📨 dparmeev@luminesfox.com: IDLE notification received
2026-02-07 19:58:14,376 [INFO] 📨 spam@jakeberrimor.com: IDLE notification received
2026-02-07 19:58:21,386 [INFO] 📨 contact@jakeberrimor.com: IDLE notification received
2026-02-07 19:58:25,386 [INFO] 📨 contact@luminesfox.com: IDLE notification received
2026-02-07 19:58:25,387 [INFO] 📨 a.parmeev@jakeberrimor.com: IDLE notification received
2026-02-07 20:00:09,395 [INFO] 📨 dparmeev@luminesfox.com: IDLE notification received
2026-02-07 20:00:09,708 [INFO] 📨 spam@jakeberrimor.com: IDLE notification received
2026-02-07 20:00:14,384 [INFO] 📨 contact@luminesfox.com: IDLE notification received
2026-02-07 20:00:14,385 [INFO] 📨 a.parmeev@jakeberrimor.com: IDLE notification received
2026-02-07 20:00:27,490 [INFO] 📨 contact@jakeberrimor.com: IDLE notification received
2026-02-07 20:02:09,921 [INFO] 📨 dparmeev@luminesfox.com: IDLE notification received
2026-02-07 20:02:16,482 [INFO] 📨 contact@jakeberrimor.com: IDLE notification received
2026-02-07 20:02:17,490 [INFO] 📨 spam@jakeberrimor.com: IDLE notification received
2026-02-07 20:02:20,486 [INFO] 📨 contact@luminesfox.com: IDLE notification received
2026-02-07 20:02:20,486 [INFO] 📨 a.parmeev@jakeberrimor.com: IDLE notification received
2026-02-07 20:04:09,288 [INFO] 📨 dparmeev@luminesfox.com: IDLE notification received
2026-02-07 20:04:20,329 [INFO] 📨 contact@jakeberrimor.com: IDLE notification received
2026-02-07 20:04:24,336 [INFO] 📨 contact@luminesfox.com: IDLE notification received
2026-02-07 20:04:24,336 [INFO] 📨 a.parmeev@jakeberrimor.com: IDLE notification received
2026-02-07 20:04:25,320 [INFO] 📨 spam@jakeberrimor.com: IDLE notification received
2026-02-07 20:06:09,620 [INFO] 📨 dparmeev@luminesfox.com: IDLE notification received
2026-02-07 20:06:09,655 [INFO] 📨 spam@jakeberrimor.com: IDLE notification received
2026-02-07 20:06:14,388 [INFO] 📨 contact@jakeberrimor.com: IDLE notification received
2026-02-07 20:06:20,397 [INFO] 📨 contact@luminesfox.com: IDLE notification received
2026-02-07 20:06:20,397 [INFO] 📨 a.parmeev@jakeberrimor.com: IDLE notification received
2026-02-07 20:08:09,219 [INFO] 📨 dparmeev@luminesfox.com: IDLE notification received
2026-02-07 20:08:11,233 [INFO] 📨 spam@jakeberrimor.com: IDLE notification received
2026-02-07 20:08:40,483 [INFO] 📨 contact@jakeberrimor.com: IDLE notification received
2026-02-07 20:08:40,520 [INFO] 📨 contact@luminesfox.com: IDLE notification received
2026-02-07 20:08:40,521 [INFO] 📨 a.parmeev@jakeberrimor.com: IDLE notification received
2026-02-07 20:10:09,567 [INFO] 📨 spam@jakeberrimor.com: IDLE notification received
2026-02-07 20:10:10,008 [INFO] 📨 dparmeev@luminesfox.com: IDLE notification received
2026-02-07 20:10:18,298 [INFO] 📨 contact@jakeberrimor.com: IDLE notification received
2026-02-07 20:10:33,374 [INFO] 📨 contact@luminesfox.com: IDLE notification received
2026-02-07 20:10:33,374 [INFO] 📨 a.parmeev@jakeberrimor.com: IDLE notification received
2026-02-07 20:12:09,372 [INFO] 📨 dparmeev@luminesfox.com: IDLE notification received
2026-02-07 20:12:09,913 [INFO] 📨 spam@jakeberrimor.com: IDLE notification received
2026-02-07 20:12:10,664 [INFO] 📨 a.parmeev@jakeberrimor.com: IDLE notification received
2026-02-07 20:12:10,664 [INFO] 📨 contact@luminesfox.com: IDLE notification received
2026-02-07 20:12:11,357 [INFO] 📨 contact@jakeberrimor.com: IDLE notification received
2026-02-07 20:14:09,767 [INFO] 📨 dparmeev@luminesfox.com: IDLE notification received
2026-02-07 20:14:13,217 [INFO] 📨 contact@luminesfox.com: IDLE notification received
2026-02-07 20:14:13,218 [INFO] 📨 a.parmeev@jakeberrimor.com: IDLE notification received
2026-02-07 20:14:20,467 [INFO] 📨 spam@jakeberrimor.com: IDLE notification received
2026-02-07 20:14:23,208 [INFO] 📨 contact@jakeberrimor.com: IDLE notification received
2026-02-07 20:16:09,524 [INFO] 📨 dparmeev@luminesfox.com: IDLE notification received
2026-02-07 20:16:09,776 [INFO] 📨 spam@jakeberrimor.com: IDLE notification received
2026-02-07 20:16:19,330 [INFO] 📨 contact@luminesfox.com: IDLE notification received
2026-02-07 20:16:19,330 [INFO] 📨 a.parmeev@jakeberrimor.com: IDLE notification received
2026-02-07 20:16:33,262 [INFO] 📨 contact@jakeberrimor.com: IDLE notification received
2026-02-07 20:18:09,906 [INFO] 📨 dparmeev@luminesfox.com: IDLE notification received
2026-02-07 20:18:18,894 [INFO] 📨 contact@jakeberrimor.com: IDLE notification received
2026-02-07 20:18:20,374 [INFO] 📨 contact@luminesfox.com: IDLE notification received
2026-02-07 20:18:20,374 [INFO] 📨 a.parmeev@jakeberrimor.com: IDLE notification received
2026-02-07 20:18:28,380 [INFO] 📨 spam@jakeberrimor.com: IDLE notification received
2026-02-07 20:20:09,289 [INFO] 📨 dparmeev@luminesfox.com: IDLE notification received
2026-02-07 20:20:09,698 [INFO] 📨 spam@jakeberrimor.com: IDLE notification received
2026-02-07 20:20:12,984 [INFO] 📨 contact@jakeberrimor.com: IDLE notification received
2026-02-07 20:20:21,258 [INFO] 📨 a.parmeev@jakeberrimor.com: IDLE notification received
2026-02-07 20:20:21,258 [INFO] 📨 contact@luminesfox.com: IDLE notification received
2026-02-07 20:21:43,975 [INFO] 📨 dparmeev@luminesfox.com: IDLE notification received
2026-02-07 20:21:44,377 [INFO] 📥 Queued: dparmeev@luminesfox.com from LinkedIn <messages-noreply@linkedin.com> (buffer: 1)
2026-02-07 20:21:54,388 [INFO] ✅ Webhook sent: 1 event(s)
2026-02-07 20:22:09,448 [INFO] 📨 dparmeev@luminesfox.com: IDLE notification received
2026-02-07 20:22:10,056 [INFO] 📨 spam@jakeberrimor.com: IDLE notification received
2026-02-07 20:22:11,412 [INFO] 📨 contact@jakeberrimor.com: IDLE notification received
2026-02-07 20:22:11,449 [INFO] 📨 contact@luminesfox.com: IDLE notification received
2026-02-07 20:22:11,449 [INFO] 📨 a.parmeev@jakeberrimor.com: IDLE notification received
2026-02-07 20:24:09,981 [INFO] 📨 spam@jakeberrimor.com: IDLE notification received
2026-02-07 20:24:10,074 [INFO] 📨 dparmeev@luminesfox.com: IDLE notification received
2026-02-07 20:24:19,556 [INFO] 📨 contact@jakeberrimor.com: IDLE notification received
2026-02-07 20:24:26,529 [INFO] 📨 contact@luminesfox.com: IDLE notification received
2026-02-07 20:24:26,529 [INFO] 📨 a.parmeev@jakeberrimor.com: IDLE notification received
2026-02-07 20:26:09,861 [INFO] 📨 contact@luminesfox.com: IDLE notification received
2026-02-07 20:26:10,053 [INFO] 📨 dparmeev@luminesfox.com: IDLE notification received
2026-02-07 20:26:10,084 [INFO] 📨 spam@jakeberrimor.com: IDLE notification received
2026-02-07 20:26:10,089 [INFO] 📨 a.parmeev@jakeberrimor.com: IDLE notification received
2026-02-07 20:26:28,538 [INFO] 📨 contact@jakeberrimor.com: IDLE notification received
2026-02-07 20:28:09,415 [INFO] 📨 spam@jakeberrimor.com: IDLE notification received
2026-02-07 20:28:09,739 [INFO] 📨 dparmeev@luminesfox.com: IDLE notification received
2026-02-07 20:28:09,759 [INFO] 📨 contact@luminesfox.com: IDLE notification received
2026-02-07 20:28:09,761 [INFO] 📨 a.parmeev@jakeberrimor.com: IDLE notification received
2026-02-07 20:28:11,445 [INFO] 📨 contact@jakeberrimor.com: IDLE notification received
2026-02-07 20:30:09,208 [INFO] 📨 dparmeev@luminesfox.com: IDLE notification received
2026-02-07 20:30:09,759 [INFO] 📨 spam@jakeberrimor.com: IDLE notification received
2026-02-07 20:30:10,200 [INFO] 📨 contact@luminesfox.com: IDLE notification received
2026-02-07 20:30:10,201 [INFO] 📨 a.parmeev@jakeberrimor.com: IDLE notification received
2026-02-07 20:30:16,199 [INFO] 📨 contact@jakeberrimor.com: IDLE notification received
2026-02-07 20:32:09,648 [INFO] 📨 dparmeev@luminesfox.com: IDLE notification received
2026-02-07 20:32:10,122 [INFO] 📨 spam@jakeberrimor.com: IDLE notification received
2026-02-07 20:32:10,271 [INFO] 📨 contact@jakeberrimor.com: IDLE notification received
2026-02-07 20:32:22,289 [INFO] 📨 contact@luminesfox.com: IDLE notification received
2026-02-07 20:32:22,548 [INFO] 📨 a.parmeev@jakeberrimor.com: IDLE notification received
2026-02-07 20:34:09,452 [INFO] 📨 spam@jakeberrimor.com: IDLE notification received
2026-02-07 20:34:10,070 [INFO] 📨 dparmeev@luminesfox.com: IDLE notification received
2026-02-07 20:34:12,374 [INFO] 📨 contact@luminesfox.com: IDLE notification received
2026-02-07 20:34:12,890 [INFO] 📨 a.parmeev@jakeberrimor.com: IDLE notification received
2026-02-07 20:34:13,581 [INFO] 📨 contact@jakeberrimor.com: IDLE notification received
2026-02-07 20:36:09,220 [INFO] 📨 a.parmeev@jakeberrimor.com: IDLE notification received
2026-02-07 20:36:09,428 [INFO] 📨 dparmeev@luminesfox.com: IDLE notification received
2026-02-07 20:36:09,711 [INFO] 📨 contact@luminesfox.com: IDLE notification received
2026-02-07 20:36:09,815 [INFO] 📨 spam@jakeberrimor.com: IDLE notification received
2026-02-07 20:36:09,933 [INFO] 📨 contact@jakeberrimor.com: IDLE notification received
2026-02-07 20:38:09,829 [INFO] 📨 dparmeev@luminesfox.com: IDLE notification received
2026-02-07 20:38:13,046 [INFO] 📨 contact@luminesfox.com: IDLE notification received
2026-02-07 20:38:13,046 [INFO] 📨 a.parmeev@jakeberrimor.com: IDLE notification received
2026-02-07 20:38:20,324 [INFO] 📨 contact@jakeberrimor.com: IDLE notification received
2026-02-07 20:38:21,059 [INFO] 📨 spam@jakeberrimor.com: IDLE notification received
2026-02-07 20:40:09,219 [INFO] 📨 dparmeev@luminesfox.com: IDLE notification received
2026-02-07 20:40:09,367 [INFO] 📨 spam@jakeberrimor.com: IDLE notification received
2026-02-07 20:40:14,152 [INFO] 📨 contact@jakeberrimor.com: IDLE notification received
2026-02-07 20:40:25,150 [INFO] 📨 contact@luminesfox.com: IDLE notification received
2026-02-07 20:40:25,150 [INFO] 📨 a.parmeev@jakeberrimor.com: IDLE notification received
2026-02-07 20:42:09,452 [INFO] 📨 a.parmeev@jakeberrimor.com: IDLE notification received
2026-02-07 20:42:09,599 [INFO] 📨 dparmeev@luminesfox.com: IDLE notification received
2026-02-07 20:42:09,698 [INFO] 📨 spam@jakeberrimor.com: IDLE notification received
2026-02-07 20:42:09,728 [INFO] 📨 contact@luminesfox.com: IDLE notification received
2026-02-07 20:42:23,499 [INFO] 📨 contact@jakeberrimor.com: IDLE notification received
2026-02-07 20:44:09,979 [INFO] 📨 dparmeev@luminesfox.com: IDLE notification received
2026-02-07 20:44:10,037 [INFO] 📨 spam@jakeberrimor.com: IDLE notification received
2026-02-07 20:44:14,331 [INFO] 📨 contact@luminesfox.com: IDLE notification received
2026-02-07 20:44:14,331 [INFO] 📨 a.parmeev@jakeberrimor.com: IDLE notification received
2026-02-07 20:44:18,322 [INFO] 📨 contact@jakeberrimor.com: IDLE notification received
2026-02-07 20:46:09,338 [INFO] 📨 spam@jakeberrimor.com: IDLE notification received
2026-02-07 20:46:09,368 [INFO] 📨 dparmeev@luminesfox.com: IDLE notification received
2026-02-07 20:46:09,652 [INFO] 📨 a.parmeev@jakeberrimor.com: IDLE notification received
2026-02-07 20:46:10,251 [INFO] 📨 contact@luminesfox.com: IDLE notification received
2026-02-07 20:46:10,269 [INFO] 📨 contact@jakeberrimor.com: IDLE notification received
2026-02-07 20:48:09,637 [INFO] 📨 contact@jakeberrimor.com: IDLE notification received
2026-02-07 20:48:09,643 [INFO] 📨 contact@luminesfox.com: IDLE notification received
2026-02-07 20:48:09,664 [INFO] 📨 spam@jakeberrimor.com: IDLE notification received
2026-02-07 20:48:09,739 [INFO] 📨 dparmeev@luminesfox.com: IDLE notification received
2026-02-07 20:48:21,434 [INFO] 📨 a.parmeev@jakeberrimor.com: IDLE notification received
2026-02-07 20:50:09,180 [INFO] 📨 dparmeev@luminesfox.com: IDLE notification received
2026-02-07 20:50:16,077 [INFO] 📨 contact@jakeberrimor.com: IDLE notification received
2026-02-07 20:50:18,079 [INFO] 📨 spam@jakeberrimor.com: IDLE notification received
2026-02-07 20:50:19,090 [INFO] 📨 contact@luminesfox.com: IDLE notification received
2026-02-07 20:50:19,090 [INFO] 📨 a.parmeev@jakeberrimor.com: IDLE notification received
2026-02-07 20:52:09,402 [INFO] 📨 spam@jakeberrimor.com: IDLE notification received
2026-02-07 20:52:10,350 [INFO] 📨 contact@jakeberrimor.com: IDLE notification received
2026-02-07 20:52:10,351 [INFO] 📨 dparmeev@luminesfox.com: IDLE notification received
2026-02-07 20:52:17,353 [INFO] 📨 contact@luminesfox.com: IDLE notification received
2026-02-07 20:52:17,611 [INFO] 📨 a.parmeev@jakeberrimor.com: IDLE notification received
2026-02-07 20:52:47,432 [ERROR] ❌ contact@luminesfox.com: Connection error: The read operation timed out
2026-02-07 20:52:47,432 [INFO] 🔁 contact@luminesfox.com: Reconnecting in 5s...
2026-02-07 20:52:47,641 [ERROR] ❌ a.parmeev@jakeberrimor.com: Connection error: The read operation timed out
2026-02-07 20:52:47,641 [INFO] 🔁 a.parmeev@jakeberrimor.com: Reconnecting in 5s...
2026-02-07 20:52:52,432 [INFO] 🔌 Connecting to contact@luminesfox.com@mail.hosting.reg.ru...
2026-02-07 20:52:52,641 [INFO] 🔌 Connecting to a.parmeev@jakeberrimor.com@mail.hosting.reg.ru...
2026-02-07 20:52:53,081 [INFO] 📬 contact@luminesfox.com: Starting from UID 72
2026-02-07 20:52:53,129 [INFO] ✅ contact@luminesfox.com: IDLE monitoring active
2026-02-07 20:52:53,207 [INFO] 📬 a.parmeev@jakeberrimor.com: Starting from UID 14
2026-02-07 20:52:53,251 [INFO] ✅ a.parmeev@jakeberrimor.com: IDLE monitoring active
2026-02-07 20:54:09,328 [INFO] 📨 a.parmeev@jakeberrimor.com: IDLE notification received
2026-02-07 20:54:10,479 [INFO] 📨 contact@jakeberrimor.com: IDLE notification received
2026-02-07 20:54:11,034 [INFO] 📨 spam@jakeberrimor.com: IDLE notification received
2026-02-07 20:54:11,480 [INFO] 📨 contact@luminesfox.com: IDLE notification received
2026-02-07 20:54:17,328 [INFO] 📨 dparmeev@luminesfox.com: IDLE notification received
2026-02-07 20:56:09,659 [INFO] 📨 a.parmeev@jakeberrimor.com: IDLE notification received
2026-02-07 20:56:10,428 [INFO] 📨 contact@jakeberrimor.com: IDLE notification received
2026-02-07 20:56:10,457 [INFO] 📨 dparmeev@luminesfox.com: IDLE notification received
2026-02-07 20:56:10,495 [INFO] 📨 contact@luminesfox.com: IDLE notification received
2026-02-07 20:56:40,250 [INFO] 📨 spam@jakeberrimor.com: IDLE notification received
2026-02-07 20:58:09,603 [INFO] 📨 dparmeev@luminesfox.com: IDLE notification received
2026-02-07 20:58:09,715 [INFO] 📨 a.parmeev@jakeberrimor.com: IDLE notification received
2026-02-07 20:58:11,409 [INFO] 📨 contact@jakeberrimor.com: IDLE notification received
2026-02-07 20:58:29,472 [INFO] 📨 spam@jakeberrimor.com: IDLE notification received
2026-02-07 20:58:34,467 [INFO] 📨 contact@luminesfox.com: IDLE notification received
2026-02-07 21:00:09,992 [INFO] 📨 dparmeev@luminesfox.com: IDLE notification received
2026-02-07 21:00:10,313 [INFO] 📨 a.parmeev@jakeberrimor.com: IDLE notification received
2026-02-07 21:00:10,740 [INFO] 📨 contact@luminesfox.com: IDLE notification received
2026-02-07 21:00:13,407 [INFO] 📨 spam@jakeberrimor.com: IDLE notification received
2026-02-07 21:00:32,740 [INFO] 📨 contact@jakeberrimor.com: IDLE notification received
2026-02-07 21:02:09,626 [INFO] 📨 a.parmeev@jakeberrimor.com: IDLE notification received
2026-02-07 21:02:09,659 [INFO] 📨 dparmeev@luminesfox.com: IDLE notification received
2026-02-07 21:02:13,301 [INFO] 📨 contact@jakeberrimor.com: IDLE notification received
2026-02-07 21:02:25,442 [INFO] 📨 contact@luminesfox.com: IDLE notification received
2026-02-07 21:02:28,442 [INFO] 📨 spam@jakeberrimor.com: IDLE notification received
2026-02-07 21:04:09,668 [INFO] 📨 contact@jakeberrimor.com: IDLE notification received
2026-02-07 21:04:09,938 [INFO] 📨 a.parmeev@jakeberrimor.com: IDLE notification received
2026-02-07 21:04:11,095 [INFO] 📨 contact@luminesfox.com: IDLE notification received
2026-02-07 21:04:19,296 [INFO] 📨 spam@jakeberrimor.com: IDLE notification received
2026-02-07 21:04:25,335 [INFO] 📨 dparmeev@luminesfox.com: IDLE notification received
2026-02-07 21:06:09,198 [INFO] 📨 a.parmeev@jakeberrimor.com: IDLE notification received
2026-02-07 21:06:09,754 [INFO] 📨 dparmeev@luminesfox.com: IDLE notification received
2026-02-07 21:06:10,436 [INFO] 📨 spam@jakeberrimor.com: IDLE notification received
2026-02-07 21:06:12,413 [INFO] 📨 contact@jakeberrimor.com: IDLE notification received
2026-02-07 21:06:15,414 [INFO] 📨 contact@luminesfox.com: IDLE notification received
2026-02-07 21:08:09,152 [INFO] 📨 dparmeev@luminesfox.com: IDLE notification received
2026-02-07 21:08:09,498 [INFO] 📨 a.parmeev@jakeberrimor.com: IDLE notification received
2026-02-07 21:08:11,519 [INFO] 📨 spam@jakeberrimor.com: IDLE notification received
2026-02-07 21:08:15,114 [INFO] 📨 contact@jakeberrimor.com: IDLE notification received
2026-02-07 21:08:17,528 [INFO] 📨 contact@luminesfox.com: IDLE notification received
2026-02-07 21:10:09,996 [INFO] 📨 a.parmeev@jakeberrimor.com: IDLE notification received
2026-02-07 21:10:10,116 [INFO] 📨 dparmeev@luminesfox.com: IDLE notification received
2026-02-07 21:10:15,136 [INFO] 📨 spam@jakeberrimor.com: IDLE notification received
2026-02-07 21:10:15,634 [INFO] 📨 contact@luminesfox.com: IDLE notification received
2026-02-07 21:10:27,145 [INFO] 📨 contact@jakeberrimor.com: IDLE notification received
2026-02-07 21:12:09,331 [INFO] 📨 a.parmeev@jakeberrimor.com: IDLE notification received
2026-02-07 21:12:10,048 [INFO] 📨 dparmeev@luminesfox.com: IDLE notification received
2026-02-07 21:12:12,228 [INFO] 📨 contact@luminesfox.com: IDLE notification received
2026-02-07 21:12:24,225 [INFO] 📨 spam@jakeberrimor.com: IDLE notification received
2026-02-07 21:12:29,124 [INFO] 📨 contact@jakeberrimor.com: IDLE notification received
2026-02-07 21:14:09,371 [INFO] 📨 dparmeev@luminesfox.com: IDLE notification received
2026-02-07 21:14:09,451 [INFO] 📨 contact@jakeberrimor.com: IDLE notification received
2026-02-07 21:14:09,667 [INFO] 📨 a.parmeev@jakeberrimor.com: IDLE notification received
2026-02-07 21:14:15,617 [INFO] 📨 contact@luminesfox.com: IDLE notification received
2026-02-07 21:14:26,342 [INFO] 📨 spam@jakeberrimor.com: IDLE notification received
2026-02-07 21:16:09,802 [INFO] 📨 contact@jakeberrimor.com: IDLE notification received
2026-02-07 21:16:09,859 [INFO] 📨 dparmeev@luminesfox.com: IDLE notification received
2026-02-07 21:16:11,510 [INFO] 📨 spam@jakeberrimor.com: IDLE notification received
2026-02-07 21:16:11,772 [INFO] 📨 contact@luminesfox.com: IDLE notification received
2026-02-07 21:16:17,513 [INFO] 📨 a.parmeev@jakeberrimor.com: IDLE notification received
2026-02-07 21:18:09,249 [INFO] 📨 dparmeev@luminesfox.com: IDLE notification received
2026-02-07 21:18:09,835 [INFO] 📨 contact@jakeberrimor.com: IDLE notification received
2026-02-07 21:18:10,059 [INFO] 📨 a.parmeev@jakeberrimor.com: IDLE notification received
2026-02-07 21:18:13,047 [INFO] 📨 contact@luminesfox.com: IDLE notification received
2026-02-07 21:18:17,555 [INFO] 📨 spam@jakeberrimor.com: IDLE notification received
2026-02-07 21:20:09,374 [INFO] 📨 a.parmeev@jakeberrimor.com: IDLE notification received
2026-02-07 21:20:09,965 [INFO] 📨 dparmeev@luminesfox.com: IDLE notification received
2026-02-07 21:20:12,143 [INFO] 📨 spam@jakeberrimor.com: IDLE notification received
2026-02-07 21:20:12,146 [INFO] 📨 contact@jakeberrimor.com: IDLE notification received
2026-02-07 21:20:18,153 [INFO] 📨 contact@luminesfox.com: IDLE notification received
2026-02-07 21:22:09,436 [INFO] 📨 dparmeev@luminesfox.com: IDLE notification received
2026-02-07 21:22:09,712 [INFO] 📨 a.parmeev@jakeberrimor.com: IDLE notification received
2026-02-07 21:22:12,358 [INFO] 📨 spam@jakeberrimor.com: IDLE notification received
2026-02-07 21:22:26,470 [INFO] 📨 contact@luminesfox.com: IDLE notification received
2026-02-07 21:22:32,728 [INFO] 📨 contact@jakeberrimor.com: IDLE notification received
2026-02-07 21:24:09,843 [INFO] 📨 dparmeev@luminesfox.com: IDLE notification received
2026-02-07 21:24:10,014 [INFO] 📨 a.parmeev@jakeberrimor.com: IDLE notification received
2026-02-07 21:24:12,135 [INFO] 📨 contact@luminesfox.com: IDLE notification received
2026-02-07 21:24:13,202 [INFO] 📨 contact@jakeberrimor.com: IDLE notification received
2026-02-07 21:24:14,204 [INFO] 📨 spam@jakeberrimor.com: IDLE notification received
2026-02-07 21:24:43,409 [ERROR] ❌ contact@jakeberrimor.com: Connection error: The read operation timed out
2026-02-07 21:24:43,409 [INFO] 🔁 contact@jakeberrimor.com: Reconnecting in 5s...
2026-02-07 21:24:48,409 [INFO] 🔌 Connecting to contact@jakeberrimor.com@mail.hosting.reg.ru...
2026-02-07 21:24:49,474 [INFO] 📬 contact@jakeberrimor.com: Starting from UID 423
2026-02-07 21:24:49,518 [INFO] ✅ contact@jakeberrimor.com: IDLE monitoring active
2026-02-07 21:26:09,218 [INFO] 📨 dparmeev@luminesfox.com: IDLE notification received
2026-02-07 21:26:09,340 [INFO] 📨 a.parmeev@jakeberrimor.com: IDLE notification received
2026-02-07 21:26:11,420 [INFO] 📨 contact@jakeberrimor.com: IDLE notification received
2026-02-07 21:26:17,478 [INFO] 📨 contact@luminesfox.com: IDLE notification received
2026-02-07 21:26:20,662 [INFO] 📨 spam@jakeberrimor.com: IDLE notification received
2026-02-07 21:28:09,964 [INFO] 📨 dparmeev@luminesfox.com: IDLE notification received
2026-02-07 21:28:10,240 [INFO] 📨 spam@jakeberrimor.com: IDLE notification received
2026-02-07 21:28:10,243 [INFO] 📨 a.parmeev@jakeberrimor.com: IDLE notification received
2026-02-07 21:28:11,348 [INFO] 📨 contact@jakeberrimor.com: IDLE notification received
2026-02-07 21:28:25,286 [INFO] 📨 contact@luminesfox.com: IDLE notification received
2026-02-07 21:30:09,346 [INFO] 📨 a.parmeev@jakeberrimor.com: IDLE notification received
2026-02-07 21:30:09,544 [INFO] 📨 dparmeev@luminesfox.com: IDLE notification received
2026-02-07 21:30:15,093 [INFO] 📨 contact@jakeberrimor.com: IDLE notification received
2026-02-07 21:30:19,141 [INFO] 📨 spam@jakeberrimor.com: IDLE notification received
2026-02-07 21:30:33,149 [INFO] 📨 contact@luminesfox.com: IDLE notification received
2026-02-07 21:31:03,474 [ERROR] ❌ contact@luminesfox.com: Connection error: The read operation timed out
2026-02-07 21:31:03,474 [INFO] 🔁 contact@luminesfox.com: Reconnecting in 5s...
2026-02-07 21:31:08,474 [INFO] 🔌 Connecting to contact@luminesfox.com@mail.hosting.reg.ru...
2026-02-07 21:31:09,096 [INFO] 📬 contact@luminesfox.com: Starting from UID 72
2026-02-07 21:31:09,141 [INFO] ✅ contact@luminesfox.com: IDLE monitoring active
2026-02-07 21:32:09,202 [INFO] 📨 contact@luminesfox.com: IDLE notification received
2026-02-07 21:32:09,937 [INFO] 📨 a.parmeev@jakeberrimor.com: IDLE notification received
2026-02-07 21:32:10,000 [INFO] 📨 dparmeev@luminesfox.com: IDLE notification received
2026-02-07 21:32:11,456 [INFO] 📨 spam@jakeberrimor.com: IDLE notification received
2026-02-07 21:32:12,438 [INFO] 📨 contact@jakeberrimor.com: IDLE notification received
2026-02-07 21:34:09,407 [INFO] 📨 dparmeev@luminesfox.com: IDLE notification received
2026-02-07 21:34:09,499 [INFO] 📨 contact@luminesfox.com: IDLE notification received
2026-02-07 21:34:18,068 [INFO] 📨 a.parmeev@jakeberrimor.com: IDLE notification received
2026-02-07 21:34:21,058 [INFO] 📨 contact@jakeberrimor.com: IDLE notification received
2026-02-07 21:34:22,060 [INFO] 📨 spam@jakeberrimor.com: IDLE notification received
2026-02-07 21:36:09,359 [INFO] 📨 a.parmeev@jakeberrimor.com: IDLE notification received
2026-02-07 21:36:09,819 [INFO] 📨 contact@luminesfox.com: IDLE notification received
2026-02-07 21:36:10,075 [INFO] 📨 dparmeev@luminesfox.com: IDLE notification received
2026-02-07 21:36:11,172 [INFO] 📨 contact@jakeberrimor.com: IDLE notification received
2026-02-07 21:36:13,164 [INFO] 📨 spam@jakeberrimor.com: IDLE notification received
2026-02-07 21:38:09,161 [INFO] 📨 contact@luminesfox.com: IDLE notification received
2026-02-07 21:38:09,478 [INFO] 📨 contact@jakeberrimor.com: IDLE notification received
2026-02-07 21:38:09,957 [INFO] 📨 a.parmeev@jakeberrimor.com: IDLE notification received
2026-02-07 21:38:11,500 [INFO] 📨 dparmeev@luminesfox.com: IDLE notification received
2026-02-07 21:38:33,279 [INFO] 📨 spam@jakeberrimor.com: IDLE notification received
2026-02-07 21:40:09,279 [INFO] 📨 a.parmeev@jakeberrimor.com: IDLE notification received
2026-02-07 21:40:09,512 [INFO] 📨 contact@luminesfox.com: IDLE notification received
2026-02-07 21:40:09,516 [INFO] 📨 spam@jakeberrimor.com: IDLE notification received
2026-02-07 21:40:23,390 [INFO] 📨 dparmeev@luminesfox.com: IDLE notification received
2026-02-07 21:40:37,499 [INFO] 📨 contact@jakeberrimor.com: IDLE notification received
2026-02-07 21:42:09,568 [INFO] 📨 a.parmeev@jakeberrimor.com: IDLE notification received
2026-02-07 21:42:09,752 [INFO] 📨 dparmeev@luminesfox.com: IDLE notification received
2026-02-07 21:42:09,847 [INFO] 📨 contact@luminesfox.com: IDLE notification received
2026-02-07 21:42:13,181 [INFO] 📨 spam@jakeberrimor.com: IDLE notification received
2026-02-07 21:42:14,501 [INFO] 📨 contact@jakeberrimor.com: IDLE notification received
2026-02-07 21:44:09,189 [INFO] 📨 contact@luminesfox.com: IDLE notification received
2026-02-07 21:44:09,368 [INFO] 📨 a.parmeev@jakeberrimor.com: IDLE notification received
2026-02-07 21:44:10,171 [INFO] 📨 dparmeev@luminesfox.com: IDLE notification received
2026-02-07 21:44:11,362 [INFO] 📨 spam@jakeberrimor.com: IDLE notification received
2026-02-07 21:44:35,280 [INFO] 📨 contact@jakeberrimor.com: IDLE notification received
2026-02-07 21:46:09,535 [INFO] 📨 dparmeev@luminesfox.com: IDLE notification received
2026-02-07 21:46:09,674 [INFO] 📨 a.parmeev@jakeberrimor.com: IDLE notification received
2026-02-07 21:46:11,112 [INFO] 📨 contact@jakeberrimor.com: IDLE notification received
2026-02-07 21:46:16,322 [INFO] 📨 contact@luminesfox.com: IDLE notification received
2026-02-07 21:46:18,457 [INFO] 📨 spam@jakeberrimor.com: IDLE notification received
2026-02-07 21:48:09,435 [INFO] 📨 contact@jakeberrimor.com: IDLE notification received
2026-02-07 21:48:09,919 [INFO] 📨 dparmeev@luminesfox.com: IDLE notification received
2026-02-07 21:48:09,946 [INFO] 📨 a.parmeev@jakeberrimor.com: IDLE notification received
2026-02-07 21:48:24,417 [INFO] 📨 spam@jakeberrimor.com: IDLE notification received
2026-02-07 21:48:24,417 [INFO] 📨 contact@luminesfox.com: IDLE notification received
2026-02-07 21:50:09,252 [INFO] 📨 a.parmeev@jakeberrimor.com: IDLE notification received
2026-02-07 21:50:09,309 [INFO] 📨 dparmeev@luminesfox.com: IDLE notification received
2026-02-07 21:50:09,783 [INFO] 📨 contact@jakeberrimor.com: IDLE notification received
2026-02-07 21:50:10,528 [INFO] 📨 spam@jakeberrimor.com: IDLE notification received
2026-02-07 21:50:25,039 [INFO] 📨 contact@luminesfox.com: IDLE notification received
2026-02-07 21:52:09,509 [INFO] 📨 a.parmeev@jakeberrimor.com: IDLE notification received
2026-02-07 21:52:09,747 [INFO] 📨 dparmeev@luminesfox.com: IDLE notification received
2026-02-07 21:52:10,071 [INFO] 📨 contact@luminesfox.com: IDLE notification received
2026-02-07 21:52:10,108 [INFO] 📨 spam@jakeberrimor.com: IDLE notification received
2026-02-07 21:52:10,114 [INFO] 📨 contact@jakeberrimor.com: IDLE notification received
2026-02-07 21:54:09,443 [INFO] 📨 contact@jakeberrimor.com: IDLE notification received
2026-02-07 21:54:09,851 [INFO] 📨 a.parmeev@jakeberrimor.com: IDLE notification received
2026-02-07 21:54:09,871 [INFO] 📨 contact@luminesfox.com: IDLE notification received
2026-02-07 21:54:10,123 [INFO] 📨 dparmeev@luminesfox.com: IDLE notification received
2026-02-07 21:54:12,422 [INFO] 📨 spam@jakeberrimor.com: IDLE notification received
2026-02-07 21:56:09,213 [INFO] 📨 contact@luminesfox.com: IDLE notification received
2026-02-07 21:56:09,396 [INFO] 📨 a.parmeev@jakeberrimor.com: IDLE notification received
2026-02-07 21:56:09,816 [INFO] 📨 dparmeev@luminesfox.com: IDLE notification received
2026-02-07 21:56:10,052 [INFO] 📨 spam@jakeberrimor.com: IDLE notification received
2026-02-07 21:56:32,533 [INFO] 📨 contact@jakeberrimor.com: IDLE notification received
2026-02-07 21:58:09,531 [INFO] 📨 contact@luminesfox.com: IDLE notification received
2026-02-07 21:58:09,687 [INFO] 📨 dparmeev@luminesfox.com: IDLE notification received
2026-02-07 21:58:11,317 [INFO] 📨 spam@jakeberrimor.com: IDLE notification received
2026-02-07 21:58:21,469 [INFO] 📨 contact@jakeberrimor.com: IDLE notification received
2026-02-07 21:58:26,354 [INFO] 📨 a.parmeev@jakeberrimor.com: IDLE notification received
2026-02-07 22:00:09,138 [INFO] 📨 dparmeev@luminesfox.com: IDLE notification received
2026-02-07 22:00:09,686 [INFO] 📨 a.parmeev@jakeberrimor.com: IDLE notification received
2026-02-07 22:00:09,996 [INFO] 📨 spam@jakeberrimor.com: IDLE notification received
2026-02-07 22:00:10,190 [INFO] 📨 contact@luminesfox.com: IDLE notification received
2026-02-07 22:00:17,658 [INFO] 📨 contact@jakeberrimor.com: IDLE notification received
2026-02-07 22:02:09,134 [INFO] 📨 a.parmeev@jakeberrimor.com: IDLE notification received
2026-02-07 22:02:09,388 [INFO] 📨 spam@jakeberrimor.com: IDLE notification received
2026-02-07 22:02:09,546 [INFO] 📨 contact@luminesfox.com: IDLE notification received
2026-02-07 22:02:10,165 [INFO] 📨 contact@jakeberrimor.com: IDLE notification received
2026-02-07 22:02:22,034 [INFO] 📨 dparmeev@luminesfox.com: IDLE notification received
2026-02-07 22:04:09,420 [INFO] 📨 dparmeev@luminesfox.com: IDLE notification received
2026-02-07 22:04:09,458 [INFO] 📨 a.parmeev@jakeberrimor.com: IDLE notification received
2026-02-07 22:04:09,879 [INFO] 📨 contact@luminesfox.com: IDLE notification received
2026-02-07 22:04:29,434 [INFO] 📨 spam@jakeberrimor.com: IDLE notification received
2026-02-07 22:04:37,480 [INFO] 📨 contact@jakeberrimor.com: IDLE notification received
2026-02-07 22:05:07,673 [ERROR] ❌ contact@jakeberrimor.com: Connection error: The read operation timed out
2026-02-07 22:05:07,673 [INFO] 🔁 contact@jakeberrimor.com: Reconnecting in 5s...
2026-02-07 22:05:12,673 [INFO] 🔌 Connecting to contact@jakeberrimor.com@mail.hosting.reg.ru...
2026-02-07 22:05:34,898 [INFO] 📬 contact@jakeberrimor.com: Starting from UID 423
2026-02-07 22:05:34,942 [INFO] ✅ contact@jakeberrimor.com: IDLE monitoring active
2026-02-07 22:06:09,247 [INFO] 📨 contact@luminesfox.com: IDLE notification received
2026-02-07 22:06:10,079 [INFO] 📨 dparmeev@luminesfox.com: IDLE notification received
2026-02-07 22:06:10,279 [INFO] 📨 a.parmeev@jakeberrimor.com: IDLE notification received
2026-02-07 22:06:10,310 [INFO] 📨 spam@jakeberrimor.com: IDLE notification received
2026-02-07 22:06:16,434 [INFO] 📨 contact@jakeberrimor.com: IDLE notification received
2026-02-07 22:08:09,126 [INFO] 📨 dparmeev@luminesfox.com: IDLE notification received
2026-02-07 22:08:09,324 [INFO] 📨 a.parmeev@jakeberrimor.com: IDLE notification received
2026-02-07 22:08:09,581 [INFO] 📨 contact@luminesfox.com: IDLE notification received
2026-02-07 22:08:14,619 [INFO] 📨 contact@jakeberrimor.com: IDLE notification received
2026-02-07 22:08:16,030 [INFO] 📨 spam@jakeberrimor.com: IDLE notification received
2026-02-07 22:10:09,663 [INFO] 📨 a.parmeev@jakeberrimor.com: IDLE notification received
2026-02-07 22:10:09,853 [INFO] 📨 dparmeev@luminesfox.com: IDLE notification received
2026-02-07 22:10:14,330 [INFO] 📨 spam@jakeberrimor.com: IDLE notification received
2026-02-07 22:10:16,336 [INFO] 📨 contact@jakeberrimor.com: IDLE notification received
2026-02-07 22:10:18,320 [INFO] 📨 contact@luminesfox.com: IDLE notification received
2026-02-07 22:12:09,271 [INFO] 📨 a.parmeev@jakeberrimor.com: IDLE notification received
2026-02-07 22:12:09,988 [INFO] 📨 contact@luminesfox.com: IDLE notification received
2026-02-07 22:12:10,429 [INFO] 📨 dparmeev@luminesfox.com: IDLE notification received
2026-02-07 22:12:15,436 [INFO] 📨 contact@jakeberrimor.com: IDLE notification received
2026-02-07 22:12:23,437 [INFO] 📨 spam@jakeberrimor.com: IDLE notification received
2026-02-07 22:14:09,768 [INFO] 📨 spam@jakeberrimor.com: IDLE notification received
2026-02-07 22:14:10,013 [INFO] 📨 dparmeev@luminesfox.com: IDLE notification received
2026-02-07 22:14:10,092 [INFO] 📨 a.parmeev@jakeberrimor.com: IDLE notification received
2026-02-07 22:14:13,471 [INFO] 📨 contact@luminesfox.com: IDLE notification received
2026-02-07 22:14:19,477 [INFO] 📨 contact@jakeberrimor.com: IDLE notification received
2026-02-07 22:14:39,598 [INFO] 📨 a.parmeev@jakeberrimor.com: IDLE notification received
2026-02-07 22:14:39,822 [INFO] 📥 Queued: a.parmeev@jakeberrimor.com from GitHub <noreply@github.com> (buffer: 1)
2026-02-07 22:14:49,831 [INFO] ✅ Webhook sent: 1 event(s)
2026-02-07 22:16:09,197 [INFO] 📨 contact@luminesfox.com: IDLE notification received
2026-02-07 22:16:09,607 [INFO] 📨 spam@jakeberrimor.com: IDLE notification received
2026-02-07 22:16:09,825 [INFO] 📨 dparmeev@luminesfox.com: IDLE notification received
2026-02-07 22:16:09,933 [INFO] 📨 a.parmeev@jakeberrimor.com: IDLE notification received
2026-02-07 22:16:10,391 [INFO] 📨 contact@jakeberrimor.com: IDLE notification received
2026-02-07 22:16:23,532 [INFO] 📨 dparmeev@luminesfox.com: IDLE notification received
2026-02-07 22:16:24,634 [INFO] 📥 Queued: dparmeev@luminesfox.com from LinkedIn <messages-noreply@linkedin.com> (buffer: 1)
2026-02-07 22:16:34,642 [INFO] ✅ Webhook sent: 1 event(s)
2026-02-07 22:18:09,459 [INFO] 📨 spam@jakeberrimor.com: IDLE notification received
2026-02-07 22:18:09,518 [INFO] 📨 contact@luminesfox.com: IDLE notification received
2026-02-07 22:18:10,024 [INFO] 📨 contact@jakeberrimor.com: IDLE notification received
2026-02-07 22:18:24,290 [INFO] 📨 dparmeev@luminesfox.com: IDLE notification received
2026-02-07 22:18:26,138 [INFO] 📨 a.parmeev@jakeberrimor.com: IDLE notification received
2026-02-07 22:20:09,447 [INFO] 📨 a.parmeev@jakeberrimor.com: IDLE notification received
2026-02-07 22:20:09,688 [INFO] 📨 dparmeev@luminesfox.com: IDLE notification received
2026-02-07 22:20:09,984 [INFO] 📨 spam@jakeberrimor.com: IDLE notification received
2026-02-07 22:20:12,405 [INFO] 📨 contact@jakeberrimor.com: IDLE notification received
2026-02-07 22:20:13,365 [INFO] 📨 contact@luminesfox.com: IDLE notification received
2026-02-07 22:22:09,543 [INFO] 📨 spam@jakeberrimor.com: IDLE notification received
2026-02-07 22:22:09,701 [INFO] 📨 contact@luminesfox.com: IDLE notification received
2026-02-07 22:22:09,742 [INFO] 📨 a.parmeev@jakeberrimor.com: IDLE notification received
2026-02-07 22:22:10,067 [INFO] 📨 dparmeev@luminesfox.com: IDLE notification received
2026-02-07 22:22:18,471 [INFO] 📨 contact@jakeberrimor.com: IDLE notification received
2026-02-07 22:24:09,128 [INFO] 📨 spam@jakeberrimor.com: IDLE notification received
2026-02-07 22:24:09,291 [INFO] 📨 a.parmeev@jakeberrimor.com: IDLE notification received
2026-02-07 22:24:09,577 [INFO] 📨 dparmeev@luminesfox.com: IDLE notification received
2026-02-07 22:24:10,243 [INFO] 📨 contact@luminesfox.com: IDLE notification received
2026-02-07 22:24:23,040 [INFO] 📨 contact@jakeberrimor.com: IDLE notification received
2026-02-07 22:26:09,466 [INFO] 📨 spam@jakeberrimor.com: IDLE notification received
2026-02-07 22:26:09,873 [INFO] 📨 a.parmeev@jakeberrimor.com: IDLE notification received
2026-02-07 22:26:10,041 [INFO] 📨 dparmeev@luminesfox.com: IDLE notification received
2026-02-07 22:26:11,173 [INFO] 📨 contact@jakeberrimor.com: IDLE notification received
2026-02-07 22:26:20,155 [INFO] 📨 contact@luminesfox.com: IDLE notification received
2026-02-07 22:28:09,183 [INFO] 📨 a.parmeev@jakeberrimor.com: IDLE notification received
2026-02-07 22:28:09,470 [INFO] 📨 contact@luminesfox.com: IDLE notification received
2026-02-07 22:28:09,989 [INFO] 📨 dparmeev@luminesfox.com: IDLE notification received
2026-02-07 22:28:12,503 [INFO] 📨 contact@jakeberrimor.com: IDLE notification received
2026-02-07 22:28:21,111 [INFO] 📨 spam@jakeberrimor.com: IDLE notification received
2026-02-07 22:30:09,427 [INFO] 📨 dparmeev@luminesfox.com: IDLE notification received
2026-02-07 22:30:09,647 [INFO] 📨 spam@jakeberrimor.com: IDLE notification received
2026-02-07 22:30:09,798 [INFO] 📨 contact@luminesfox.com: IDLE notification received
2026-02-07 22:30:10,006 [INFO] 📨 a.parmeev@jakeberrimor.com: IDLE notification received
2026-02-07 22:30:18,112 [INFO] 📨 contact@jakeberrimor.com: IDLE notification received
2026-02-07 22:32:09,396 [INFO] 📨 contact@jakeberrimor.com: IDLE notification received
2026-02-07 22:32:09,654 [INFO] 📨 contact@luminesfox.com: IDLE notification received
2026-02-07 22:32:10,225 [INFO] 📨 a.parmeev@jakeberrimor.com: IDLE notification received
2026-02-07 22:32:11,063 [INFO] 📨 spam@jakeberrimor.com: IDLE notification received
2026-02-07 22:32:16,197 [INFO] 📨 dparmeev@luminesfox.com: IDLE notification received
2026-02-07 22:34:09,216 [INFO] 📨 contact@luminesfox.com: IDLE notification received
2026-02-07 22:34:09,357 [INFO] 📨 contact@jakeberrimor.com: IDLE notification received
2026-02-07 22:34:09,657 [INFO] 📨 a.parmeev@jakeberrimor.com: IDLE notification received
2026-02-07 22:34:09,797 [INFO] 📨 spam@jakeberrimor.com: IDLE notification received
2026-02-07 22:34:09,860 [INFO] 📨 dparmeev@luminesfox.com: IDLE notification received
2026-02-07 22:36:09,104 [INFO] 📨 spam@jakeberrimor.com: IDLE notification received
2026-02-07 22:36:09,309 [INFO] 📨 dparmeev@luminesfox.com: IDLE notification received
2026-02-07 22:36:09,518 [INFO] 📨 contact@luminesfox.com: IDLE notification received
2026-02-07 22:36:10,221 [INFO] 📨 a.parmeev@jakeberrimor.com: IDLE notification received
2026-02-07 22:36:21,335 [INFO] 📨 contact@jakeberrimor.com: IDLE notification received
2026-02-07 22:38:09,255 [INFO] 📨 a.parmeev@jakeberrimor.com: IDLE notification received
2026-02-07 22:38:09,418 [INFO] 📨 spam@jakeberrimor.com: IDLE notification received
2026-02-07 22:38:09,819 [INFO] 📨 dparmeev@luminesfox.com: IDLE notification received
2026-02-07 22:38:10,113 [INFO] 📨 contact@luminesfox.com: IDLE notification received
2026-02-07 22:38:11,185 [INFO] 📨 contact@jakeberrimor.com: IDLE notification received
2026-02-07 22:40:09,607 [INFO] 📨 dparmeev@luminesfox.com: IDLE notification received
2026-02-07 22:40:09,759 [INFO] 📨 spam@jakeberrimor.com: IDLE notification received
2026-02-07 22:40:12,502 [INFO] 📨 contact@jakeberrimor.com: IDLE notification received
2026-02-07 22:40:13,484 [INFO] 📨 a.parmeev@jakeberrimor.com: IDLE notification received
2026-02-07 22:40:23,500 [INFO] 📨 contact@luminesfox.com: IDLE notification received
2026-02-07 22:42:09,216 [INFO] 📨 dparmeev@luminesfox.com: IDLE notification received
2026-02-07 22:42:09,286 [INFO] 📨 spam@jakeberrimor.com: IDLE notification received
2026-02-07 22:42:09,816 [INFO] 📨 contact@luminesfox.com: IDLE notification received
2026-02-07 22:42:15,328 [INFO] 📨 a.parmeev@jakeberrimor.com: IDLE notification received
2026-02-07 22:42:18,334 [INFO] 📨 contact@jakeberrimor.com: IDLE notification received
2026-02-07 22:44:09,420 [INFO] 📨 contact@luminesfox.com: IDLE notification received
2026-02-07 22:44:09,494 [INFO] 📨 contact@jakeberrimor.com: IDLE notification received
2026-02-07 22:44:10,168 [INFO] 📨 dparmeev@luminesfox.com: IDLE notification received
2026-02-07 22:44:16,183 [INFO] 📨 a.parmeev@jakeberrimor.com: IDLE notification received
2026-02-07 22:44:16,185 [INFO] 📨 spam@jakeberrimor.com: IDLE notification received
2026-02-07 22:46:09,361 [INFO] 📨 dparmeev@luminesfox.com: IDLE notification received
2026-02-07 22:46:09,449 [INFO] 📨 a.parmeev@jakeberrimor.com: IDLE notification received
2026-02-07 22:46:10,001 [INFO] 📨 contact@luminesfox.com: IDLE notification received
2026-02-07 22:46:10,269 [INFO] 📨 contact@jakeberrimor.com: IDLE notification received
2026-02-07 22:46:19,552 [INFO] 📨 spam@jakeberrimor.com: IDLE notification received
2026-02-07 22:48:09,890 [INFO] 📨 spam@jakeberrimor.com: IDLE notification received
2026-02-07 22:48:10,044 [INFO] 📨 a.parmeev@jakeberrimor.com: IDLE notification received
2026-02-07 22:48:10,094 [INFO] 📨 dparmeev@luminesfox.com: IDLE notification received
2026-02-07 22:48:10,376 [INFO] 📨 contact@jakeberrimor.com: IDLE notification received
2026-02-07 22:48:23,381 [INFO] 📨 contact@luminesfox.com: IDLE notification received
2026-02-07 22:50:09,383 [INFO] 📨 a.parmeev@jakeberrimor.com: IDLE notification received
2026-02-07 22:50:09,878 [INFO] 📨 dparmeev@luminesfox.com: IDLE notification received
2026-02-07 22:50:09,953 [INFO] 📨 contact@luminesfox.com: IDLE notification received
2026-02-07 22:50:11,705 [INFO] 📨 spam@jakeberrimor.com: IDLE notification received
2026-02-07 22:50:27,528 [INFO] 📨 contact@jakeberrimor.com: IDLE notification received
2026-02-07 22:52:09,406 [INFO] 📨 dparmeev@luminesfox.com: IDLE notification received
2026-02-07 22:52:10,051 [INFO] 📨 spam@jakeberrimor.com: IDLE notification received
2026-02-07 22:52:10,214 [INFO] 📨 a.parmeev@jakeberrimor.com: IDLE notification received
2026-02-07 22:52:22,993 [INFO] 📨 contact@luminesfox.com: IDLE notification received
2026-02-07 22:52:35,520 [INFO] 📨 contact@jakeberrimor.com: IDLE notification received
2026-02-07 22:54:09,318 [INFO] 📨 contact@luminesfox.com: IDLE notification received
2026-02-07 22:54:09,548 [INFO] 📨 a.parmeev@jakeberrimor.com: IDLE notification received
2026-02-07 22:54:10,101 [INFO] 📨 dparmeev@luminesfox.com: IDLE notification received
2026-02-07 22:54:14,046 [INFO] 📨 contact@jakeberrimor.com: IDLE notification received
2026-02-07 22:54:15,523 [INFO] 📨 spam@jakeberrimor.com: IDLE notification received
2026-02-07 22:56:09,283 [INFO] 📨 dparmeev@luminesfox.com: IDLE notification received
2026-02-07 22:56:09,849 [INFO] 📨 a.parmeev@jakeberrimor.com: IDLE notification received
2026-02-07 22:56:15,522 [INFO] 📨 contact@luminesfox.com: IDLE notification received
2026-02-07 22:56:17,866 [INFO] 📨 spam@jakeberrimor.com: IDLE notification received
2026-02-07 22:56:27,526 [INFO] 📨 contact@jakeberrimor.com: IDLE notification received
2026-02-07 22:56:57,852 [ERROR] ❌ contact@jakeberrimor.com: Connection error: The read operation timed out
2026-02-07 22:56:57,853 [INFO] 🔁 contact@jakeberrimor.com: Reconnecting in 5s...
2026-02-07 22:57:02,853 [INFO] 🔌 Connecting to contact@jakeberrimor.com@mail.hosting.reg.ru...
2026-02-07 22:57:03,675 [INFO] 📬 contact@jakeberrimor.com: Starting from UID 423
2026-02-07 22:57:03,719 [INFO] ✅ contact@jakeberrimor.com: IDLE monitoring active
2026-02-07 22:58:09,204 [INFO] 📨 spam@jakeberrimor.com: IDLE notification received
2026-02-07 22:58:09,411 [INFO] 📨 a.parmeev@jakeberrimor.com: IDLE notification received
2026-02-07 22:58:09,691 [INFO] 📨 dparmeev@luminesfox.com: IDLE notification received
2026-02-07 22:58:09,771 [INFO] 📨 contact@jakeberrimor.com: IDLE notification received
2026-02-07 22:58:09,830 [INFO] 📨 contact@luminesfox.com: IDLE notification received
2026-02-07 23:00:09,467 [INFO] 📨 spam@jakeberrimor.com: IDLE notification received
2026-02-07 23:00:09,590 [INFO] 📨 dparmeev@luminesfox.com: IDLE notification received
2026-02-07 23:00:09,691 [INFO] 📨 a.parmeev@jakeberrimor.com: IDLE notification received
2026-02-07 23:00:10,116 [INFO] 📨 contact@jakeberrimor.com: IDLE notification received
2026-02-07 23:00:30,392 [INFO] 📨 contact@luminesfox.com: IDLE notification received
2026-02-07 23:02:09,352 [INFO] 📨 dparmeev@luminesfox.com: IDLE notification received
2026-02-07 23:02:09,446 [INFO] 📨 contact@jakeberrimor.com: IDLE notification received
2026-02-07 23:02:10,007 [INFO] 📨 a.parmeev@jakeberrimor.com: IDLE notification received
2026-02-07 23:02:10,173 [INFO] 📨 contact@luminesfox.com: IDLE notification received
2026-02-07 23:02:18,492 [INFO] 📨 spam@jakeberrimor.com: IDLE notification received
2026-02-07 23:04:09,281 [INFO] 📨 spam@jakeberrimor.com: IDLE notification received
2026-02-07 23:04:09,339 [INFO] 📨 a.parmeev@jakeberrimor.com: IDLE notification received
2026-02-07 23:04:09,555 [INFO] 📨 contact@luminesfox.com: IDLE notification received
2026-02-07 23:04:09,808 [INFO] 📨 dparmeev@luminesfox.com: IDLE notification received
2026-02-07 23:04:20,490 [INFO] 📨 contact@jakeberrimor.com: IDLE notification received
2026-02-07 23:06:09,199 [INFO] 📨 contact@luminesfox.com: IDLE notification received
2026-02-07 23:06:09,363 [INFO] 📨 dparmeev@luminesfox.com: IDLE notification received
2026-02-07 23:06:09,684 [INFO] 📨 a.parmeev@jakeberrimor.com: IDLE notification received
2026-02-07 23:06:13,532 [INFO] 📨 spam@jakeberrimor.com: IDLE notification received
2026-02-07 23:06:20,035 [INFO] 📨 contact@jakeberrimor.com: IDLE notification received
2026-02-07 23:08:09,532 [INFO] 📨 contact@luminesfox.com: IDLE notification received
2026-02-07 23:08:09,896 [INFO] 📨 dparmeev@luminesfox.com: IDLE notification received
2026-02-07 23:08:09,993 [INFO] 📨 a.parmeev@jakeberrimor.com: IDLE notification received
2026-02-07 23:08:21,146 [INFO] 📨 contact@jakeberrimor.com: IDLE notification received
2026-02-07 23:08:21,161 [INFO] 📨 spam@jakeberrimor.com: IDLE notification received
2026-02-07 23:10:09,336 [INFO] 📨 dparmeev@luminesfox.com: IDLE notification received
2026-02-07 23:10:09,479 [INFO] 📨 contact@jakeberrimor.com: IDLE notification received
2026-02-07 23:10:09,728 [INFO] 📨 spam@jakeberrimor.com: IDLE notification received
2026-02-07 23:10:09,866 [INFO] 📨 contact@luminesfox.com: IDLE notification received
2026-02-07 23:10:16,478 [INFO] 📨 a.parmeev@jakeberrimor.com: IDLE notification received
2026-02-07 23:12:09,183 [INFO] 📨 contact@luminesfox.com: IDLE notification received
2026-02-07 23:12:09,256 [INFO] 📨 spam@jakeberrimor.com: IDLE notification received
2026-02-07 23:12:09,784 [INFO] 📨 a.parmeev@jakeberrimor.com: IDLE notification received
2026-02-07 23:12:10,058 [INFO] 📨 contact@jakeberrimor.com: IDLE notification received
2026-02-07 23:12:11,442 [INFO] 📨 dparmeev@luminesfox.com: IDLE notification received
2026-02-07 23:14:09,364 [INFO] 📨 contact@jakeberrimor.com: IDLE notification received
2026-02-07 23:14:09,378 [INFO] 📨 a.parmeev@jakeberrimor.com: IDLE notification received
2026-02-07 23:14:09,524 [INFO] 📨 contact@luminesfox.com: IDLE notification received
2026-02-07 23:14:09,579 [INFO] 📨 spam@jakeberrimor.com: IDLE notification received
2026-02-07 23:14:10,075 [INFO] 📨 dparmeev@luminesfox.com: IDLE notification received
2026-02-07 23:16:09,716 [INFO] 📨 contact@jakeberrimor.com: IDLE notification received
2026-02-07 23:16:09,739 [INFO] 📨 dparmeev@luminesfox.com: IDLE notification received
2026-02-07 23:16:09,843 [INFO] 📨 contact@luminesfox.com: IDLE notification received
2026-02-07 23:16:09,908 [INFO] 📨 spam@jakeberrimor.com: IDLE notification received
2026-02-07 23:16:09,923 [INFO] 📨 a.parmeev@jakeberrimor.com: IDLE notification received
2026-02-07 23:18:09,181 [INFO] 📨 contact@luminesfox.com: IDLE notification received
2026-02-07 23:18:09,442 [INFO] 📨 dparmeev@luminesfox.com: IDLE notification received
2026-02-07 23:18:09,492 [INFO] 📨 spam@jakeberrimor.com: IDLE notification received
2026-02-07 23:18:10,043 [INFO] 📨 contact@jakeberrimor.com: IDLE notification received
2026-02-07 23:18:22,322 [INFO] 📨 a.parmeev@jakeberrimor.com: IDLE notification received
2026-02-07 23:33:09,619 [INFO] 🔄 contact@luminesfox.com: Periodic reconnect
2026-02-07 23:33:09,619 [ERROR] ❌ contact@luminesfox.com: Connection error: EOF occurred in violation of protocol (_ssl.c:2406)
2026-02-07 23:33:09,619 [INFO] 🔁 contact@luminesfox.com: Reconnecting in 5s...
2026-02-07 23:33:09,739 [INFO] 🔄 spam@jakeberrimor.com: Periodic reconnect
2026-02-07 23:33:09,739 [ERROR] ❌ spam@jakeberrimor.com: Connection error: EOF occurred in violation of protocol (_ssl.c:2406)
2026-02-07 23:33:09,739 [INFO] 🔁 spam@jakeberrimor.com: Reconnecting in 5s...
2026-02-07 23:33:10,117 [INFO] 🔄 dparmeev@luminesfox.com: Periodic reconnect
2026-02-07 23:33:10,118 [ERROR] ❌ dparmeev@luminesfox.com: Connection error: EOF occurred in violation of protocol (_ssl.c:2406)
2026-02-07 23:33:10,118 [INFO] 🔁 dparmeev@luminesfox.com: Reconnecting in 5s...
2026-02-07 23:33:10,265 [INFO] 🔄 contact@jakeberrimor.com: Periodic reconnect
2026-02-07 23:33:10,266 [ERROR] ❌ contact@jakeberrimor.com: Connection error: EOF occurred in violation of protocol (_ssl.c:2406)
2026-02-07 23:33:10,266 [INFO] 🔁 contact@jakeberrimor.com: Reconnecting in 5s...
2026-02-07 23:33:14,619 [INFO] 🔌 Connecting to contact@luminesfox.com@mail.hosting.reg.ru...
2026-02-07 23:33:14,740 [INFO] 🔌 Connecting to spam@jakeberrimor.com@mail.hosting.reg.ru...
2026-02-07 23:33:15,118 [INFO] 🔌 Connecting to dparmeev@luminesfox.com@mail.hosting.reg.ru...
2026-02-07 23:33:15,219 [INFO] 📬 contact@luminesfox.com: Starting from UID 72
2026-02-07 23:33:15,265 [INFO] ✅ contact@luminesfox.com: IDLE monitoring active
2026-02-07 23:33:15,266 [INFO] 🔌 Connecting to contact@jakeberrimor.com@mail.hosting.reg.ru...
2026-02-07 23:33:15,311 [INFO] 📬 spam@jakeberrimor.com: Starting from UID 489
2026-02-07 23:33:15,355 [INFO] ✅ spam@jakeberrimor.com: IDLE monitoring active
2026-02-07 23:33:15,794 [INFO] 📬 dparmeev@luminesfox.com: Starting from UID 2376
2026-02-07 23:33:15,838 [INFO] ✅ dparmeev@luminesfox.com: IDLE monitoring active
2026-02-07 23:33:16,903 [INFO] 📬 contact@jakeberrimor.com: Starting from UID 423
2026-02-07 23:33:16,950 [INFO] ✅ contact@jakeberrimor.com: IDLE monitoring active
2026-02-07 23:33:22,545 [INFO] 🔄 a.parmeev@jakeberrimor.com: Periodic reconnect
2026-02-07 23:33:22,545 [ERROR] ❌ a.parmeev@jakeberrimor.com: Connection error: EOF occurred in violation of protocol (_ssl.c:2406)
2026-02-07 23:33:22,545 [INFO] 🔁 a.parmeev@jakeberrimor.com: Reconnecting in 5s...
2026-02-07 23:33:27,545 [INFO] 🔌 Connecting to a.parmeev@jakeberrimor.com@mail.hosting.reg.ru...
2026-02-07 23:33:28,204 [INFO] 📬 a.parmeev@jakeberrimor.com: Starting from UID 15
2026-02-07 23:33:28,251 [INFO] ✅ a.parmeev@jakeberrimor.com: IDLE monitoring active
2026-02-07 23:34:09,317 [INFO] 📨 contact@luminesfox.com: IDLE notification received
2026-02-07 23:34:09,546 [INFO] 📨 a.parmeev@jakeberrimor.com: IDLE notification received
2026-02-07 23:34:09,855 [INFO] 📨 dparmeev@luminesfox.com: IDLE notification received
2026-02-07 23:34:10,003 [INFO] 📨 contact@jakeberrimor.com: IDLE notification received
2026-02-07 23:34:10,447 [INFO] 📨 spam@jakeberrimor.com: IDLE notification received
2026-02-07 23:36:09,198 [INFO] 📨 dparmeev@luminesfox.com: IDLE notification received
2026-02-07 23:36:09,336 [INFO] 📨 contact@jakeberrimor.com: IDLE notification received
2026-02-07 23:36:09,664 [INFO] 📨 contact@luminesfox.com: IDLE notification received
2026-02-07 23:36:09,874 [INFO] 📨 a.parmeev@jakeberrimor.com: IDLE notification received
2026-02-07 23:36:10,006 [INFO] 📨 spam@jakeberrimor.com: IDLE notification received
2026-02-07 23:38:09,212 [INFO] 📨 a.parmeev@jakeberrimor.com: IDLE notification received
2026-02-07 23:38:09,289 [INFO] 📨 contact@jakeberrimor.com: IDLE notification received
2026-02-07 23:38:09,560 [INFO] 📨 dparmeev@luminesfox.com: IDLE notification received
2026-02-07 23:38:09,999 [INFO] 📨 contact@luminesfox.com: IDLE notification received
2026-02-07 23:38:10,395 [INFO] 📨 spam@jakeberrimor.com: IDLE notification received
2026-02-07 23:40:09,296 [INFO] 📨 contact@luminesfox.com: IDLE notification received
2026-02-07 23:40:09,617 [INFO] 📨 contact@jakeberrimor.com: IDLE notification received
2026-02-07 23:40:09,707 [INFO] 📨 spam@jakeberrimor.com: IDLE notification received
2026-02-07 23:40:09,883 [INFO] 📨 dparmeev@luminesfox.com: IDLE notification received
2026-02-07 23:40:11,437 [INFO] 📨 a.parmeev@jakeberrimor.com: IDLE notification received
2026-02-07 23:42:09,272 [INFO] 📨 dparmeev@luminesfox.com: IDLE notification received
2026-02-07 23:42:09,619 [INFO] 📨 contact@luminesfox.com: IDLE notification received
2026-02-07 23:42:09,735 [INFO] 📨 a.parmeev@jakeberrimor.com: IDLE notification received
2026-02-07 23:42:09,938 [INFO] 📨 contact@jakeberrimor.com: IDLE notification received
2026-02-07 23:42:21,153 [INFO] 📨 spam@jakeberrimor.com: IDLE notification received
2026-02-07 23:44:09,642 [INFO] 📨 dparmeev@luminesfox.com: IDLE notification received
2026-02-07 23:44:09,963 [INFO] 📨 contact@luminesfox.com: IDLE notification received
2026-02-07 23:44:10,057 [INFO] 📨 a.parmeev@jakeberrimor.com: IDLE notification received
2026-02-07 23:44:15,138 [INFO] 📨 spam@jakeberrimor.com: IDLE notification received
2026-02-07 23:44:20,138 [INFO] 📨 contact@jakeberrimor.com: IDLE notification received
2026-02-07 23:46:09,283 [INFO] 📨 dparmeev@luminesfox.com: IDLE notification received
2026-02-07 23:46:09,294 [INFO] 📨 contact@luminesfox.com: IDLE notification received
2026-02-07 23:46:09,410 [INFO] 📨 a.parmeev@jakeberrimor.com: IDLE notification received
2026-02-07 23:46:09,477 [INFO] 📨 contact@jakeberrimor.com: IDLE notification received
2026-02-07 23:46:22,483 [INFO] 📨 spam@jakeberrimor.com: IDLE notification received
2026-02-07 23:48:09,192 [INFO] 📨 dparmeev@luminesfox.com: IDLE notification received
2026-02-07 23:48:09,614 [INFO] 📨 contact@luminesfox.com: IDLE notification received
2026-02-07 23:48:10,051 [INFO] 📨 contact@jakeberrimor.com: IDLE notification received
2026-02-07 23:48:12,075 [INFO] 📨 a.parmeev@jakeberrimor.com: IDLE notification received
2026-02-07 23:48:22,091 [INFO] 📨 spam@jakeberrimor.com: IDLE notification received
2026-02-07 23:48:52,293 [ERROR] ❌ spam@jakeberrimor.com: Connection error: The read operation timed out
2026-02-07 23:48:52,293 [INFO] 🔁 spam@jakeberrimor.com: Reconnecting in 5s...
2026-02-07 23:48:57,294 [INFO] 🔌 Connecting to spam@jakeberrimor.com@mail.hosting.reg.ru...
2026-02-07 23:48:57,866 [INFO] 📬 spam@jakeberrimor.com: Starting from UID 489
2026-02-07 23:48:57,910 [INFO] ✅ spam@jakeberrimor.com: IDLE monitoring active
2026-02-07 23:50:09,362 [INFO] 📨 contact@jakeberrimor.com: IDLE notification received
2026-02-07 23:50:09,393 [INFO] 📨 a.parmeev@jakeberrimor.com: IDLE notification received
2026-02-07 23:50:09,595 [INFO] 📨 dparmeev@luminesfox.com: IDLE notification received
2026-02-07 23:50:09,929 [INFO] 📨 contact@luminesfox.com: IDLE notification received
2026-02-07 23:50:19,192 [INFO] 📨 spam@jakeberrimor.com: IDLE notification received
2026-02-07 23:52:09,278 [INFO] 📨 contact@luminesfox.com: IDLE notification received
2026-02-07 23:52:09,405 [INFO] 📨 spam@jakeberrimor.com: IDLE notification received
2026-02-07 23:52:09,725 [INFO] 📨 a.parmeev@jakeberrimor.com: IDLE notification received
2026-02-07 23:52:10,034 [INFO] 📨 dparmeev@luminesfox.com: IDLE notification received
2026-02-07 23:52:10,303 [INFO] 📨 contact@jakeberrimor.com: IDLE notification received
2026-02-07 23:54:09,601 [INFO] 📨 contact@luminesfox.com: IDLE notification received
2026-02-07 23:54:09,807 [INFO] 📨 dparmeev@luminesfox.com: IDLE notification received
2026-02-07 23:54:09,971 [INFO] 📨 spam@jakeberrimor.com: IDLE notification received
2026-02-07 23:54:09,987 [INFO] 📨 a.parmeev@jakeberrimor.com: IDLE notification received
2026-02-07 23:54:10,028 [INFO] 📨 contact@jakeberrimor.com: IDLE notification received
2026-02-07 23:56:09,179 [INFO] 📨 dparmeev@luminesfox.com: IDLE notification received
2026-02-07 23:56:09,280 [INFO] 📨 spam@jakeberrimor.com: IDLE notification received
2026-02-07 23:56:09,378 [INFO] 📨 contact@jakeberrimor.com: IDLE notification received
2026-02-07 23:56:09,928 [INFO] 📨 contact@luminesfox.com: IDLE notification received
2026-02-07 23:56:10,075 [INFO] 📨 a.parmeev@jakeberrimor.com: IDLE notification received
2026-02-07 23:58:09,274 [INFO] 📨 contact@luminesfox.com: IDLE notification received
2026-02-07 23:58:09,338 [INFO] 📨 a.parmeev@jakeberrimor.com: IDLE notification received
2026-02-07 23:58:09,619 [INFO] 📨 spam@jakeberrimor.com: IDLE notification received
2026-02-07 23:58:09,669 [INFO] 📨 contact@jakeberrimor.com: IDLE notification received
2026-02-07 23:58:10,287 [INFO] 📨 dparmeev@luminesfox.com: IDLE notification received
2026-02-08 00:00:09,569 [INFO] 📨 contact@luminesfox.com: IDLE notification received
2026-02-08 00:00:09,646 [INFO] 📨 dparmeev@luminesfox.com: IDLE notification received
2026-02-08 00:00:09,902 [INFO] 📨 a.parmeev@jakeberrimor.com: IDLE notification received
2026-02-08 00:00:09,969 [INFO] 📨 spam@jakeberrimor.com: IDLE notification received
2026-02-08 00:00:21,464 [INFO] 📨 contact@jakeberrimor.com: IDLE notification received
2026-02-08 00:02:09,501 [INFO] 📨 a.parmeev@jakeberrimor.com: IDLE notification received
2026-02-08 00:02:09,773 [INFO] 📨 contact@jakeberrimor.com: IDLE notification received
2026-02-08 00:02:09,896 [INFO] 📨 contact@luminesfox.com: IDLE notification received
2026-02-08 00:02:10,019 [INFO] 📨 dparmeev@luminesfox.com: IDLE notification received
2026-02-08 00:02:19,101 [INFO] 📨 spam@jakeberrimor.com: IDLE notification received
2026-02-08 00:04:09,265 [INFO] 📨 contact@jakeberrimor.com: IDLE notification received
2026-02-08 00:04:09,386 [INFO] 📨 spam@jakeberrimor.com: IDLE notification received
2026-02-08 00:04:09,436 [INFO] 📨 contact@luminesfox.com: IDLE notification received
2026-02-08 00:04:09,549 [INFO] 📨 dparmeev@luminesfox.com: IDLE notification received
2026-02-08 00:04:09,812 [INFO] 📨 a.parmeev@jakeberrimor.com: IDLE notification received
2026-02-08 00:06:09,113 [INFO] 📨 a.parmeev@jakeberrimor.com: IDLE notification received
2026-02-08 00:06:09,561 [INFO] 📨 contact@jakeberrimor.com: IDLE notification received
2026-02-08 00:06:09,989 [INFO] 📨 contact@luminesfox.com: IDLE notification received
2026-02-08 00:06:09,995 [INFO] 📨 dparmeev@luminesfox.com: IDLE notification received
2026-02-08 00:06:13,291 [INFO] 📨 spam@jakeberrimor.com: IDLE notification received
2026-02-08 00:08:09,390 [INFO] 📨 dparmeev@luminesfox.com: IDLE notification received
2026-02-08 00:08:09,393 [INFO] 📨 a.parmeev@jakeberrimor.com: IDLE notification received
2026-02-08 00:08:09,558 [INFO] 📨 contact@luminesfox.com: IDLE notification received
2026-02-08 00:08:09,597 [INFO] 📨 spam@jakeberrimor.com: IDLE notification received
2026-02-08 00:08:09,889 [INFO] 📨 contact@jakeberrimor.com: IDLE notification received
2026-02-08 00:10:09,147 [INFO] 📨 a.parmeev@jakeberrimor.com: IDLE notification received
2026-02-08 00:10:10,073 [INFO] 📨 contact@luminesfox.com: IDLE notification received
2026-02-08 00:10:10,088 [INFO] 📨 dparmeev@luminesfox.com: IDLE notification received
2026-02-08 00:10:11,280 [INFO] 📨 spam@jakeberrimor.com: IDLE notification received
2026-02-08 00:10:20,289 [INFO] 📨 contact@jakeberrimor.com: IDLE notification received
2026-02-08 00:12:09,470 [INFO] 📨 a.parmeev@jakeberrimor.com: IDLE notification received
2026-02-08 00:12:09,477 [INFO] 📨 dparmeev@luminesfox.com: IDLE notification received
2026-02-08 00:12:09,607 [INFO] 📨 contact@jakeberrimor.com: IDLE notification received
2026-02-08 00:12:09,640 [INFO] 📨 contact@luminesfox.com: IDLE notification received
2026-02-08 00:12:23,382 [INFO] 📨 spam@jakeberrimor.com: IDLE notification received
2026-02-08 00:14:09,850 [INFO] 📨 dparmeev@luminesfox.com: IDLE notification received
2026-02-08 00:14:09,907 [INFO] 📨 spam@jakeberrimor.com: IDLE notification received
2026-02-08 00:14:09,959 [INFO] 📨 contact@jakeberrimor.com: IDLE notification received
2026-02-08 00:14:10,010 [INFO] 📨 contact@luminesfox.com: IDLE notification received
2026-02-08 00:14:10,051 [INFO] 📨 a.parmeev@jakeberrimor.com: IDLE notification received
2026-02-08 00:16:09,267 [INFO] 📨 spam@jakeberrimor.com: IDLE notification received
2026-02-08 00:16:09,299 [INFO] 📨 dparmeev@luminesfox.com: IDLE notification received
2026-02-08 00:16:09,325 [INFO] 📨 contact@luminesfox.com: IDLE notification received
2026-02-08 00:16:09,379 [INFO] 📨 a.parmeev@jakeberrimor.com: IDLE notification received
2026-02-08 00:16:10,504 [INFO] 📨 contact@jakeberrimor.com: IDLE notification received
2026-02-08 00:18:09,576 [INFO] 📨 spam@jakeberrimor.com: IDLE notification received
2026-02-08 00:18:09,625 [INFO] 📨 contact@luminesfox.com: IDLE notification received
2026-02-08 00:18:09,675 [INFO] 📨 dparmeev@luminesfox.com: IDLE notification received
2026-02-08 00:18:09,710 [INFO] 📨 a.parmeev@jakeberrimor.com: IDLE notification received
2026-02-08 00:18:09,854 [INFO] 📨 contact@jakeberrimor.com: IDLE notification received
2026-02-08 00:20:09,167 [INFO] 📨 a.parmeev@jakeberrimor.com: IDLE notification received
2026-02-08 00:20:09,192 [INFO] 📨 contact@jakeberrimor.com: IDLE notification received
2026-02-08 00:20:09,918 [INFO] 📨 spam@jakeberrimor.com: IDLE notification received
2026-02-08 00:20:09,938 [INFO] 📨 contact@luminesfox.com: IDLE notification received
2026-02-08 00:20:13,122 [INFO] 📨 dparmeev@luminesfox.com: IDLE notification received
2026-02-08 00:22:09,274 [INFO] 📨 contact@luminesfox.com: IDLE notification received
2026-02-08 00:22:09,491 [INFO] 📨 a.parmeev@jakeberrimor.com: IDLE notification received
2026-02-08 00:22:09,503 [INFO] 📨 dparmeev@luminesfox.com: IDLE notification received
2026-02-08 00:22:09,507 [INFO] 📨 spam@jakeberrimor.com: IDLE notification received
2026-02-08 00:22:09,533 [INFO] 📨 contact@jakeberrimor.com: IDLE notification received
2026-02-08 00:24:09,564 [INFO] 📨 contact@luminesfox.com: IDLE notification received
2026-02-08 00:24:09,998 [INFO] 📨 spam@jakeberrimor.com: IDLE notification received
2026-02-08 00:24:10,030 [INFO] 📨 contact@jakeberrimor.com: IDLE notification received
2026-02-08 00:24:10,046 [INFO] 📨 a.parmeev@jakeberrimor.com: IDLE notification received
2026-02-08 00:24:10,166 [INFO] 📨 dparmeev@luminesfox.com: IDLE notification received
2026-02-08 00:26:09,213 [INFO] 📨 dparmeev@luminesfox.com: IDLE notification received
2026-02-08 00:26:09,237 [INFO] 📨 contact@luminesfox.com: IDLE notification received
2026-02-08 00:26:09,240 [INFO] 📨 spam@jakeberrimor.com: IDLE notification received
2026-02-08 00:26:09,715 [INFO] 📨 contact@jakeberrimor.com: IDLE notification received
2026-02-08 00:26:10,100 [INFO] 📨 a.parmeev@jakeberrimor.com: IDLE notification received
2026-02-08 00:28:09,322 [INFO] 📨 contact@jakeberrimor.com: IDLE notification received
2026-02-08 00:28:09,416 [INFO] 📨 a.parmeev@jakeberrimor.com: IDLE notification received
2026-02-08 00:28:09,573 [INFO] 📨 contact@luminesfox.com: IDLE notification received
2026-02-08 00:28:09,583 [INFO] 📨 spam@jakeberrimor.com: IDLE notification received
2026-02-08 00:28:09,641 [INFO] 📨 dparmeev@luminesfox.com: IDLE notification received
2026-02-08 00:30:09,635 [INFO] 📨 contact@jakeberrimor.com: IDLE notification received
2026-02-08 00:30:09,747 [INFO] 📨 a.parmeev@jakeberrimor.com: IDLE notification received
2026-02-08 00:30:09,894 [INFO] 📨 spam@jakeberrimor.com: IDLE notification received
2026-02-08 00:30:09,913 [INFO] 📨 contact@luminesfox.com: IDLE notification received
2026-02-08 00:30:17,194 [INFO] 📨 dparmeev@luminesfox.com: IDLE notification received
2026-02-08 00:32:09,238 [INFO] 📨 spam@jakeberrimor.com: IDLE notification received
2026-02-08 00:32:09,251 [INFO] 📨 contact@luminesfox.com: IDLE notification received
2026-02-08 00:32:09,336 [INFO] 📨 a.parmeev@jakeberrimor.com: IDLE notification received
2026-02-08 00:32:09,564 [INFO] 📨 dparmeev@luminesfox.com: IDLE notification received
2026-02-08 00:32:09,930 [INFO] 📨 contact@jakeberrimor.com: IDLE notification received
2026-02-08 00:34:09,291 [INFO] 📨 contact@jakeberrimor.com: IDLE notification received
2026-02-08 00:34:09,522 [INFO] 📨 spam@jakeberrimor.com: IDLE notification received
2026-02-08 00:34:09,579 [INFO] 📨 contact@luminesfox.com: IDLE notification received
2026-02-08 00:34:09,645 [INFO] 📨 a.parmeev@jakeberrimor.com: IDLE notification received
2026-02-08 00:34:10,043 [INFO] 📨 dparmeev@luminesfox.com: IDLE notification received
2026-02-08 00:36:09,460 [INFO] 📨 dparmeev@luminesfox.com: IDLE notification received
2026-02-08 00:36:09,591 [INFO] 📨 contact@jakeberrimor.com: IDLE notification received
2026-02-08 00:36:09,811 [INFO] 📨 spam@jakeberrimor.com: IDLE notification received
2026-02-08 00:36:09,927 [INFO] 📨 contact@luminesfox.com: IDLE notification received
2026-02-08 00:36:10,935 [INFO] 📨 a.parmeev@jakeberrimor.com: IDLE notification received
2026-02-08 00:38:09,156 [INFO] 📨 spam@jakeberrimor.com: IDLE notification received
2026-02-08 00:38:09,254 [INFO] 📨 a.parmeev@jakeberrimor.com: IDLE notification received
2026-02-08 00:38:09,826 [INFO] 📨 dparmeev@luminesfox.com: IDLE notification received
2026-02-08 00:38:09,901 [INFO] 📨 contact@jakeberrimor.com: IDLE notification received
2026-02-08 00:38:14,077 [INFO] 📨 contact@luminesfox.com: IDLE notification received
2026-02-08 00:40:09,250 [INFO] 📨 contact@jakeberrimor.com: IDLE notification received
2026-02-08 00:40:09,401 [INFO] 📨 contact@luminesfox.com: IDLE notification received
2026-02-08 00:40:09,454 [INFO] 📨 spam@jakeberrimor.com: IDLE notification received
2026-02-08 00:40:09,460 [INFO] 📨 dparmeev@luminesfox.com: IDLE notification received
2026-02-08 00:40:09,854 [INFO] 📨 a.parmeev@jakeberrimor.com: IDLE notification received
2026-02-08 00:42:09,155 [INFO] 📨 a.parmeev@jakeberrimor.com: IDLE notification received
2026-02-08 00:42:09,774 [INFO] 📨 spam@jakeberrimor.com: IDLE notification received
2026-02-08 00:42:09,827 [INFO] 📨 contact@jakeberrimor.com: IDLE notification received
2026-02-08 00:42:09,972 [INFO] 📨 contact@luminesfox.com: IDLE notification received
2026-02-08 00:42:30,466 [INFO] 📨 dparmeev@luminesfox.com: IDLE notification received
2026-02-08 00:44:09,158 [INFO] 📨 contact@jakeberrimor.com: IDLE notification received
2026-02-08 00:44:09,300 [INFO] 📨 contact@luminesfox.com: IDLE notification received
2026-02-08 00:44:09,483 [INFO] 📨 a.parmeev@jakeberrimor.com: IDLE notification received
2026-02-08 00:44:09,837 [INFO] 📨 dparmeev@luminesfox.com: IDLE notification received
2026-02-08 00:44:10,097 [INFO] 📨 spam@jakeberrimor.com: IDLE notification received
2026-02-08 00:46:09,231 [INFO] 📨 dparmeev@luminesfox.com: IDLE notification received
2026-02-08 00:46:09,442 [INFO] 📨 spam@jakeberrimor.com: IDLE notification received
2026-02-08 00:46:09,502 [INFO] 📨 contact@jakeberrimor.com: IDLE notification received
2026-02-08 00:46:09,821 [INFO] 📨 a.parmeev@jakeberrimor.com: IDLE notification received
2026-02-08 00:46:16,189 [INFO] 📨 contact@luminesfox.com: IDLE notification received
2026-02-08 00:48:09,133 [INFO] 📨 a.parmeev@jakeberrimor.com: IDLE notification received
2026-02-08 00:48:09,515 [INFO] 📨 contact@luminesfox.com: IDLE notification received
2026-02-08 00:48:09,616 [INFO] 📨 dparmeev@luminesfox.com: IDLE notification received
2026-02-08 00:48:09,852 [INFO] 📨 contact@jakeberrimor.com: IDLE notification received
2026-02-08 00:48:09,991 [INFO] 📨 spam@jakeberrimor.com: IDLE notification received
2026-02-08 00:50:09,179 [INFO] 📨 contact@jakeberrimor.com: IDLE notification received
2026-02-08 00:50:09,294 [INFO] 📨 spam@jakeberrimor.com: IDLE notification received
2026-02-08 00:50:09,458 [INFO] 📨 a.parmeev@jakeberrimor.com: IDLE notification received
2026-02-08 00:50:09,831 [INFO] 📨 contact@luminesfox.com: IDLE notification received
2026-02-08 00:50:10,008 [INFO] 📨 dparmeev@luminesfox.com: IDLE notification received
2026-02-08 00:52:09,160 [INFO] 📨 contact@luminesfox.com: IDLE notification received
2026-02-08 00:52:09,369 [INFO] 📨 dparmeev@luminesfox.com: IDLE notification received
2026-02-08 00:52:09,543 [INFO] 📨 spam@jakeberrimor.com: IDLE notification received
2026-02-08 00:52:09,760 [INFO] 📨 contact@jakeberrimor.com: IDLE notification received
2026-02-08 00:52:09,798 [INFO] 📨 a.parmeev@jakeberrimor.com: IDLE notification received
2026-02-08 00:54:09,122 [INFO] 📨 a.parmeev@jakeberrimor.com: IDLE notification received
2026-02-08 00:54:09,474 [INFO] 📨 contact@luminesfox.com: IDLE notification received
2026-02-08 00:54:09,740 [INFO] 📨 dparmeev@luminesfox.com: IDLE notification received
2026-02-08 00:54:09,891 [INFO] 📨 spam@jakeberrimor.com: IDLE notification received
2026-02-08 00:54:10,087 [INFO] 📨 contact@jakeberrimor.com: IDLE notification received
2026-02-08 00:56:09,136 [INFO] 📨 dparmeev@luminesfox.com: IDLE notification received
2026-02-08 00:56:09,237 [INFO] 📨 spam@jakeberrimor.com: IDLE notification received
2026-02-08 00:56:09,412 [INFO] 📨 contact@jakeberrimor.com: IDLE notification received
2026-02-08 00:56:09,434 [INFO] 📨 a.parmeev@jakeberrimor.com: IDLE notification received
2026-02-08 00:56:10,541 [INFO] 📨 contact@luminesfox.com: IDLE notification received
2026-02-08 00:58:09,487 [INFO] 📨 contact@jakeberrimor.com: IDLE notification received
2026-02-08 00:58:09,496 [INFO] 📨 dparmeev@luminesfox.com: IDLE notification received
2026-02-08 00:58:09,524 [INFO] 📨 contact@luminesfox.com: IDLE notification received
2026-02-08 00:58:09,564 [INFO] 📨 spam@jakeberrimor.com: IDLE notification received
2026-02-08 00:58:09,781 [INFO] 📨 a.parmeev@jakeberrimor.com: IDLE notification received
2026-02-08 01:00:09,127 [INFO] 📨 a.parmeev@jakeberrimor.com: IDLE notification received
2026-02-08 01:00:09,849 [INFO] 📨 contact@jakeberrimor.com: IDLE notification received
2026-02-08 01:00:09,852 [INFO] 📨 contact@luminesfox.com: IDLE notification received
2026-02-08 01:00:09,887 [INFO] 📨 spam@jakeberrimor.com: IDLE notification received
2026-02-08 01:00:18,194 [INFO] 📨 dparmeev@luminesfox.com: IDLE notification received
2026-02-08 01:02:09,200 [INFO] 📨 contact@jakeberrimor.com: IDLE notification received
2026-02-08 01:02:09,202 [INFO] 📨 contact@luminesfox.com: IDLE notification received
2026-02-08 01:02:09,236 [INFO] 📨 spam@jakeberrimor.com: IDLE notification received
2026-02-08 01:02:09,596 [INFO] 📨 dparmeev@luminesfox.com: IDLE notification received
2026-02-08 01:02:09,657 [INFO] 📨 a.parmeev@jakeberrimor.com: IDLE notification received
2026-02-08 01:04:09,513 [INFO] 📨 contact@luminesfox.com: IDLE notification received
2026-02-08 01:04:09,516 [INFO] 📨 contact@jakeberrimor.com: IDLE notification received
2026-02-08 01:04:09,538 [INFO] 📨 spam@jakeberrimor.com: IDLE notification received
2026-02-08 01:04:09,980 [INFO] 📨 a.parmeev@jakeberrimor.com: IDLE notification received
2026-02-08 01:04:13,396 [INFO] 📨 dparmeev@luminesfox.com: IDLE notification received
2026-02-08 01:06:09,323 [INFO] 📨 a.parmeev@jakeberrimor.com: IDLE notification received
2026-02-08 01:06:09,828 [INFO] 📨 dparmeev@luminesfox.com: IDLE notification received
2026-02-08 01:06:09,864 [INFO] 📨 contact@luminesfox.com: IDLE notification received
2026-02-08 01:06:09,865 [INFO] 📨 contact@jakeberrimor.com: IDLE notification received
2026-02-08 01:06:09,865 [INFO] 📨 spam@jakeberrimor.com: IDLE notification received
2026-02-08 01:08:09,203 [INFO] 📨 dparmeev@luminesfox.com: IDLE notification received
2026-02-08 01:08:09,225 [INFO] 📨 contact@luminesfox.com: IDLE notification received
2026-02-08 01:08:09,226 [INFO] 📨 contact@jakeberrimor.com: IDLE notification received
2026-02-08 01:08:09,226 [INFO] 📨 spam@jakeberrimor.com: IDLE notification received
2026-02-08 01:08:09,649 [INFO] 📨 a.parmeev@jakeberrimor.com: IDLE notification received
2026-02-08 01:10:09,532 [INFO] 📨 spam@jakeberrimor.com: IDLE notification received
2026-02-08 01:10:09,553 [INFO] 📨 contact@luminesfox.com: IDLE notification received
2026-02-08 01:10:09,590 [INFO] 📨 dparmeev@luminesfox.com: IDLE notification received
2026-02-08 01:10:09,987 [INFO] 📨 a.parmeev@jakeberrimor.com: IDLE notification received
2026-02-08 01:10:14,396 [INFO] 📨 contact@jakeberrimor.com: IDLE notification received
2026-02-08 01:11:12,672 [INFO] 📨 dparmeev@luminesfox.com: IDLE notification received
2026-02-08 01:12:09,305 [INFO] 📨 a.parmeev@jakeberrimor.com: IDLE notification received
2026-02-08 01:12:09,735 [INFO] 📨 contact@jakeberrimor.com: IDLE notification received
2026-02-08 01:12:09,870 [INFO] 📨 spam@jakeberrimor.com: IDLE notification received
2026-02-08 01:12:09,902 [INFO] 📨 contact@luminesfox.com: IDLE notification received
2026-02-08 01:12:10,036 [INFO] 📨 dparmeev@luminesfox.com: IDLE notification received
2026-02-08 01:12:14,344 [INFO] 📨 a.parmeev@jakeberrimor.com: IDLE notification received
2026-02-08 01:12:16,196 [INFO] 📨 a.parmeev@jakeberrimor.com: IDLE notification received
2026-02-08 01:12:18,359 [INFO] 📨 a.parmeev@jakeberrimor.com: IDLE notification received
2026-02-08 01:14:09,171 [INFO] 📨 spam@jakeberrimor.com: IDLE notification received
2026-02-08 01:14:09,246 [INFO] 📨 contact@luminesfox.com: IDLE notification received
2026-02-08 01:14:09,370 [INFO] 📨 dparmeev@luminesfox.com: IDLE notification received
2026-02-08 01:14:09,626 [INFO] 📨 a.parmeev@jakeberrimor.com: IDLE notification received
2026-02-08 01:14:10,067 [INFO] 📨 contact@jakeberrimor.com: IDLE notification received
2026-02-08 01:16:09,395 [INFO] 📨 contact@jakeberrimor.com: IDLE notification received
2026-02-08 01:16:09,476 [INFO] 📨 spam@jakeberrimor.com: IDLE notification received
2026-02-08 01:16:09,727 [INFO] 📨 dparmeev@luminesfox.com: IDLE notification received
2026-02-08 01:16:09,976 [INFO] 📨 a.parmeev@jakeberrimor.com: IDLE notification received
2026-02-08 01:16:11,329 [INFO] 📨 contact@luminesfox.com: IDLE notification received
2026-02-08 01:18:09,301 [INFO] 📨 a.parmeev@jakeberrimor.com: IDLE notification received
2026-02-08 01:18:09,651 [INFO] 📨 contact@luminesfox.com: IDLE notification received
2026-02-08 01:18:09,729 [INFO] 📨 contact@jakeberrimor.com: IDLE notification received
2026-02-08 01:18:09,781 [INFO] 📨 spam@jakeberrimor.com: IDLE notification received
2026-02-08 01:18:16,433 [INFO] 📨 dparmeev@luminesfox.com: IDLE notification received
2026-02-08 01:19:10,556 [INFO] 📨 dparmeev@luminesfox.com: IDLE notification received
2026-02-08 01:19:48,167 [INFO] 📨 dparmeev@luminesfox.com: IDLE notification received
2026-02-08 01:33:09,546 [INFO] 🔄 a.parmeev@jakeberrimor.com: Periodic reconnect
2026-02-08 01:33:09,547 [ERROR] ❌ a.parmeev@jakeberrimor.com: Connection error: EOF occurred in violation of protocol (_ssl.c:2406)
2026-02-08 01:33:09,547 [INFO] 🔁 a.parmeev@jakeberrimor.com: Reconnecting in 5s...
2026-02-08 01:33:09,885 [INFO] 🔄 contact@luminesfox.com: Periodic reconnect
2026-02-08 01:33:09,885 [ERROR] ❌ contact@luminesfox.com: Connection error: EOF occurred in violation of protocol (_ssl.c:2406)
2026-02-08 01:33:09,885 [INFO] 🔁 contact@luminesfox.com: Reconnecting in 5s...
2026-02-08 01:33:09,975 [INFO] 🔄 contact@jakeberrimor.com: Periodic reconnect
2026-02-08 01:33:09,975 [ERROR] ❌ contact@jakeberrimor.com: Connection error: EOF occurred in violation of protocol (_ssl.c:2406)
2026-02-08 01:33:09,975 [INFO] 🔁 contact@jakeberrimor.com: Reconnecting in 5s...
2026-02-08 01:33:10,014 [INFO] 🔄 spam@jakeberrimor.com: Periodic reconnect
2026-02-08 01:33:10,014 [ERROR] ❌ spam@jakeberrimor.com: Connection error: EOF occurred in violation of protocol (_ssl.c:2406)
2026-02-08 01:33:10,014 [INFO] 🔁 spam@jakeberrimor.com: Reconnecting in 5s...
2026-02-08 01:33:14,547 [INFO] 🔌 Connecting to a.parmeev@jakeberrimor.com@mail.hosting.reg.ru...
2026-02-08 01:33:14,886 [INFO] 🔌 Connecting to contact@luminesfox.com@mail.hosting.reg.ru...
2026-02-08 01:33:14,975 [INFO] 🔌 Connecting to contact@jakeberrimor.com@mail.hosting.reg.ru...
2026-02-08 01:33:15,014 [INFO] 🔌 Connecting to spam@jakeberrimor.com@mail.hosting.reg.ru...
2026-02-08 01:33:15,150 [INFO] 📬 a.parmeev@jakeberrimor.com: Starting from UID 16
2026-02-08 01:33:15,210 [INFO] ✅ a.parmeev@jakeberrimor.com: IDLE monitoring active
2026-02-08 01:33:15,514 [INFO] 📬 contact@luminesfox.com: Starting from UID 72
2026-02-08 01:33:15,544 [INFO] 📬 contact@jakeberrimor.com: Starting from UID 423
2026-02-08 01:33:15,561 [INFO] ✅ contact@luminesfox.com: IDLE monitoring active
2026-02-08 01:33:15,578 [INFO] 📬 spam@jakeberrimor.com: Starting from UID 489
2026-02-08 01:33:15,596 [INFO] ✅ contact@jakeberrimor.com: IDLE monitoring active
2026-02-08 01:33:15,622 [INFO] ✅ spam@jakeberrimor.com: IDLE monitoring active
2026-02-08 01:34:09,638 [INFO] 📨 contact@jakeberrimor.com: IDLE notification received
2026-02-08 01:34:26,455 [INFO] 📨 a.parmeev@jakeberrimor.com: IDLE notification received
2026-02-08 01:34:31,458 [INFO] 📨 spam@jakeberrimor.com: IDLE notification received
2026-02-08 01:34:31,470 [INFO] 📨 contact@luminesfox.com: IDLE notification received
2026-02-08 01:34:48,433 [INFO] 🔄 dparmeev@luminesfox.com: Periodic reconnect
2026-02-08 01:34:48,434 [ERROR] ❌ dparmeev@luminesfox.com: Connection error: EOF occurred in violation of protocol (_ssl.c:2406)
2026-02-08 01:34:48,434 [INFO] 🔁 dparmeev@luminesfox.com: Reconnecting in 5s...
2026-02-08 01:34:53,434 [INFO] 🔌 Connecting to dparmeev@luminesfox.com@mail.hosting.reg.ru...
2026-02-08 01:35:41,183 [INFO] 📬 dparmeev@luminesfox.com: Starting from UID 2376
2026-02-08 01:35:41,230 [INFO] ✅ dparmeev@luminesfox.com: IDLE monitoring active
2026-02-08 01:36:09,949 [INFO] 📨 contact@jakeberrimor.com: IDLE notification received
2026-02-08 01:36:09,993 [INFO] 📨 a.parmeev@jakeberrimor.com: IDLE notification received
2026-02-08 01:36:11,191 [INFO] 📨 contact@luminesfox.com: IDLE notification received
2026-02-08 01:36:14,190 [INFO] 📨 spam@jakeberrimor.com: IDLE notification received
2026-02-08 01:36:17,190 [INFO] 📨 dparmeev@luminesfox.com: IDLE notification received
2026-02-08 01:38:09,244 [INFO] 📨 contact@jakeberrimor.com: IDLE notification received
2026-02-08 01:38:11,279 [INFO] 📨 spam@jakeberrimor.com: IDLE notification received
2026-02-08 01:38:11,283 [INFO] 📨 contact@luminesfox.com: IDLE notification received
2026-02-08 01:38:14,278 [INFO] 📨 a.parmeev@jakeberrimor.com: IDLE notification received
2026-02-08 01:38:17,131 [INFO] 📨 dparmeev@luminesfox.com: IDLE notification received
2026-02-08 01:40:09,590 [INFO] 📨 contact@jakeberrimor.com: IDLE notification received
2026-02-08 01:40:09,594 [INFO] 📨 a.parmeev@jakeberrimor.com: IDLE notification received
2026-02-08 01:40:12,479 [INFO] 📨 dparmeev@luminesfox.com: IDLE notification received
2026-02-08 01:40:12,482 [INFO] 📨 contact@luminesfox.com: IDLE notification received
2026-02-08 01:40:27,485 [INFO] 📨 spam@jakeberrimor.com: IDLE notification received
2026-02-08 01:42:09,901 [INFO] 📨 contact@jakeberrimor.com: IDLE notification received
2026-02-08 01:42:10,532 [INFO] 📨 a.parmeev@jakeberrimor.com: IDLE notification received
2026-02-08 01:42:12,215 [INFO] 📨 spam@jakeberrimor.com: IDLE notification received
2026-02-08 01:42:13,050 [INFO] 📨 dparmeev@luminesfox.com: IDLE notification received
2026-02-08 01:42:32,210 [INFO] 📨 contact@luminesfox.com: IDLE notification received
2026-02-08 01:44:09,240 [INFO] 📨 contact@jakeberrimor.com: IDLE notification received
2026-02-08 01:44:10,308 [INFO] 📨 a.parmeev@jakeberrimor.com: IDLE notification received
2026-02-08 01:44:12,305 [INFO] 📨 spam@jakeberrimor.com: IDLE notification received
2026-02-08 01:44:13,308 [INFO] 📨 contact@luminesfox.com: IDLE notification received
2026-02-08 01:44:16,342 [INFO] 📨 dparmeev@luminesfox.com: IDLE notification received
2026-02-08 01:46:09,438 [INFO] 📨 contact@luminesfox.com: IDLE notification received
2026-02-08 01:46:09,625 [INFO] 📨 a.parmeev@jakeberrimor.com: IDLE notification received
2026-02-08 01:46:10,105 [INFO] 📨 dparmeev@luminesfox.com: IDLE notification received
2026-02-08 01:46:14,078 [INFO] 📨 contact@jakeberrimor.com: IDLE notification received
2026-02-08 01:46:16,091 [INFO] 📨 spam@jakeberrimor.com: IDLE notification received
2026-02-08 01:48:09,383 [INFO] 📨 contact@jakeberrimor.com: IDLE notification received
2026-02-08 01:48:13,168 [INFO] 📨 dparmeev@luminesfox.com: IDLE notification received
2026-02-08 01:48:20,176 [INFO] 📨 a.parmeev@jakeberrimor.com: IDLE notification received
2026-02-08 01:48:35,377 [INFO] 📨 contact@luminesfox.com: IDLE notification received
2026-02-08 01:48:40,323 [INFO] 📨 spam@jakeberrimor.com: IDLE notification received
2026-02-08 01:50:09,693 [INFO] 📨 contact@jakeberrimor.com: IDLE notification received
2026-02-08 01:50:12,345 [INFO] 📨 dparmeev@luminesfox.com: IDLE notification received
2026-02-08 01:50:15,054 [INFO] 📨 spam@jakeberrimor.com: IDLE notification received
2026-02-08 01:50:16,331 [INFO] 📨 a.parmeev@jakeberrimor.com: IDLE notification received
2026-02-08 01:50:16,347 [INFO] 📨 contact@luminesfox.com: IDLE notification received
2026-02-08 01:52:09,348 [INFO] 📨 spam@jakeberrimor.com: IDLE notification received
2026-02-08 01:52:09,698 [INFO] 📨 a.parmeev@jakeberrimor.com: IDLE notification received
2026-02-08 01:52:10,031 [INFO] 📨 contact@jakeberrimor.com: IDLE notification received
2026-02-08 01:52:10,475 [INFO] 📨 contact@luminesfox.com: IDLE notification received
2026-02-08 01:52:18,187 [INFO] 📨 dparmeev@luminesfox.com: IDLE notification received
2026-02-08 01:54:09,425 [INFO] 📨 contact@jakeberrimor.com: IDLE notification received
2026-02-08 01:54:13,317 [INFO] 📨 contact@luminesfox.com: IDLE notification received
2026-02-08 01:54:21,431 [INFO] 📨 a.parmeev@jakeberrimor.com: IDLE notification received
2026-02-08 01:54:28,452 [INFO] 📨 dparmeev@luminesfox.com: IDLE notification received
2026-02-08 01:54:28,464 [INFO] 📨 spam@jakeberrimor.com: IDLE notification received
2026-02-08 01:56:14,283 [INFO] 📨 contact@luminesfox.com: IDLE notification received
2026-02-08 01:56:15,166 [INFO] 📨 spam@jakeberrimor.com: IDLE notification received
2026-02-08 01:56:15,249 [INFO] 📨 a.parmeev@jakeberrimor.com: IDLE notification received
2026-02-08 01:56:16,500 [INFO] 📨 contact@jakeberrimor.com: IDLE notification received
2026-02-08 01:56:21,505 [INFO] 📨 dparmeev@luminesfox.com: IDLE notification received
2026-02-08 01:58:09,814 [INFO] 📨 contact@jakeberrimor.com: IDLE notification received
2026-02-08 01:58:12,354 [INFO] 📨 a.parmeev@jakeberrimor.com: IDLE notification received
2026-02-08 01:58:13,516 [INFO] 📨 contact@luminesfox.com: IDLE notification received
2026-02-08 01:58:19,354 [INFO] 📨 spam@jakeberrimor.com: IDLE notification received
2026-02-08 01:58:20,364 [INFO] 📨 dparmeev@luminesfox.com: IDLE notification received
2026-02-08 02:00:09,129 [INFO] 📨 contact@jakeberrimor.com: IDLE notification received
2026-02-08 02:00:09,627 [INFO] 📨 a.parmeev@jakeberrimor.com: IDLE notification received
2026-02-08 02:00:13,056 [INFO] 📨 contact@luminesfox.com: IDLE notification received
2026-02-08 02:00:15,447 [INFO] 📨 dparmeev@luminesfox.com: IDLE notification received
2026-02-08 02:00:15,452 [INFO] 📨 spam@jakeberrimor.com: IDLE notification received
2026-02-08 02:02:09,421 [INFO] 📨 contact@jakeberrimor.com: IDLE notification received
2026-02-08 02:02:14,186 [INFO] 📨 contact@luminesfox.com: IDLE notification received
2026-02-08 02:02:14,193 [INFO] 📨 a.parmeev@jakeberrimor.com: IDLE notification received
2026-02-08 02:02:19,201 [INFO] 📨 dparmeev@luminesfox.com: IDLE notification received
2026-02-08 02:02:28,097 [INFO] 📨 spam@jakeberrimor.com: IDLE notification received
2026-02-08 02:04:09,385 [INFO] 📨 spam@jakeberrimor.com: IDLE notification received
2026-02-08 02:04:09,477 [INFO] 📨 contact@luminesfox.com: IDLE notification received
2026-02-08 02:04:09,731 [INFO] 📨 contact@jakeberrimor.com: IDLE notification received
2026-02-08 02:04:10,406 [INFO] 📨 dparmeev@luminesfox.com: IDLE notification received
2026-02-08 02:04:25,462 [INFO] 📨 a.parmeev@jakeberrimor.com: IDLE notification received
2026-02-08 02:06:11,052 [INFO] 📨 contact@jakeberrimor.com: IDLE notification received
2026-02-08 02:06:13,135 [INFO] 📨 dparmeev@luminesfox.com: IDLE notification received
2026-02-08 02:06:19,163 [INFO] 📨 contact@luminesfox.com: IDLE notification received
2026-02-08 02:06:21,076 [INFO] 📨 spam@jakeberrimor.com: IDLE notification received
2026-02-08 02:06:26,164 [INFO] 📨 a.parmeev@jakeberrimor.com: IDLE notification received
2026-02-08 02:08:09,475 [INFO] 📨 contact@luminesfox.com: IDLE notification received
2026-02-08 02:08:11,487 [INFO] 📨 contact@jakeberrimor.com: IDLE notification received
2026-02-08 02:08:12,503 [INFO] 📨 spam@jakeberrimor.com: IDLE notification received
2026-02-08 02:08:14,512 [INFO] 📨 a.parmeev@jakeberrimor.com: IDLE notification received
2026-02-08 02:08:15,494 [INFO] 📨 dparmeev@luminesfox.com: IDLE notification received
2026-02-08 02:10:09,799 [INFO] 📨 contact@jakeberrimor.com: IDLE notification received
2026-02-08 02:10:09,810 [INFO] 📨 a.parmeev@jakeberrimor.com: IDLE notification received
2026-02-08 02:10:09,810 [INFO] 📨 spam@jakeberrimor.com: IDLE notification received
2026-02-08 02:10:12,764 [INFO] 📨 dparmeev@luminesfox.com: IDLE notification received
2026-02-08 02:10:25,104 [INFO] 📨 contact@luminesfox.com: IDLE notification received
2026-02-08 02:12:09,128 [INFO] 📨 contact@jakeberrimor.com: IDLE notification received
2026-02-08 02:12:11,419 [INFO] 📨 spam@jakeberrimor.com: IDLE notification received
2026-02-08 02:12:16,393 [INFO] 📨 dparmeev@luminesfox.com: IDLE notification received
2026-02-08 02:12:17,393 [INFO] 📨 contact@luminesfox.com: IDLE notification received
2026-02-08 02:12:19,338 [INFO] 📨 a.parmeev@jakeberrimor.com: IDLE notification received
2026-02-08 02:14:09,433 [INFO] 📨 contact@jakeberrimor.com: IDLE notification received
2026-02-08 02:14:09,748 [INFO] 📨 spam@jakeberrimor.com: IDLE notification received
2026-02-08 02:14:11,474 [INFO] 📨 contact@luminesfox.com: IDLE notification received
2026-02-08 02:14:12,472 [INFO] 📨 dparmeev@luminesfox.com: IDLE notification received
2026-02-08 02:14:27,478 [INFO] 📨 a.parmeev@jakeberrimor.com: IDLE notification received
2026-02-08 02:14:42,548 [ERROR] ❌ dparmeev@luminesfox.com: Connection error: The read operation timed out
2026-02-08 02:14:42,548 [INFO] 🔁 dparmeev@luminesfox.com: Reconnecting in 5s...
2026-02-08 02:14:47,548 [INFO] 🔌 Connecting to dparmeev@luminesfox.com@mail.hosting.reg.ru...
2026-02-08 02:14:48,228 [INFO] 📬 dparmeev@luminesfox.com: Starting from UID 2376
2026-02-08 02:14:48,275 [INFO] ✅ dparmeev@luminesfox.com: IDLE monitoring active
2026-02-08 02:16:09,770 [INFO] 📨 contact@jakeberrimor.com: IDLE notification received
2026-02-08 02:16:12,266 [INFO] 📨 spam@jakeberrimor.com: IDLE notification received
2026-02-08 02:16:13,258 [INFO] 📨 dparmeev@luminesfox.com: IDLE notification received
2026-02-08 02:16:18,260 [INFO] 📨 a.parmeev@jakeberrimor.com: IDLE notification received
2026-02-08 02:16:19,260 [INFO] 📨 contact@luminesfox.com: IDLE notification received
2026-02-08 02:18:09,540 [INFO] 📨 contact@luminesfox.com: IDLE notification received
2026-02-08 02:18:09,618 [INFO] 📨 dparmeev@luminesfox.com: IDLE notification received
2026-02-08 02:18:10,058 [INFO] 📨 contact@jakeberrimor.com: IDLE notification received
2026-02-08 02:18:11,512 [INFO] 📨 spam@jakeberrimor.com: IDLE notification received
2026-02-08 02:18:13,503 [INFO] 📨 a.parmeev@jakeberrimor.com: IDLE notification received
2026-02-08 02:20:09,346 [INFO] 📨 contact@jakeberrimor.com: IDLE notification received
2026-02-08 02:20:14,103 [INFO] 📨 dparmeev@luminesfox.com: IDLE notification received
2026-02-08 02:20:17,271 [INFO] 📨 spam@jakeberrimor.com: IDLE notification received
2026-02-08 02:20:20,106 [INFO] 📨 a.parmeev@jakeberrimor.com: IDLE notification received
2026-02-08 02:20:27,125 [INFO] 📨 contact@luminesfox.com: IDLE notification received
2026-02-08 02:22:09,646 [INFO] 📨 contact@jakeberrimor.com: IDLE notification received
2026-02-08 02:22:14,487 [INFO] 📨 contact@luminesfox.com: IDLE notification received
2026-02-08 02:22:15,208 [INFO] 📨 a.parmeev@jakeberrimor.com: IDLE notification received
2026-02-08 02:22:18,216 [INFO] 📨 spam@jakeberrimor.com: IDLE notification received
2026-02-08 02:22:33,431 [INFO] 📨 dparmeev@luminesfox.com: IDLE notification received
2026-02-08 02:24:09,539 [INFO] 📨 spam@jakeberrimor.com: IDLE notification received
2026-02-08 02:24:10,039 [INFO] 📨 contact@jakeberrimor.com: IDLE notification received
2026-02-08 02:24:11,384 [INFO] 📨 dparmeev@luminesfox.com: IDLE notification received
2026-02-08 02:24:14,314 [INFO] 📨 contact@luminesfox.com: IDLE notification received
2026-02-08 02:24:40,458 [INFO] 📨 a.parmeev@jakeberrimor.com: IDLE notification received
2026-02-08 02:26:09,278 [INFO] 📨 spam@jakeberrimor.com: IDLE notification received
2026-02-08 02:26:09,685 [INFO] 📨 dparmeev@luminesfox.com: IDLE notification received
2026-02-08 02:26:13,214 [INFO] 📨 a.parmeev@jakeberrimor.com: IDLE notification received
2026-02-08 02:26:17,219 [INFO] 📨 contact@luminesfox.com: IDLE notification received
2026-02-08 02:26:30,222 [INFO] 📨 contact@jakeberrimor.com: IDLE notification received
2026-02-08 02:28:09,481 [INFO] 📨 contact@jakeberrimor.com: IDLE notification received
2026-02-08 02:28:16,049 [INFO] 📨 a.parmeev@jakeberrimor.com: IDLE notification received
2026-02-08 02:28:19,131 [INFO] 📨 spam@jakeberrimor.com: IDLE notification received
2026-02-08 02:28:21,534 [INFO] 📨 contact@luminesfox.com: IDLE notification received
2026-02-08 02:28:27,517 [INFO] 📨 dparmeev@luminesfox.com: IDLE notification received
2026-02-08 02:30:09,820 [INFO] 📨 contact@jakeberrimor.com: IDLE notification received
2026-02-08 02:30:13,450 [INFO] 📨 spam@jakeberrimor.com: IDLE notification received
2026-02-08 02:30:18,589 [INFO] 📨 dparmeev@luminesfox.com: IDLE notification received
2026-02-08 02:30:19,954 [INFO] 📨 a.parmeev@jakeberrimor.com: IDLE notification received
2026-02-08 02:30:22,493 [INFO] 📨 contact@luminesfox.com: IDLE notification received
2026-02-08 02:32:09,130 [INFO] 📨 contact@jakeberrimor.com: IDLE notification received
2026-02-08 02:32:09,804 [INFO] 📨 a.parmeev@jakeberrimor.com: IDLE notification received
2026-02-08 02:32:14,476 [INFO] 📨 contact@luminesfox.com: IDLE notification received
2026-02-08 02:32:21,510 [INFO] 📨 spam@jakeberrimor.com: IDLE notification received
2026-02-08 02:32:25,484 [INFO] 📨 dparmeev@luminesfox.com: IDLE notification received
2026-02-08 02:34:09,421 [INFO] 📨 contact@jakeberrimor.com: IDLE notification received
2026-02-08 02:34:11,259 [INFO] 📨 a.parmeev@jakeberrimor.com: IDLE notification received
2026-02-08 02:34:13,274 [INFO] 📨 contact@luminesfox.com: IDLE notification received
2026-02-08 02:34:15,268 [INFO] 📨 dparmeev@luminesfox.com: IDLE notification received
2026-02-08 02:34:15,268 [INFO] 📨 spam@jakeberrimor.com: IDLE notification received
2026-02-08 02:36:09,366 [INFO] 📨 a.parmeev@jakeberrimor.com: IDLE notification received
2026-02-08 02:36:09,555 [INFO] 📨 spam@jakeberrimor.com: IDLE notification received
2026-02-08 02:36:12,443 [INFO] 📨 contact@luminesfox.com: IDLE notification received
2026-02-08 02:36:17,208 [INFO] 📨 dparmeev@luminesfox.com: IDLE notification received
2026-02-08 02:36:21,208 [INFO] 📨 contact@jakeberrimor.com: IDLE notification received
2026-02-08 02:38:09,476 [INFO] 📨 contact@jakeberrimor.com: IDLE notification received
2026-02-08 02:38:09,588 [INFO] 📨 dparmeev@luminesfox.com: IDLE notification received
2026-02-08 02:38:09,719 [INFO] 📨 a.parmeev@jakeberrimor.com: IDLE notification received
2026-02-08 02:38:12,430 [INFO] 📨 spam@jakeberrimor.com: IDLE notification received
2026-02-08 02:38:19,423 [INFO] 📨 contact@luminesfox.com: IDLE notification received
2026-02-08 02:40:09,785 [INFO] 📨 spam@jakeberrimor.com: IDLE notification received
2026-02-08 02:40:09,798 [INFO] 📨 contact@jakeberrimor.com: IDLE notification received
2026-02-08 02:40:10,001 [INFO] 📨 dparmeev@luminesfox.com: IDLE notification received
2026-02-08 02:40:12,144 [INFO] 📨 contact@luminesfox.com: IDLE notification received
2026-02-08 02:40:18,353 [INFO] 📨 a.parmeev@jakeberrimor.com: IDLE notification received
2026-02-08 02:42:09,119 [INFO] 📨 contact@jakeberrimor.com: IDLE notification received
2026-02-08 02:42:09,402 [INFO] 📨 dparmeev@luminesfox.com: IDLE notification received
2026-02-08 02:42:10,857 [INFO] 📨 a.parmeev@jakeberrimor.com: IDLE notification received
2026-02-08 02:42:19,348 [INFO] 📨 contact@luminesfox.com: IDLE notification received
2026-02-08 02:42:41,409 [INFO] 📨 spam@jakeberrimor.com: IDLE notification received
2026-02-08 02:44:09,427 [INFO] 📨 contact@jakeberrimor.com: IDLE notification received
2026-02-08 02:44:15,380 [INFO] 📨 spam@jakeberrimor.com: IDLE notification received
2026-02-08 02:44:16,392 [INFO] 📨 a.parmeev@jakeberrimor.com: IDLE notification received
2026-02-08 02:44:20,384 [INFO] 📨 dparmeev@luminesfox.com: IDLE notification received
2026-02-08 02:44:22,382 [INFO] 📨 contact@luminesfox.com: IDLE notification received
2026-02-08 02:44:50,623 [ERROR] ❌ dparmeev@luminesfox.com: Connection error: The read operation timed out
2026-02-08 02:44:50,624 [INFO] 🔁 dparmeev@luminesfox.com: Reconnecting in 5s...
2026-02-08 02:44:55,624 [INFO] 🔌 Connecting to dparmeev@luminesfox.com@mail.hosting.reg.ru...
2026-02-08 02:44:56,263 [INFO] 📬 dparmeev@luminesfox.com: Starting from UID 2376
2026-02-08 02:44:56,308 [INFO] ✅ dparmeev@luminesfox.com: IDLE monitoring active
2026-02-08 02:46:09,776 [INFO] 📨 contact@jakeberrimor.com: IDLE notification received
2026-02-08 02:46:20,043 [INFO] 📨 dparmeev@luminesfox.com: IDLE notification received
2026-02-08 02:46:29,046 [INFO] 📨 a.parmeev@jakeberrimor.com: IDLE notification received
2026-02-08 02:46:29,061 [INFO] 📨 spam@jakeberrimor.com: IDLE notification received
2026-02-08 02:46:37,337 [INFO] 📨 contact@luminesfox.com: IDLE notification received
2026-02-08 02:48:10,101 [INFO] 📨 contact@jakeberrimor.com: IDLE notification received
2026-02-08 02:48:10,128 [INFO] 📨 contact@luminesfox.com: IDLE notification received
2026-02-08 02:48:12,131 [INFO] 📨 dparmeev@luminesfox.com: IDLE notification received
2026-02-08 02:48:19,138 [INFO] 📨 a.parmeev@jakeberrimor.com: IDLE notification received
2026-02-08 02:48:23,148 [INFO] 📨 spam@jakeberrimor.com: IDLE notification received
2026-02-08 02:50:10,381 [INFO] 📨 contact@luminesfox.com: IDLE notification received
2026-02-08 02:50:10,839 [INFO] 📨 dparmeev@luminesfox.com: IDLE notification received
2026-02-08 02:50:12,416 [INFO] 📨 contact@jakeberrimor.com: IDLE notification received
2026-02-08 02:50:22,246 [INFO] 📨 a.parmeev@jakeberrimor.com: IDLE notification received
2026-02-08 02:50:22,248 [INFO] 📨 spam@jakeberrimor.com: IDLE notification received
2026-02-08 02:52:09,209 [INFO] 📨 dparmeev@luminesfox.com: IDLE notification received
2026-02-08 02:52:09,713 [INFO] 📨 contact@jakeberrimor.com: IDLE notification received
2026-02-08 02:52:13,411 [INFO] 📨 contact@luminesfox.com: IDLE notification received
2026-02-08 02:52:20,388 [INFO] 📨 a.parmeev@jakeberrimor.com: IDLE notification received
2026-02-08 02:52:30,375 [INFO] 📨 spam@jakeberrimor.com: IDLE notification received
2026-02-08 02:54:10,057 [INFO] 📨 contact@jakeberrimor.com: IDLE notification received
2026-02-08 02:54:10,085 [INFO] 📨 dparmeev@luminesfox.com: IDLE notification received
2026-02-08 02:54:15,328 [INFO] 📨 contact@luminesfox.com: IDLE notification received
2026-02-08 02:54:16,336 [INFO] 📨 spam@jakeberrimor.com: IDLE notification received
2026-02-08 02:54:20,323 [INFO] 📨 a.parmeev@jakeberrimor.com: IDLE notification received
2026-02-08 02:56:09,395 [INFO] 📨 contact@jakeberrimor.com: IDLE notification received
2026-02-08 02:56:09,604 [INFO] 📨 dparmeev@luminesfox.com: IDLE notification received
2026-02-08 02:56:09,930 [INFO] 📨 a.parmeev@jakeberrimor.com: IDLE notification received
2026-02-08 02:56:16,372 [INFO] 📨 contact@luminesfox.com: IDLE notification received
2026-02-08 02:56:17,408 [INFO] 📨 spam@jakeberrimor.com: IDLE notification received
2026-02-08 02:58:09,736 [INFO] 📨 spam@jakeberrimor.com: IDLE notification received
2026-02-08 02:58:09,749 [INFO] 📨 contact@jakeberrimor.com: IDLE notification received
2026-02-08 02:58:10,428 [INFO] 📨 a.parmeev@jakeberrimor.com: IDLE notification received
2026-02-08 02:58:18,432 [INFO] 📨 contact@luminesfox.com: IDLE notification received
2026-02-08 02:58:25,035 [INFO] 📨 dparmeev@luminesfox.com: IDLE notification received
2026-02-08 03:00:10,061 [INFO] 📨 contact@jakeberrimor.com: IDLE notification received
2026-02-08 03:00:13,156 [INFO] 📨 a.parmeev@jakeberrimor.com: IDLE notification received
2026-02-08 03:00:13,273 [INFO] 📨 dparmeev@luminesfox.com: IDLE notification received
2026-02-08 03:00:17,159 [INFO] 📨 spam@jakeberrimor.com: IDLE notification received
2026-02-08 03:00:19,642 [INFO] 📨 contact@jakeberrimor.com: IDLE notification received
2026-02-08 03:00:20,158 [INFO] 📥 Queued: contact@jakeberrimor.com from dokploy@jakeberrimor.com (buffer: 1)
2026-02-08 03:00:27,175 [INFO] 📨 contact@luminesfox.com: IDLE notification received
2026-02-08 03:00:30,170 [INFO] ✅ Webhook sent: 1 event(s)
2026-02-08 03:02:09,302 [INFO] 📨 contact@jakeberrimor.com: IDLE notification received
2026-02-08 03:02:11,150 [INFO] 📨 dparmeev@luminesfox.com: IDLE notification received
2026-02-08 03:02:14,157 [INFO] 📨 contact@luminesfox.com: IDLE notification received
2026-02-08 03:02:14,165 [INFO] 📨 spam@jakeberrimor.com: IDLE notification received
2026-02-08 03:02:30,174 [INFO] 📨 a.parmeev@jakeberrimor.com: IDLE notification received
2026-02-08 03:04:09,247 [INFO] 📨 contact@luminesfox.com: IDLE notification received
2026-02-08 03:04:09,523 [INFO] 📨 dparmeev@luminesfox.com: IDLE notification received
2026-02-08 03:04:09,635 [INFO] 📨 contact@jakeberrimor.com: IDLE notification received
2026-02-08 03:04:15,340 [INFO] 📨 a.parmeev@jakeberrimor.com: IDLE notification received
2026-02-08 03:04:15,357 [INFO] 📨 spam@jakeberrimor.com: IDLE notification received
2026-02-08 03:06:09,977 [INFO] 📨 contact@jakeberrimor.com: IDLE notification received
2026-02-08 03:06:17,424 [INFO] 📨 contact@luminesfox.com: IDLE notification received
2026-02-08 03:06:18,441 [INFO] 📨 spam@jakeberrimor.com: IDLE notification received
2026-02-08 03:06:23,180 [INFO] 📨 dparmeev@luminesfox.com: IDLE notification received
2026-02-08 03:06:39,180 [INFO] 📨 a.parmeev@jakeberrimor.com: IDLE notification received
2026-02-08 03:08:09,321 [INFO] 📨 contact@jakeberrimor.com: IDLE notification received
2026-02-08 03:08:13,469 [INFO] 📨 dparmeev@luminesfox.com: IDLE notification received
2026-02-08 03:08:17,475 [INFO] 📨 contact@luminesfox.com: IDLE notification received
2026-02-08 03:08:18,492 [INFO] 📨 spam@jakeberrimor.com: IDLE notification received
2026-02-08 03:08:26,478 [INFO] 📨 a.parmeev@jakeberrimor.com: IDLE notification received
2026-02-08 03:10:09,643 [INFO] 📨 contact@jakeberrimor.com: IDLE notification received
2026-02-08 03:10:09,867 [INFO] 📨 dparmeev@luminesfox.com: IDLE notification received
2026-02-08 03:10:14,100 [INFO] 📨 contact@luminesfox.com: IDLE notification received
2026-02-08 03:10:18,184 [INFO] 📨 a.parmeev@jakeberrimor.com: IDLE notification received
2026-02-08 03:10:25,254 [INFO] 📨 spam@jakeberrimor.com: IDLE notification received
2026-02-08 03:12:09,552 [INFO] 📨 spam@jakeberrimor.com: IDLE notification received
2026-02-08 03:12:09,957 [INFO] 📨 contact@jakeberrimor.com: IDLE notification received
2026-02-08 03:12:13,447 [INFO] 📨 a.parmeev@jakeberrimor.com: IDLE notification received
2026-02-08 03:12:25,447 [INFO] 📨 dparmeev@luminesfox.com: IDLE notification received
2026-02-08 03:12:25,451 [INFO] 📨 contact@luminesfox.com: IDLE notification received
2026-02-08 03:14:09,308 [INFO] 📨 contact@jakeberrimor.com: IDLE notification received
2026-02-08 03:14:09,829 [INFO] 📨 dparmeev@luminesfox.com: IDLE notification received
2026-02-08 03:14:18,518 [INFO] 📨 contact@luminesfox.com: IDLE notification received
2026-02-08 03:14:18,523 [INFO] 📨 a.parmeev@jakeberrimor.com: IDLE notification received
2026-02-08 03:14:25,519 [INFO] 📨 spam@jakeberrimor.com: IDLE notification received
2026-02-08 03:16:09,594 [INFO] 📨 contact@jakeberrimor.com: IDLE notification received
2026-02-08 03:16:09,837 [INFO] 📨 spam@jakeberrimor.com: IDLE notification received
2026-02-08 03:16:09,844 [INFO] 📨 contact@luminesfox.com: IDLE notification received
2026-02-08 03:16:09,933 [INFO] 📨 a.parmeev@jakeberrimor.com: IDLE notification received
2026-02-08 03:16:22,083 [INFO] 📨 dparmeev@luminesfox.com: IDLE notification received
2026-02-08 03:18:09,290 [INFO] 📨 a.parmeev@jakeberrimor.com: IDLE notification received
2026-02-08 03:18:09,363 [INFO] 📨 spam@jakeberrimor.com: IDLE notification received
2026-02-08 03:18:09,458 [INFO] 📨 dparmeev@luminesfox.com: IDLE notification received
2026-02-08 03:18:09,907 [INFO] 📨 contact@jakeberrimor.com: IDLE notification received
2026-02-08 03:18:14,121 [INFO] 📨 contact@luminesfox.com: IDLE notification received
2026-02-08 03:33:09,519 [INFO] 🔄 a.parmeev@jakeberrimor.com: Periodic reconnect
2026-02-08 03:33:09,520 [ERROR] ❌ a.parmeev@jakeberrimor.com: Connection error: EOF occurred in violation of protocol (_ssl.c:2406)
2026-02-08 03:33:09,520 [INFO] 🔁 a.parmeev@jakeberrimor.com: Reconnecting in 5s...
2026-02-08 03:33:09,583 [INFO] 🔄 spam@jakeberrimor.com: Periodic reconnect
2026-02-08 03:33:09,583 [ERROR] ❌ spam@jakeberrimor.com: Connection error: EOF occurred in violation of protocol (_ssl.c:2406)
2026-02-08 03:33:09,583 [INFO] 🔁 spam@jakeberrimor.com: Reconnecting in 5s...
2026-02-08 03:33:09,727 [INFO] 🔄 dparmeev@luminesfox.com: Periodic reconnect
2026-02-08 03:33:09,727 [ERROR] ❌ dparmeev@luminesfox.com: Connection error: EOF occurred in violation of protocol (_ssl.c:2406)
2026-02-08 03:33:09,727 [INFO] 🔁 dparmeev@luminesfox.com: Reconnecting in 5s...
2026-02-08 03:33:10,147 [INFO] 🔄 contact@jakeberrimor.com: Periodic reconnect
2026-02-08 03:33:10,148 [ERROR] ❌ contact@jakeberrimor.com: Connection error: EOF occurred in violation of protocol (_ssl.c:2406)
2026-02-08 03:33:10,148 [INFO] 🔁 contact@jakeberrimor.com: Reconnecting in 5s...
2026-02-08 03:33:14,349 [INFO] 🔄 contact@luminesfox.com: Periodic reconnect
2026-02-08 03:33:14,350 [ERROR] ❌ contact@luminesfox.com: Connection error: EOF occurred in violation of protocol (_ssl.c:2406)
2026-02-08 03:33:14,350 [INFO] 🔁 contact@luminesfox.com: Reconnecting in 5s...
2026-02-08 03:33:14,520 [INFO] 🔌 Connecting to a.parmeev@jakeberrimor.com@mail.hosting.reg.ru...
2026-02-08 03:33:14,583 [INFO] 🔌 Connecting to spam@jakeberrimor.com@mail.hosting.reg.ru...
2026-02-08 03:33:14,727 [INFO] 🔌 Connecting to dparmeev@luminesfox.com@mail.hosting.reg.ru...
2026-02-08 03:33:15,121 [INFO] 📬 a.parmeev@jakeberrimor.com: Starting from UID 16
2026-02-08 03:33:15,148 [INFO] 🔌 Connecting to contact@jakeberrimor.com@mail.hosting.reg.ru...
2026-02-08 03:33:15,166 [INFO] ✅ a.parmeev@jakeberrimor.com: IDLE monitoring active
2026-02-08 03:33:15,956 [INFO] 📬 contact@jakeberrimor.com: Starting from UID 424
2026-02-08 03:33:16,002 [INFO] ✅ contact@jakeberrimor.com: IDLE monitoring active
2026-02-08 03:33:19,350 [INFO] 🔌 Connecting to contact@luminesfox.com@mail.hosting.reg.ru...
2026-02-08 03:33:19,953 [INFO] 📬 contact@luminesfox.com: Starting from UID 72
2026-02-08 03:33:20,000 [INFO] ✅ contact@luminesfox.com: IDLE monitoring active
2026-02-08 03:33:34,716 [INFO] 📬 dparmeev@luminesfox.com: Starting from UID 2376
2026-02-08 03:33:38,287 [INFO] ✅ dparmeev@luminesfox.com: IDLE monitoring active
2026-02-08 03:34:01,447 [INFO] 📬 spam@jakeberrimor.com: Starting from UID 489
2026-02-08 03:34:01,501 [INFO] ✅ spam@jakeberrimor.com: IDLE monitoring active
2026-02-08 03:34:09,182 [INFO] 📨 a.parmeev@jakeberrimor.com: IDLE notification received
2026-02-08 03:34:10,035 [INFO] 📨 contact@jakeberrimor.com: IDLE notification received
2026-02-08 03:34:10,051 [INFO] 📨 contact@luminesfox.com: IDLE notification received
2026-02-08 03:34:10,397 [INFO] 📨 dparmeev@luminesfox.com: IDLE notification received
2026-02-08 03:34:35,196 [INFO] 📨 spam@jakeberrimor.com: IDLE notification received
2026-02-08 03:36:09,362 [INFO] 📨 contact@jakeberrimor.com: IDLE notification received
2026-02-08 03:36:09,370 [INFO] 📨 contact@luminesfox.com: IDLE notification received
2026-02-08 03:36:16,127 [INFO] 📨 dparmeev@luminesfox.com: IDLE notification received
2026-02-08 03:36:16,128 [INFO] 📨 spam@jakeberrimor.com: IDLE notification received
2026-02-08 03:36:16,148 [INFO] 📨 a.parmeev@jakeberrimor.com: IDLE notification received
2026-02-08 03:38:09,448 [INFO] 📨 a.parmeev@jakeberrimor.com: IDLE notification received
2026-02-08 03:38:09,691 [INFO] 📨 contact@jakeberrimor.com: IDLE notification received
2026-02-08 03:38:09,709 [INFO] 📨 contact@luminesfox.com: IDLE notification received
2026-02-08 03:38:12,026 [INFO] 📨 dparmeev@luminesfox.com: IDLE notification received
2026-02-08 03:38:20,356 [INFO] 📨 spam@jakeberrimor.com: IDLE notification received
2026-02-08 03:40:09,756 [INFO] 📨 a.parmeev@jakeberrimor.com: IDLE notification received
2026-02-08 03:40:10,003 [INFO] 📨 contact@jakeberrimor.com: IDLE notification received
2026-02-08 03:40:10,333 [INFO] 📨 dparmeev@luminesfox.com: IDLE notification received
2026-02-08 03:40:12,901 [INFO] 📨 spam@jakeberrimor.com: IDLE notification received
2026-02-08 03:40:20,218 [INFO] 📨 contact@luminesfox.com: IDLE notification received
2026-02-08 03:42:09,246 [INFO] 📨 spam@jakeberrimor.com: IDLE notification received
2026-02-08 03:42:09,351 [INFO] 📨 contact@jakeberrimor.com: IDLE notification received
2026-02-08 03:42:09,541 [INFO] 📨 contact@luminesfox.com: IDLE notification received
2026-02-08 03:42:11,442 [INFO] 📨 dparmeev@luminesfox.com: IDLE notification received
2026-02-08 03:42:13,295 [INFO] 📨 a.parmeev@jakeberrimor.com: IDLE notification received
2026-02-08 03:44:09,606 [INFO] 📨 a.parmeev@jakeberrimor.com: IDLE notification received
2026-02-08 03:44:09,671 [INFO] 📨 contact@jakeberrimor.com: IDLE notification received
2026-02-08 03:44:09,848 [INFO] 📨 dparmeev@luminesfox.com: IDLE notification received
2026-02-08 03:44:09,872 [INFO] 📨 contact@luminesfox.com: IDLE notification received
2026-02-08 03:44:14,406 [INFO] 📨 spam@jakeberrimor.com: IDLE notification received
2026-02-08 03:46:09,987 [INFO] 📨 contact@jakeberrimor.com: IDLE notification received
2026-02-08 03:46:11,976 [INFO] 📨 dparmeev@luminesfox.com: IDLE notification received
2026-02-08 03:46:17,100 [INFO] 📨 a.parmeev@jakeberrimor.com: IDLE notification received
2026-02-08 03:46:21,103 [INFO] 📨 contact@luminesfox.com: IDLE notification received
2026-02-08 03:46:31,146 [INFO] 📨 spam@jakeberrimor.com: IDLE notification received
2026-02-08 03:48:09,238 [INFO] 📨 contact@jakeberrimor.com: IDLE notification received
2026-02-08 03:48:09,424 [INFO] 📨 a.parmeev@jakeberrimor.com: IDLE notification received
2026-02-08 03:48:10,498 [INFO] 📨 spam@jakeberrimor.com: IDLE notification received
2026-02-08 03:48:13,499 [INFO] 📨 contact@luminesfox.com: IDLE notification received
2026-02-08 03:48:24,535 [INFO] 📨 dparmeev@luminesfox.com: IDLE notification received
